date,product,quantity,category,cost_price,selling_price
2021-05-01,Cooking Oil 1L,35,Pantry,60.00,75.00
2021-05-01,Bear Brand Powdered Milk 320g,17,Dairy,70.00,90.00
2021-05-01,Alaska Evap Milk 370ml,3,Dairy,32.00,42.00
2021-05-01,Ligo Sardines 155g,3,Canned Goods,18.00,25.00
2021-05-01,Sunsilk Shampoo Sachet,0,Body Care,5.00,8.00
2021-05-01,Biogesic 500mg Tablet,0,Medicine,4.00,7.00
2021-05-01,AA Batteries (pair),0,Household,35.00,55.00
2021-05-01,Sewing Needle Pack,0,Household,12.00,25.00
2021-05-02,Cooking Oil 1L,33,Pantry,60.00,75.00
2021-05-02,Bear Brand Powdered Milk 320g,13,Dairy,70.00,90.00
2021-05-02,Alaska Evap Milk 370ml,4,Dairy,32.00,42.00
2021-05-02,Ligo Sardines 155g,3,Canned Goods,18.00,25.00
2021-05-02,Sunsilk Shampoo Sachet,0,Body Care,5.00,8.00
2021-05-02,Biogesic 500mg Tablet,0,Medicine,4.00,7.00
2021-05-02,AA Batteries (pair),0,Household,35.00,55.00
2021-05-02,Sewing Needle Pack,0,Household,12.00,25.00
2021-05-03,Cooking Oil 1L,35,Pantry,60.00,75.00
2021-05-03,Bear Brand Powdered Milk 320g,16,Dairy,70.00,90.00
2021-05-03,Alaska Evap Milk 370ml,3,Dairy,32.00,42.00
2021-05-03,Ligo Sardines 155g,0,Canned Goods,18.00,25.00
2021-05-03,Sunsilk Shampoo Sachet,0,Body Care,5.00,8.00
2021-05-03,Biogesic 500mg Tablet,1,Medicine,4.00,7.00
2021-05-03,AA Batteries (pair),0,Household,35.00,55.00
2021-05-03,Sewing Needle Pack,1,Household,12.00,25.00
2021-05-04,Cooking Oil 1L,26,Pantry,60.00,75.00
2021-05-04,Bear Brand Powdered Milk 320g,11,Dairy,70.00,90.00
2021-05-04,Alaska Evap Milk 370ml,5,Dairy,32.00,42.00
2021-05-04,Ligo Sardines 155g,5,Canned Goods,18.00,25.00
2021-05-04,Sunsilk Shampoo Sachet,3,Body Care,5.00,8.00
2021-05-04,Biogesic 500mg Tablet,0,Medicine,4.00,7.00
2021-05-04,AA Batteries (pair),0,Household,35.00,55.00
2021-05-04,Sewing Needle Pack,0,Household,12.00,25.00
2021-05-05,Cooking Oil 1L,38,Pantry,60.00,75.00
2021-05-05,Bear Brand Powdered Milk 320g,5,Dairy,70.00,90.00
2021-05-05,Alaska Evap Milk 370ml,3,Dairy,32.00,42.00
2021-05-05,Ligo Sardines 155g,1,Canned Goods,18.00,25.00
2021-05-05,Sunsilk Shampoo Sachet,0,Body Care,5.00,8.00
2021-05-05,Biogesic 500mg Tablet,0,Medicine,4.00,7.00
2021-05-05,AA Batteries (pair),1,Household,35.00,55.00
2021-05-05,Sewing Needle Pack,0,Household,12.00,25.00
2021-05-06,Cooking Oil 1L,21,Pantry,60.00,75.00
2021-05-06,Bear Brand Powdered Milk 320g,12,Dairy,70.00,90.00
2021-05-06,Alaska Evap Milk 370ml,3,Dairy,32.00,42.00
2021-05-06,Ligo Sardines 155g,9,Canned Goods,18.00,25.00
2021-05-06,Sunsilk Shampoo Sachet,0,Body Care,5.00,8.00
2021-05-06,Biogesic 500mg Tablet,0,Medicine,4.00,7.00
2021-05-06,AA Batteries (pair),0,Household,35.00,55.00
2021-05-06,Sewing Needle Pack,0,Household,12.00,25.00
2021-05-07,Cooking Oil 1L,33,Pantry,60.00,75.00
2021-05-07,Bear Brand Powdered Milk 320g,11,Dairy,70.00,90.00
2021-05-07,Alaska Evap Milk 370ml,3,Dairy,32.00,42.00
2021-05-07,Ligo Sardines 155g,4,Canned Goods,18.00,25.00
2021-05-07,Sunsilk Shampoo Sachet,0,Body Care,5.00,8.00
2021-05-07,Biogesic 500mg Tablet,0,Medicine,4.00,7.00
2021-05-07,AA Batteries (pair),0,Household,35.00,55.00
2021-05-07,Sewing Needle Pack,0,Household,12.00,25.00
2021-05-08,Cooking Oil 1L,36,Pantry,60.00,75.00
2021-05-08,Bear Brand Powdered Milk 320g,13,Dairy,70.00,90.00
2021-05-08,Alaska Evap Milk 370ml,3,Dairy,32.00,42.00
2021-05-08,Ligo Sardines 155g,3,Canned Goods,18.00,25.00
2021-05-08,Sunsilk Shampoo Sachet,1,Body Care,5.00,8.00
2021-05-08,Biogesic 500mg Tablet,1,Medicine,4.00,7.00
2021-05-08,AA Batteries (pair),0,Household,35.00,55.00
2021-05-08,Sewing Needle Pack,0,Household,12.00,25.00
2021-05-09,Cooking Oil 1L,27,Pantry,60.00,75.00
2021-05-09,Bear Brand Powdered Milk 320g,9,Dairy,70.00,90.00
2021-05-09,Alaska Evap Milk 370ml,4,Dairy,32.00,42.00
2021-05-09,Ligo Sardines 155g,4,Canned Goods,18.00,25.00
2021-05-09,Sunsilk Shampoo Sachet,1,Body Care,5.00,8.00
2021-05-09,Biogesic 500mg Tablet,0,Medicine,4.00,7.00
2021-05-09,AA Batteries (pair),0,Household,35.00,55.00
2021-05-09,Sewing Needle Pack,0,Household,12.00,25.00
2021-05-10,Cooking Oil 1L,30,Pantry,60.00,75.00
2021-05-10,Bear Brand Powdered Milk 320g,17,Dairy,70.00,90.00
2021-05-10,Alaska Evap Milk 370ml,5,Dairy,32.00,42.00
2021-05-10,Ligo Sardines 155g,2,Canned Goods,18.00,25.00
2021-05-10,Sunsilk Shampoo Sachet,0,Body Care,5.00,8.00
2021-05-10,Biogesic 500mg Tablet,0,Medicine,4.00,7.00
2021-05-10,AA Batteries (pair),0,Household,35.00,55.00
2021-05-10,Sewing Needle Pack,0,Household,12.00,25.00
2021-05-11,Cooking Oil 1L,39,Pantry,60.00,75.00
2021-05-11,Bear Brand Powdered Milk 320g,12,Dairy,70.00,90.00
2021-05-11,Alaska Evap Milk 370ml,1,Dairy,32.00,42.00
2021-05-11,Ligo Sardines 155g,3,Canned Goods,18.00,25.00
2021-05-11,Sunsilk Shampoo Sachet,0,Body Care,5.00,8.00
2021-05-11,Biogesic 500mg Tablet,0,Medicine,4.00,7.00
2021-05-11,AA Batteries (pair),0,Household,35.00,55.00
2021-05-11,Sewing Needle Pack,0,Household,12.00,25.00
2021-05-12,Cooking Oil 1L,32,Pantry,60.00,75.00
2021-05-12,Bear Brand Powdered Milk 320g,5,Dairy,70.00,90.00
2021-05-12,Alaska Evap Milk 370ml,4,Dairy,32.00,42.00
2021-05-12,Ligo Sardines 155g,1,Canned Goods,18.00,25.00
2021-05-12,Sunsilk Shampoo Sachet,0,Body Care,5.00,8.00
2021-05-12,Biogesic 500mg Tablet,1,Medicine,4.00,7.00
2021-05-12,AA Batteries (pair),0,Household,35.00,55.00
2021-05-12,Sewing Needle Pack,0,Household,12.00,25.00
2021-05-13,Cooking Oil 1L,46,Pantry,60.00,75.00
2021-05-13,Bear Brand Powdered Milk 320g,9,Dairy,70.00,90.00
2021-05-13,Alaska Evap Milk 370ml,4,Dairy,32.00,42.00
2021-05-13,Ligo Sardines 155g,1,Canned Goods,18.00,25.00
2021-05-13,Sunsilk Shampoo Sachet,1,Body Care,5.00,8.00
2021-05-13,Biogesic 500mg Tablet,0,Medicine,4.00,7.00
2021-05-13,AA Batteries (pair),0,Household,35.00,55.00
2021-05-13,Sewing Needle Pack,0,Household,12.00,25.00
2021-05-14,Cooking Oil 1L,27,Pantry,60.00,75.00
2021-05-14,Bear Brand Powdered Milk 320g,10,Dairy,70.00,90.00
2021-05-14,Alaska Evap Milk 370ml,7,Dairy,32.00,42.00
2021-05-14,Ligo Sardines 155g,4,Canned Goods,18.00,25.00
2021-05-14,Sunsilk Shampoo Sachet,2,Body Care,5.00,8.00
2021-05-14,Biogesic 500mg Tablet,1,Medicine,4.00,7.00
2021-05-14,AA Batteries (pair),0,Household,35.00,55.00
2021-05-14,Sewing Needle Pack,0,Household,12.00,25.00
2021-05-15,Cooking Oil 1L,29,Pantry,60.00,75.00
2021-05-15,Bear Brand Powdered Milk 320g,24,Dairy,70.00,90.00
2021-05-15,Alaska Evap Milk 370ml,0,Dairy,32.00,42.00
2021-05-15,Ligo Sardines 155g,2,Canned Goods,18.00,25.00
2021-05-15,Sunsilk Shampoo Sachet,0,Body Care,5.00,8.00
2021-05-15,Biogesic 500mg Tablet,0,Medicine,4.00,7.00
2021-05-15,AA Batteries (pair),0,Household,35.00,55.00
2021-05-15,Sewing Needle Pack,0,Household,12.00,25.00
2021-05-16,Cooking Oil 1L,29,Pantry,60.00,75.00
2021-05-16,Bear Brand Powdered Milk 320g,15,Dairy,70.00,90.00
2021-05-16,Alaska Evap Milk 370ml,4,Dairy,32.00,42.00
2021-05-16,Ligo Sardines 155g,1,Canned Goods,18.00,25.00
2021-05-16,Sunsilk Shampoo Sachet,2,Body Care,5.00,8.00
2021-05-16,Biogesic 500mg Tablet,0,Medicine,4.00,7.00
2021-05-16,AA Batteries (pair),0,Household,35.00,55.00
2021-05-16,Sewing Needle Pack,0,Household,12.00,25.00
2021-05-17,Cooking Oil 1L,16,Pantry,60.00,75.00
2021-05-17,Bear Brand Powdered Milk 320g,15,Dairy,70.00,90.00
2021-05-17,Alaska Evap Milk 370ml,4,Dairy,32.00,42.00
2021-05-17,Ligo Sardines 155g,1,Canned Goods,18.00,25.00
2021-05-17,Sunsilk Shampoo Sachet,0,Body Care,5.00,8.00
2021-05-17,Biogesic 500mg Tablet,1,Medicine,4.00,7.00
2021-05-17,AA Batteries (pair),0,Household,35.00,55.00
2021-05-17,Sewing Needle Pack,0,Household,12.00,25.00
2021-05-18,Cooking Oil 1L,37,Pantry,60.00,75.00
2021-05-18,Bear Brand Powdered Milk 320g,12,Dairy,70.00,90.00
2021-05-18,Alaska Evap Milk 370ml,5,Dairy,32.00,42.00
2021-05-18,Ligo Sardines 155g,4,Canned Goods,18.00,25.00
2021-05-18,Sunsilk Shampoo Sachet,1,Body Care,5.00,8.00
2021-05-18,Biogesic 500mg Tablet,1,Medicine,4.00,7.00
2021-05-18,AA Batteries (pair),0,Household,35.00,55.00
2021-05-18,Sewing Needle Pack,1,Household,12.00,25.00
2021-05-19,Cooking Oil 1L,17,Pantry,60.00,75.00
2021-05-19,Bear Brand Powdered Milk 320g,12,Dairy,70.00,90.00
2021-05-19,Alaska Evap Milk 370ml,3,Dairy,32.00,42.00
2021-05-19,Ligo Sardines 155g,2,Canned Goods,18.00,25.00
2021-05-19,Sunsilk Shampoo Sachet,2,Body Care,5.00,8.00
2021-05-19,Biogesic 500mg Tablet,0,Medicine,4.00,7.00
2021-05-19,AA Batteries (pair),0,Household,35.00,55.00
2021-05-19,Sewing Needle Pack,0,Household,12.00,25.00
2021-05-20,Cooking Oil 1L,28,Pantry,60.00,75.00
2021-05-20,Bear Brand Powdered Milk 320g,16,Dairy,70.00,90.00
2021-05-20,Alaska Evap Milk 370ml,4,Dairy,32.00,42.00
2021-05-20,Ligo Sardines 155g,2,Canned Goods,18.00,25.00
2021-05-20,Sunsilk Shampoo Sachet,1,Body Care,5.00,8.00
2021-05-20,Biogesic 500mg Tablet,2,Medicine,4.00,7.00
2021-05-20,AA Batteries (pair),0,Household,35.00,55.00
2021-05-20,Sewing Needle Pack,0,Household,12.00,25.00
2021-05-21,Cooking Oil 1L,35,Pantry,60.00,75.00
2021-05-21,Bear Brand Powdered Milk 320g,18,Dairy,70.00,90.00
2021-05-21,Alaska Evap Milk 370ml,7,Dairy,32.00,42.00
2021-05-21,Ligo Sardines 155g,2,Canned Goods,18.00,25.00
2021-05-21,Sunsilk Shampoo Sachet,1,Body Care,5.00,8.00
2021-05-21,Biogesic 500mg Tablet,3,Medicine,4.00,7.00
2021-05-21,AA Batteries (pair),0,Household,35.00,55.00
2021-05-21,Sewing Needle Pack,0,Household,12.00,25.00
2021-05-22,Cooking Oil 1L,52,Pantry,60.00,75.00
2021-05-22,Bear Brand Powdered Milk 320g,26,Dairy,70.00,90.00
2021-05-22,Alaska Evap Milk 370ml,9,Dairy,32.00,42.00
2021-05-22,Ligo Sardines 155g,2,Canned Goods,18.00,25.00
2021-05-22,Sunsilk Shampoo Sachet,1,Body Care,5.00,8.00
2021-05-22,Biogesic 500mg Tablet,1,Medicine,4.00,7.00
2021-05-22,AA Batteries (pair),0,Household,35.00,55.00
2021-05-22,Sewing Needle Pack,0,Household,12.00,25.00
2021-05-23,Cooking Oil 1L,25,Pantry,60.00,75.00
2021-05-23,Bear Brand Powdered Milk 320g,20,Dairy,70.00,90.00
2021-05-23,Alaska Evap Milk 370ml,2,Dairy,32.00,42.00
2021-05-23,Ligo Sardines 155g,1,Canned Goods,18.00,25.00
2021-05-23,Sunsilk Shampoo Sachet,0,Body Care,5.00,8.00
2021-05-23,Biogesic 500mg Tablet,0,Medicine,4.00,7.00
2021-05-23,AA Batteries (pair),1,Household,35.00,55.00
2021-05-23,Sewing Needle Pack,0,Household,12.00,25.00
2021-05-24,Cooking Oil 1L,24,Pantry,60.00,75.00
2021-05-24,Bear Brand Powdered Milk 320g,20,Dairy,70.00,90.00
2021-05-24,Alaska Evap Milk 370ml,6,Dairy,32.00,42.00
2021-05-24,Ligo Sardines 155g,0,Canned Goods,18.00,25.00
2021-05-24,Sunsilk Shampoo Sachet,0,Body Care,5.00,8.00
2021-05-24,Biogesic 500mg Tablet,1,Medicine,4.00,7.00
2021-05-24,AA Batteries (pair),1,Household,35.00,55.00
2021-05-24,Sewing Needle Pack,0,Household,12.00,25.00
2021-05-25,Cooking Oil 1L,19,Pantry,60.00,75.00
2021-05-25,Bear Brand Powdered Milk 320g,11,Dairy,70.00,90.00
2021-05-25,Alaska Evap Milk 370ml,3,Dairy,32.00,42.00
2021-05-25,Ligo Sardines 155g,1,Canned Goods,18.00,25.00
2021-05-25,Sunsilk Shampoo Sachet,0,Body Care,5.00,8.00
2021-05-25,Biogesic 500mg Tablet,0,Medicine,4.00,7.00
2021-05-25,AA Batteries (pair),0,Household,35.00,55.00
2021-05-25,Sewing Needle Pack,0,Household,12.00,25.00
2021-05-26,Cooking Oil 1L,16,Pantry,60.00,75.00
2021-05-26,Bear Brand Powdered Milk 320g,19,Dairy,70.00,90.00
2021-05-26,Alaska Evap Milk 370ml,5,Dairy,32.00,42.00
2021-05-26,Ligo Sardines 155g,1,Canned Goods,18.00,25.00
2021-05-26,Sunsilk Shampoo Sachet,1,Body Care,5.00,8.00
2021-05-26,Biogesic 500mg Tablet,0,Medicine,4.00,7.00
2021-05-26,AA Batteries (pair),0,Household,35.00,55.00
2021-05-26,Sewing Needle Pack,0,Household,12.00,25.00
2021-05-27,Cooking Oil 1L,38,Pantry,60.00,75.00
2021-05-27,Bear Brand Powdered Milk 320g,20,Dairy,70.00,90.00
2021-05-27,Alaska Evap Milk 370ml,8,Dairy,32.00,42.00
2021-05-27,Ligo Sardines 155g,1,Canned Goods,18.00,25.00
2021-05-27,Sunsilk Shampoo Sachet,1,Body Care,5.00,8.00
2021-05-27,Biogesic 500mg Tablet,1,Medicine,4.00,7.00
2021-05-27,AA Batteries (pair),0,Household,35.00,55.00
2021-05-27,Sewing Needle Pack,1,Household,12.00,25.00
2021-05-28,Cooking Oil 1L,36,Pantry,60.00,75.00
2021-05-28,Bear Brand Powdered Milk 320g,11,Dairy,70.00,90.00
2021-05-28,Alaska Evap Milk 370ml,6,Dairy,32.00,42.00
2021-05-28,Ligo Sardines 155g,4,Canned Goods,18.00,25.00
2021-05-28,Sunsilk Shampoo Sachet,0,Body Care,5.00,8.00
2021-05-28,Biogesic 500mg Tablet,0,Medicine,4.00,7.00
2021-05-28,AA Batteries (pair),1,Household,35.00,55.00
2021-05-28,Sewing Needle Pack,0,Household,12.00,25.00
2021-05-29,Cooking Oil 1L,80,Pantry,60.00,75.00
2021-05-29,Bear Brand Powdered Milk 320g,24,Dairy,70.00,90.00
2021-05-29,Alaska Evap Milk 370ml,7,Dairy,32.00,42.00
2021-05-29,Ligo Sardines 155g,6,Canned Goods,18.00,25.00
2021-05-29,Sunsilk Shampoo Sachet,0,Body Care,5.00,8.00
2021-05-29,Biogesic 500mg Tablet,1,Medicine,4.00,7.00
2021-05-29,AA Batteries (pair),0,Household,35.00,55.00
2021-05-29,Sewing Needle Pack,0,Household,12.00,25.00
2021-05-30,Cooking Oil 1L,49,Pantry,60.00,75.00
2021-05-30,Bear Brand Powdered Milk 320g,17,Dairy,70.00,90.00
2021-05-30,Alaska Evap Milk 370ml,6,Dairy,32.00,42.00
2021-05-30,Ligo Sardines 155g,5,Canned Goods,18.00,25.00
2021-05-30,Sunsilk Shampoo Sachet,1,Body Care,5.00,8.00
2021-05-30,Biogesic 500mg Tablet,1,Medicine,4.00,7.00
2021-05-30,AA Batteries (pair),0,Household,35.00,55.00
2021-05-30,Sewing Needle Pack,0,Household,12.00,25.00
2021-05-31,Cooking Oil 1L,48,Pantry,60.00,75.00
2021-05-31,Bear Brand Powdered Milk 320g,16,Dairy,70.00,90.00
2021-05-31,Alaska Evap Milk 370ml,5,Dairy,32.00,42.00
2021-05-31,Ligo Sardines 155g,4,Canned Goods,18.00,25.00
2021-05-31,Sunsilk Shampoo Sachet,0,Body Care,5.00,8.00
2021-05-31,Biogesic 500mg Tablet,1,Medicine,4.00,7.00
2021-05-31,AA Batteries (pair),0,Household,35.00,55.00
2021-05-31,Sewing Needle Pack,0,Household,12.00,25.00
2021-06-01,Cooking Oil 1L,28,Pantry,60.00,75.00
2021-06-01,Bear Brand Powdered Milk 320g,14,Dairy,70.00,90.00
2021-06-01,Alaska Evap Milk 370ml,7,Dairy,32.00,42.00
2021-06-01,Ligo Sardines 155g,0,Canned Goods,18.00,25.00
2021-06-01,Sunsilk Shampoo Sachet,1,Body Care,5.00,8.00
2021-06-01,Biogesic 500mg Tablet,1,Medicine,4.00,7.00
2021-06-01,AA Batteries (pair),0,Household,35.00,55.00
2021-06-01,Sewing Needle Pack,0,Household,12.00,25.00
2021-06-02,Cooking Oil 1L,29,Pantry,60.00,75.00
2021-06-02,Bear Brand Powdered Milk 320g,20,Dairy,70.00,90.00
2021-06-02,Alaska Evap Milk 370ml,3,Dairy,32.00,42.00
2021-06-02,Ligo Sardines 155g,1,Canned Goods,18.00,25.00
2021-06-02,Sunsilk Shampoo Sachet,1,Body Care,5.00,8.00
2021-06-02,Biogesic 500mg Tablet,0,Medicine,4.00,7.00
2021-06-02,AA Batteries (pair),0,Household,35.00,55.00
2021-06-02,Sewing Needle Pack,0,Household,12.00,25.00
2021-06-03,Cooking Oil 1L,16,Pantry,60.00,75.00
2021-06-03,Bear Brand Powdered Milk 320g,12,Dairy,70.00,90.00
2021-06-03,Alaska Evap Milk 370ml,1,Dairy,32.00,42.00
2021-06-03,Ligo Sardines 155g,3,Canned Goods,18.00,25.00
2021-06-03,Sunsilk Shampoo Sachet,0,Body Care,5.00,8.00
2021-06-03,Biogesic 500mg Tablet,1,Medicine,4.00,7.00
2021-06-03,AA Batteries (pair),1,Household,35.00,55.00
2021-06-03,Sewing Needle Pack,0,Household,12.00,25.00
2021-06-04,Cooking Oil 1L,33,Pantry,60.00,75.00
2021-06-04,Bear Brand Powdered Milk 320g,14,Dairy,70.00,90.00
2021-06-04,Alaska Evap Milk 370ml,7,Dairy,32.00,42.00
2021-06-04,Ligo Sardines 155g,3,Canned Goods,18.00,25.00
2021-06-04,Sunsilk Shampoo Sachet,1,Body Care,5.00,8.00
2021-06-04,Biogesic 500mg Tablet,2,Medicine,4.00,7.00
2021-06-04,AA Batteries (pair),0,Household,35.00,55.00
2021-06-04,Sewing Needle Pack,0,Household,12.00,25.00
2021-06-05,Cooking Oil 1L,35,Pantry,60.00,75.00
2021-06-05,Bear Brand Powdered Milk 320g,18,Dairy,70.00,90.00
2021-06-05,Alaska Evap Milk 370ml,1,Dairy,32.00,42.00
2021-06-05,Ligo Sardines 155g,5,Canned Goods,18.00,25.00
2021-06-05,Sunsilk Shampoo Sachet,1,Body Care,5.00,8.00
2021-06-05,Biogesic 500mg Tablet,0,Medicine,4.00,7.00
2021-06-05,AA Batteries (pair),1,Household,35.00,55.00
2021-06-05,Sewing Needle Pack,0,Household,12.00,25.00
2021-06-06,Cooking Oil 1L,29,Pantry,60.00,75.00
2021-06-06,Bear Brand Powdered Milk 320g,11,Dairy,70.00,90.00
2021-06-06,Alaska Evap Milk 370ml,2,Dairy,32.00,42.00
2021-06-06,Ligo Sardines 155g,1,Canned Goods,18.00,25.00
2021-06-06,Sunsilk Shampoo Sachet,1,Body Care,5.00,8.00
2021-06-06,Biogesic 500mg Tablet,0,Medicine,4.00,7.00
2021-06-06,AA Batteries (pair),1,Household,35.00,55.00
2021-06-06,Sewing Needle Pack,1,Household,12.00,25.00
2021-06-07,Cooking Oil 1L,23,Pantry,60.00,75.00
2021-06-07,Bear Brand Powdered Milk 320g,7,Dairy,70.00,90.00
2021-06-07,Alaska Evap Milk 370ml,8,Dairy,32.00,42.00
2021-06-07,Ligo Sardines 155g,2,Canned Goods,18.00,25.00
2021-06-07,Sunsilk Shampoo Sachet,1,Body Care,5.00,8.00
2021-06-07,Biogesic 500mg Tablet,0,Medicine,4.00,7.00
2021-06-07,AA Batteries (pair),0,Household,35.00,55.00
2021-06-07,Sewing Needle Pack,0,Household,12.00,25.00
2021-06-08,Cooking Oil 1L,29,Pantry,60.00,75.00
2021-06-08,Bear Brand Powdered Milk 320g,11,Dairy,70.00,90.00
2021-06-08,Alaska Evap Milk 370ml,2,Dairy,32.00,42.00
2021-06-08,Ligo Sardines 155g,3,Canned Goods,18.00,25.00
2021-06-08,Sunsilk Shampoo Sachet,1,Body Care,5.00,8.00
2021-06-08,Biogesic 500mg Tablet,0,Medicine,4.00,7.00
2021-06-08,AA Batteries (pair),0,Household,35.00,55.00
2021-06-08,Sewing Needle Pack,1,Household,12.00,25.00
2021-06-09,Cooking Oil 1L,36,Pantry,60.00,75.00
2021-06-09,Bear Brand Powdered Milk 320g,11,Dairy,70.00,90.00
2021-06-09,Alaska Evap Milk 370ml,2,Dairy,32.00,42.00
2021-06-09,Ligo Sardines 155g,1,Canned Goods,18.00,25.00
2021-06-09,Sunsilk Shampoo Sachet,0,Body Care,5.00,8.00
2021-06-09,Biogesic 500mg Tablet,0,Medicine,4.00,7.00
2021-06-09,AA Batteries (pair),0,Household,35.00,55.00
2021-06-09,Sewing Needle Pack,0,Household,12.00,25.00
2021-06-10,Cooking Oil 1L,20,Pantry,60.00,75.00
2021-06-10,Bear Brand Powdered Milk 320g,25,Dairy,70.00,90.00
2021-06-10,Alaska Evap Milk 370ml,10,Dairy,32.00,42.00
2021-06-10,Ligo Sardines 155g,1,Canned Goods,18.00,25.00
2021-06-10,Sunsilk Shampoo Sachet,2,Body Care,5.00,8.00
2021-06-10,Biogesic 500mg Tablet,0,Medicine,4.00,7.00
2021-06-10,AA Batteries (pair),2,Household,35.00,55.00
2021-06-10,Sewing Needle Pack,0,Household,12.00,25.00
2021-06-11,Cooking Oil 1L,27,Pantry,60.00,75.00
2021-06-11,Bear Brand Powdered Milk 320g,16,Dairy,70.00,90.00
2021-06-11,Alaska Evap Milk 370ml,7,Dairy,32.00,42.00
2021-06-11,Ligo Sardines 155g,2,Canned Goods,18.00,25.00
2021-06-11,Sunsilk Shampoo Sachet,0,Body Care,5.00,8.00
2021-06-11,Biogesic 500mg Tablet,1,Medicine,4.00,7.00
2021-06-11,AA Batteries (pair),0,Household,35.00,55.00
2021-06-11,Sewing Needle Pack,0,Household,12.00,25.00
2021-06-12,Cooking Oil 1L,29,Pantry,60.00,75.00
2021-06-12,Bear Brand Powdered Milk 320g,20,Dairy,70.00,90.00
2021-06-12,Alaska Evap Milk 370ml,5,Dairy,32.00,42.00
2021-06-12,Ligo Sardines 155g,5,Canned Goods,18.00,25.00
2021-06-12,Sunsilk Shampoo Sachet,2,Body Care,5.00,8.00
2021-06-12,Biogesic 500mg Tablet,0,Medicine,4.00,7.00
2021-06-12,AA Batteries (pair),0,Household,35.00,55.00
2021-06-12,Sewing Needle Pack,0,Household,12.00,25.00
2021-06-13,Cooking Oil 1L,32,Pantry,60.00,75.00
2021-06-13,Bear Brand Powdered Milk 320g,13,Dairy,70.00,90.00
2021-06-13,Alaska Evap Milk 370ml,4,Dairy,32.00,42.00
2021-06-13,Ligo Sardines 155g,2,Canned Goods,18.00,25.00
2021-06-13,Sunsilk Shampoo Sachet,2,Body Care,5.00,8.00
2021-06-13,Biogesic 500mg Tablet,1,Medicine,4.00,7.00
2021-06-13,AA Batteries (pair),0,Household,35.00,55.00
2021-06-13,Sewing Needle Pack,0,Household,12.00,25.00
2021-06-14,Cooking Oil 1L,22,Pantry,60.00,75.00
2021-06-14,Bear Brand Powdered Milk 320g,11,Dairy,70.00,90.00
2021-06-14,Alaska Evap Milk 370ml,1,Dairy,32.00,42.00
2021-06-14,Ligo Sardines 155g,3,Canned Goods,18.00,25.00
2021-06-14,Sunsilk Shampoo Sachet,0,Body Care,5.00,8.00
2021-06-14,Biogesic 500mg Tablet,0,Medicine,4.00,7.00
2021-06-14,AA Batteries (pair),0,Household,35.00,55.00
2021-06-14,Sewing Needle Pack,0,Household,12.00,25.00
2021-06-15,Cooking Oil 1L,24,Pantry,60.00,75.00
2021-06-15,Bear Brand Powdered Milk 320g,15,Dairy,70.00,90.00
2021-06-15,Alaska Evap Milk 370ml,8,Dairy,32.00,42.00
2021-06-15,Ligo Sardines 155g,0,Canned Goods,18.00,25.00
2021-06-15,Sunsilk Shampoo Sachet,1,Body Care,5.00,8.00
2021-06-15,Biogesic 500mg Tablet,0,Medicine,4.00,7.00
2021-06-15,AA Batteries (pair),0,Household,35.00,55.00
2021-06-15,Sewing Needle Pack,0,Household,12.00,25.00
2021-06-16,Cooking Oil 1L,18,Pantry,60.00,75.00
2021-06-16,Bear Brand Powdered Milk 320g,12,Dairy,70.00,90.00
2021-06-16,Alaska Evap Milk 370ml,2,Dairy,32.00,42.00
2021-06-16,Ligo Sardines 155g,3,Canned Goods,18.00,25.00
2021-06-16,Sunsilk Shampoo Sachet,0,Body Care,5.00,8.00
2021-06-16,Biogesic 500mg Tablet,1,Medicine,4.00,7.00
2021-06-16,AA Batteries (pair),0,Household,35.00,55.00
2021-06-16,Sewing Needle Pack,0,Household,12.00,25.00
2021-06-17,Cooking Oil 1L,43,Pantry,60.00,75.00
2021-06-17,Bear Brand Powdered Milk 320g,19,Dairy,70.00,90.00
2021-06-17,Alaska Evap Milk 370ml,3,Dairy,32.00,42.00
2021-06-17,Ligo Sardines 155g,3,Canned Goods,18.00,25.00
2021-06-17,Sunsilk Shampoo Sachet,4,Body Care,5.00,8.00
2021-06-17,Biogesic 500mg Tablet,2,Medicine,4.00,7.00
2021-06-17,AA Batteries (pair),2,Household,35.00,55.00
2021-06-17,Sewing Needle Pack,0,Household,12.00,25.00
2021-06-18,Cooking Oil 1L,38,Pantry,60.00,75.00
2021-06-18,Bear Brand Powdered Milk 320g,21,Dairy,70.00,90.00
2021-06-18,Alaska Evap Milk 370ml,7,Dairy,32.00,42.00
2021-06-18,Ligo Sardines 155g,1,Canned Goods,18.00,25.00
2021-06-18,Sunsilk Shampoo Sachet,1,Body Care,5.00,8.00
2021-06-18,Biogesic 500mg Tablet,1,Medicine,4.00,7.00
2021-06-18,AA Batteries (pair),0,Household,35.00,55.00
2021-06-18,Sewing Needle Pack,1,Household,12.00,25.00
2021-06-19,Cooking Oil 1L,25,Pantry,60.00,75.00
2021-06-19,Bear Brand Powdered Milk 320g,15,Dairy,70.00,90.00
2021-06-19,Alaska Evap Milk 370ml,2,Dairy,32.00,42.00
2021-06-19,Ligo Sardines 155g,6,Canned Goods,18.00,25.00
2021-06-19,Sunsilk Shampoo Sachet,0,Body Care,5.00,8.00
2021-06-19,Biogesic 500mg Tablet,0,Medicine,4.00,7.00
2021-06-19,AA Batteries (pair),3,Household,35.00,55.00
2021-06-19,Sewing Needle Pack,0,Household,12.00,25.00
2021-06-20,Cooking Oil 1L,34,Pantry,60.00,75.00
2021-06-20,Bear Brand Powdered Milk 320g,8,Dairy,70.00,90.00
2021-06-20,Alaska Evap Milk 370ml,7,Dairy,32.00,42.00
2021-06-20,Ligo Sardines 155g,2,Canned Goods,18.00,25.00
2021-06-20,Sunsilk Shampoo Sachet,1,Body Care,5.00,8.00
2021-06-20,Biogesic 500mg Tablet,0,Medicine,4.00,7.00
2021-06-20,AA Batteries (pair),1,Household,35.00,55.00
2021-06-20,Sewing Needle Pack,0,Household,12.00,25.00
2021-06-21,Cooking Oil 1L,32,Pantry,60.00,75.00
2021-06-21,Bear Brand Powdered Milk 320g,14,Dairy,70.00,90.00
2021-06-21,Alaska Evap Milk 370ml,3,Dairy,32.00,42.00
2021-06-21,Ligo Sardines 155g,2,Canned Goods,18.00,25.00
2021-06-21,Sunsilk Shampoo Sachet,1,Body Care,5.00,8.00
2021-06-21,Biogesic 500mg Tablet,0,Medicine,4.00,7.00
2021-06-21,AA Batteries (pair),1,Household,35.00,55.00
2021-06-21,Sewing Needle Pack,0,Household,12.00,25.00
2021-06-22,Cooking Oil 1L,28,Pantry,60.00,75.00
2021-06-22,Bear Brand Powdered Milk 320g,19,Dairy,70.00,90.00
2021-06-22,Alaska Evap Milk 370ml,3,Dairy,32.00,42.00
2021-06-22,Ligo Sardines 155g,2,Canned Goods,18.00,25.00
2021-06-22,Sunsilk Shampoo Sachet,1,Body Care,5.00,8.00
2021-06-22,Biogesic 500mg Tablet,0,Medicine,4.00,7.00
2021-06-22,AA Batteries (pair),0,Household,35.00,55.00
2021-06-22,Sewing Needle Pack,0,Household,12.00,25.00
2021-06-23,Cooking Oil 1L,18,Pantry,60.00,75.00
2021-06-23,Bear Brand Powdered Milk 320g,10,Dairy,70.00,90.00
2021-06-23,Alaska Evap Milk 370ml,1,Dairy,32.00,42.00
2021-06-23,Ligo Sardines 155g,2,Canned Goods,18.00,25.00
2021-06-23,Sunsilk Shampoo Sachet,2,Body Care,5.00,8.00
2021-06-23,Biogesic 500mg Tablet,0,Medicine,4.00,7.00
2021-06-23,AA Batteries (pair),0,Household,35.00,55.00
2021-06-23,Sewing Needle Pack,0,Household,12.00,25.00
2021-06-24,Cooking Oil 1L,35,Pantry,60.00,75.00
2021-06-24,Bear Brand Powdered Milk 320g,14,Dairy,70.00,90.00
2021-06-24,Alaska Evap Milk 370ml,3,Dairy,32.00,42.00
2021-06-24,Ligo Sardines 155g,3,Canned Goods,18.00,25.00
2021-06-24,Sunsilk Shampoo Sachet,1,Body Care,5.00,8.00
2021-06-24,Biogesic 500mg Tablet,3,Medicine,4.00,7.00
2021-06-24,AA Batteries (pair),0,Household,35.00,55.00
2021-06-24,Sewing Needle Pack,0,Household,12.00,25.00
2021-06-25,Cooking Oil 1L,34,Pantry,60.00,75.00
2021-06-25,Bear Brand Powdered Milk 320g,14,Dairy,70.00,90.00
2021-06-25,Alaska Evap Milk 370ml,6,Dairy,32.00,42.00
2021-06-25,Ligo Sardines 155g,3,Canned Goods,18.00,25.00
2021-06-25,Sunsilk Shampoo Sachet,0,Body Care,5.00,8.00
2021-06-25,Biogesic 500mg Tablet,0,Medicine,4.00,7.00
2021-06-25,AA Batteries (pair),0,Household,35.00,55.00
2021-06-25,Sewing Needle Pack,0,Household,12.00,25.00
2021-06-26,Cooking Oil 1L,39,Pantry,60.00,75.00
2021-06-26,Bear Brand Powdered Milk 320g,26,Dairy,70.00,90.00
2021-06-26,Alaska Evap Milk 370ml,3,Dairy,32.00,42.00
2021-06-26,Ligo Sardines 155g,2,Canned Goods,18.00,25.00
2021-06-26,Sunsilk Shampoo Sachet,0,Body Care,5.00,8.00
2021-06-26,Biogesic 500mg Tablet,0,Medicine,4.00,7.00
2021-06-26,AA Batteries (pair),0,Household,35.00,55.00
2021-06-26,Sewing Needle Pack,0,Household,12.00,25.00
2021-06-27,Cooking Oil 1L,33,Pantry,60.00,75.00
2021-06-27,Bear Brand Powdered Milk 320g,16,Dairy,70.00,90.00
2021-06-27,Alaska Evap Milk 370ml,5,Dairy,32.00,42.00
2021-06-27,Ligo Sardines 155g,1,Canned Goods,18.00,25.00
2021-06-27,Sunsilk Shampoo Sachet,1,Body Care,5.00,8.00
2021-06-27,Biogesic 500mg Tablet,1,Medicine,4.00,7.00
2021-06-27,AA Batteries (pair),1,Household,35.00,55.00
2021-06-27,Sewing Needle Pack,0,Household,12.00,25.00
2021-06-28,Cooking Oil 1L,31,Pantry,60.00,75.00
2021-06-28,Bear Brand Powdered Milk 320g,10,Dairy,70.00,90.00
2021-06-28,Alaska Evap Milk 370ml,9,Dairy,32.00,42.00
2021-06-28,Ligo Sardines 155g,2,Canned Goods,18.00,25.00
2021-06-28,Sunsilk Shampoo Sachet,0,Body Care,5.00,8.00
2021-06-28,Biogesic 500mg Tablet,0,Medicine,4.00,7.00
2021-06-28,AA Batteries (pair),0,Household,35.00,55.00
2021-06-28,Sewing Needle Pack,0,Household,12.00,25.00
2021-06-29,Cooking Oil 1L,29,Pantry,60.00,75.00
2021-06-29,Bear Brand Powdered Milk 320g,24,Dairy,70.00,90.00
2021-06-29,Alaska Evap Milk 370ml,9,Dairy,32.00,42.00
2021-06-29,Ligo Sardines 155g,3,Canned Goods,18.00,25.00
2021-06-29,Sunsilk Shampoo Sachet,1,Body Care,5.00,8.00
2021-06-29,Biogesic 500mg Tablet,0,Medicine,4.00,7.00
2021-06-29,AA Batteries (pair),0,Household,35.00,55.00
2021-06-29,Sewing Needle Pack,0,Household,12.00,25.00
2021-06-30,Cooking Oil 1L,34,Pantry,60.00,75.00
2021-06-30,Bear Brand Powdered Milk 320g,6,Dairy,70.00,90.00
2021-06-30,Alaska Evap Milk 370ml,2,Dairy,32.00,42.00
2021-06-30,Ligo Sardines 155g,3,Canned Goods,18.00,25.00
2021-06-30,Sunsilk Shampoo Sachet,1,Body Care,5.00,8.00
2021-06-30,Biogesic 500mg Tablet,0,Medicine,4.00,7.00
2021-06-30,AA Batteries (pair),0,Household,35.00,55.00
2021-06-30,Sewing Needle Pack,1,Household,12.00,25.00
2021-07-01,Cooking Oil 1L,26,Pantry,60.00,75.00
2021-07-01,Bear Brand Powdered Milk 320g,8,Dairy,70.00,90.00
2021-07-01,Alaska Evap Milk 370ml,2,Dairy,32.00,42.00
2021-07-01,Ligo Sardines 155g,2,Canned Goods,18.00,25.00
2021-07-01,Sunsilk Shampoo Sachet,2,Body Care,5.00,8.00
2021-07-01,Biogesic 500mg Tablet,0,Medicine,4.00,7.00
2021-07-01,AA Batteries (pair),0,Household,35.00,55.00
2021-07-01,Sewing Needle Pack,0,Household,12.00,25.00
2021-07-02,Cooking Oil 1L,50,Pantry,60.00,75.00
2021-07-02,Bear Brand Powdered Milk 320g,24,Dairy,70.00,90.00
2021-07-02,Alaska Evap Milk 370ml,1,Dairy,32.00,42.00
2021-07-02,Ligo Sardines 155g,3,Canned Goods,18.00,25.00
2021-07-02,Sunsilk Shampoo Sachet,1,Body Care,5.00,8.00
2021-07-02,Biogesic 500mg Tablet,0,Medicine,4.00,7.00
2021-07-02,AA Batteries (pair),0,Household,35.00,55.00
2021-07-02,Sewing Needle Pack,0,Household,12.00,25.00
2021-07-03,Cooking Oil 1L,44,Pantry,60.00,75.00
2021-07-03,Bear Brand Powdered Milk 320g,17,Dairy,70.00,90.00
2021-07-03,Alaska Evap Milk 370ml,2,Dairy,32.00,42.00
2021-07-03,Ligo Sardines 155g,5,Canned Goods,18.00,25.00
2021-07-03,Sunsilk Shampoo Sachet,1,Body Care,5.00,8.00
2021-07-03,Biogesic 500mg Tablet,0,Medicine,4.00,7.00
2021-07-03,AA Batteries (pair),0,Household,35.00,55.00
2021-07-03,Sewing Needle Pack,0,Household,12.00,25.00
2021-07-04,Cooking Oil 1L,46,Pantry,60.00,75.00
2021-07-04,Bear Brand Powdered Milk 320g,14,Dairy,70.00,90.00
2021-07-04,Alaska Evap Milk 370ml,0,Dairy,32.00,42.00
2021-07-04,Ligo Sardines 155g,2,Canned Goods,18.00,25.00
2021-07-04,Sunsilk Shampoo Sachet,0,Body Care,5.00,8.00
2021-07-04,Biogesic 500mg Tablet,1,Medicine,4.00,7.00
2021-07-04,AA Batteries (pair),0,Household,35.00,55.00
2021-07-04,Sewing Needle Pack,0,Household,12.00,25.00
2021-07-05,Cooking Oil 1L,30,Pantry,60.00,75.00
2021-07-05,Bear Brand Powdered Milk 320g,10,Dairy,70.00,90.00
2021-07-05,Alaska Evap Milk 370ml,4,Dairy,32.00,42.00
2021-07-05,Ligo Sardines 155g,3,Canned Goods,18.00,25.00
2021-07-05,Sunsilk Shampoo Sachet,1,Body Care,5.00,8.00
2021-07-05,Biogesic 500mg Tablet,1,Medicine,4.00,7.00
2021-07-05,AA Batteries (pair),0,Household,35.00,55.00
2021-07-05,Sewing Needle Pack,0,Household,12.00,25.00
2021-07-06,Cooking Oil 1L,14,Pantry,60.00,75.00
2021-07-06,Bear Brand Powdered Milk 320g,9,Dairy,70.00,90.00
2021-07-06,Alaska Evap Milk 370ml,9,Dairy,32.00,42.00
2021-07-06,Ligo Sardines 155g,2,Canned Goods,18.00,25.00
2021-07-06,Sunsilk Shampoo Sachet,1,Body Care,5.00,8.00
2021-07-06,Biogesic 500mg Tablet,0,Medicine,4.00,7.00
2021-07-06,AA Batteries (pair),0,Household,35.00,55.00
2021-07-06,Sewing Needle Pack,0,Household,12.00,25.00
2021-07-07,Cooking Oil 1L,27,Pantry,60.00,75.00
2021-07-07,Bear Brand Powdered Milk 320g,11,Dairy,70.00,90.00
2021-07-07,Alaska Evap Milk 370ml,5,Dairy,32.00,42.00
2021-07-07,Ligo Sardines 155g,3,Canned Goods,18.00,25.00
2021-07-07,Sunsilk Shampoo Sachet,1,Body Care,5.00,8.00
2021-07-07,Biogesic 500mg Tablet,1,Medicine,4.00,7.00
2021-07-07,AA Batteries (pair),1,Household,35.00,55.00
2021-07-07,Sewing Needle Pack,0,Household,12.00,25.00
2021-07-08,Cooking Oil 1L,29,Pantry,60.00,75.00
2021-07-08,Bear Brand Powdered Milk 320g,15,Dairy,70.00,90.00
2021-07-08,Alaska Evap Milk 370ml,3,Dairy,32.00,42.00
2021-07-08,Ligo Sardines 155g,3,Canned Goods,18.00,25.00
2021-07-08,Sunsilk Shampoo Sachet,4,Body Care,5.00,8.00
2021-07-08,Biogesic 500mg Tablet,1,Medicine,4.00,7.00
2021-07-08,AA Batteries (pair),0,Household,35.00,55.00
2021-07-08,Sewing Needle Pack,0,Household,12.00,25.00
2021-07-09,Cooking Oil 1L,31,Pantry,60.00,75.00
2021-07-09,Bear Brand Powdered Milk 320g,18,Dairy,70.00,90.00
2021-07-09,Alaska Evap Milk 370ml,4,Dairy,32.00,42.00
2021-07-09,Ligo Sardines 155g,5,Canned Goods,18.00,25.00
2021-07-09,Sunsilk Shampoo Sachet,4,Body Care,5.00,8.00
2021-07-09,Biogesic 500mg Tablet,2,Medicine,4.00,7.00
2021-07-09,AA Batteries (pair),0,Household,35.00,55.00
2021-07-09,Sewing Needle Pack,0,Household,12.00,25.00
2021-07-10,Cooking Oil 1L,24,Pantry,60.00,75.00
2021-07-10,Bear Brand Powdered Milk 320g,24,Dairy,70.00,90.00
2021-07-10,Alaska Evap Milk 370ml,3,Dairy,32.00,42.00
2021-07-10,Ligo Sardines 155g,4,Canned Goods,18.00,25.00
2021-07-10,Sunsilk Shampoo Sachet,2,Body Care,5.00,8.00
2021-07-10,Biogesic 500mg Tablet,2,Medicine,4.00,7.00
2021-07-10,AA Batteries (pair),0,Household,35.00,55.00
2021-07-10,Sewing Needle Pack,0,Household,12.00,25.00
2021-07-11,Cooking Oil 1L,21,Pantry,60.00,75.00
2021-07-11,Bear Brand Powdered Milk 320g,16,Dairy,70.00,90.00
2021-07-11,Alaska Evap Milk 370ml,1,Dairy,32.00,42.00
2021-07-11,Ligo Sardines 155g,0,Canned Goods,18.00,25.00
2021-07-11,Sunsilk Shampoo Sachet,3,Body Care,5.00,8.00
2021-07-11,Biogesic 500mg Tablet,1,Medicine,4.00,7.00
2021-07-11,AA Batteries (pair),1,Household,35.00,55.00
2021-07-11,Sewing Needle Pack,0,Household,12.00,25.00
2021-07-12,Cooking Oil 1L,32,Pantry,60.00,75.00
2021-07-12,Bear Brand Powdered Milk 320g,5,Dairy,70.00,90.00
2021-07-12,Alaska Evap Milk 370ml,4,Dairy,32.00,42.00
2021-07-12,Ligo Sardines 155g,2,Canned Goods,18.00,25.00
2021-07-12,Sunsilk Shampoo Sachet,3,Body Care,5.00,8.00
2021-07-12,Biogesic 500mg Tablet,0,Medicine,4.00,7.00
2021-07-12,AA Batteries (pair),0,Household,35.00,55.00
2021-07-12,Sewing Needle Pack,0,Household,12.00,25.00
2021-07-13,Cooking Oil 1L,29,Pantry,60.00,75.00
2021-07-13,Bear Brand Powdered Milk 320g,11,Dairy,70.00,90.00
2021-07-13,Alaska Evap Milk 370ml,1,Dairy,32.00,42.00
2021-07-13,Ligo Sardines 155g,0,Canned Goods,18.00,25.00
2021-07-13,Sunsilk Shampoo Sachet,0,Body Care,5.00,8.00
2021-07-13,Biogesic 500mg Tablet,1,Medicine,4.00,7.00
2021-07-13,AA Batteries (pair),0,Household,35.00,55.00
2021-07-13,Sewing Needle Pack,0,Household,12.00,25.00
2021-07-14,Cooking Oil 1L,30,Pantry,60.00,75.00
2021-07-14,Bear Brand Powdered Milk 320g,16,Dairy,70.00,90.00
2021-07-14,Alaska Evap Milk 370ml,6,Dairy,32.00,42.00
2021-07-14,Ligo Sardines 155g,1,Canned Goods,18.00,25.00
2021-07-14,Sunsilk Shampoo Sachet,0,Body Care,5.00,8.00
2021-07-14,Biogesic 500mg Tablet,0,Medicine,4.00,7.00
2021-07-14,AA Batteries (pair),0,Household,35.00,55.00
2021-07-14,Sewing Needle Pack,0,Household,12.00,25.00
2021-07-15,Cooking Oil 1L,39,Pantry,60.00,75.00
2021-07-15,Bear Brand Powdered Milk 320g,13,Dairy,70.00,90.00
2021-07-15,Alaska Evap Milk 370ml,3,Dairy,32.00,42.00
2021-07-15,Ligo Sardines 155g,1,Canned Goods,18.00,25.00
2021-07-15,Sunsilk Shampoo Sachet,0,Body Care,5.00,8.00
2021-07-15,Biogesic 500mg Tablet,0,Medicine,4.00,7.00
2021-07-15,AA Batteries (pair),0,Household,35.00,55.00
2021-07-15,Sewing Needle Pack,0,Household,12.00,25.00
2021-07-16,Cooking Oil 1L,20,Pantry,60.00,75.00
2021-07-16,Bear Brand Powdered Milk 320g,17,Dairy,70.00,90.00
2021-07-16,Alaska Evap Milk 370ml,1,Dairy,32.00,42.00
2021-07-16,Ligo Sardines 155g,3,Canned Goods,18.00,25.00
2021-07-16,Sunsilk Shampoo Sachet,1,Body Care,5.00,8.00
2021-07-16,Biogesic 500mg Tablet,0,Medicine,4.00,7.00
2021-07-16,AA Batteries (pair),1,Household,35.00,55.00
2021-07-16,Sewing Needle Pack,0,Household,12.00,25.00
2021-07-17,Cooking Oil 1L,39,Pantry,60.00,75.00
2021-07-17,Bear Brand Powdered Milk 320g,17,Dairy,70.00,90.00
2021-07-17,Alaska Evap Milk 370ml,6,Dairy,32.00,42.00
2021-07-17,Ligo Sardines 155g,1,Canned Goods,18.00,25.00
2021-07-17,Sunsilk Shampoo Sachet,2,Body Care,5.00,8.00
2021-07-17,Biogesic 500mg Tablet,1,Medicine,4.00,7.00
2021-07-17,AA Batteries (pair),0,Household,35.00,55.00
2021-07-17,Sewing Needle Pack,0,Household,12.00,25.00
2021-07-18,Cooking Oil 1L,38,Pantry,60.00,75.00
2021-07-18,Bear Brand Powdered Milk 320g,7,Dairy,70.00,90.00
2021-07-18,Alaska Evap Milk 370ml,3,Dairy,32.00,42.00
2021-07-18,Ligo Sardines 155g,1,Canned Goods,18.00,25.00
2021-07-18,Sunsilk Shampoo Sachet,1,Body Care,5.00,8.00
2021-07-18,Biogesic 500mg Tablet,0,Medicine,4.00,7.00
2021-07-18,AA Batteries (pair),2,Household,35.00,55.00
2021-07-18,Sewing Needle Pack,0,Household,12.00,25.00
2021-07-19,Cooking Oil 1L,22,Pantry,60.00,75.00
2021-07-19,Bear Brand Powdered Milk 320g,7,Dairy,70.00,90.00
2021-07-19,Alaska Evap Milk 370ml,6,Dairy,32.00,42.00
2021-07-19,Ligo Sardines 155g,3,Canned Goods,18.00,25.00
2021-07-19,Sunsilk Shampoo Sachet,1,Body Care,5.00,8.00
2021-07-19,Biogesic 500mg Tablet,0,Medicine,4.00,7.00
2021-07-19,AA Batteries (pair),2,Household,35.00,55.00
2021-07-19,Sewing Needle Pack,0,Household,12.00,25.00
2021-07-20,Cooking Oil 1L,16,Pantry,60.00,75.00
2021-07-20,Bear Brand Powdered Milk 320g,4,Dairy,70.00,90.00
2021-07-20,Alaska Evap Milk 370ml,2,Dairy,32.00,42.00
2021-07-20,Ligo Sardines 155g,0,Canned Goods,18.00,25.00
2021-07-20,Sunsilk Shampoo Sachet,0,Body Care,5.00,8.00
2021-07-20,Biogesic 500mg Tablet,0,Medicine,4.00,7.00
2021-07-20,AA Batteries (pair),0,Household,35.00,55.00
2021-07-20,Sewing Needle Pack,0,Household,12.00,25.00
2021-07-21,Cooking Oil 1L,14,Pantry,60.00,75.00
2021-07-21,Bear Brand Powdered Milk 320g,15,Dairy,70.00,90.00
2021-07-21,Alaska Evap Milk 370ml,3,Dairy,32.00,42.00
2021-07-21,Ligo Sardines 155g,1,Canned Goods,18.00,25.00
2021-07-21,Sunsilk Shampoo Sachet,0,Body Care,5.00,8.00
2021-07-21,Biogesic 500mg Tablet,0,Medicine,4.00,7.00
2021-07-21,AA Batteries (pair),0,Household,35.00,55.00
2021-07-21,Sewing Needle Pack,0,Household,12.00,25.00
2021-07-22,Cooking Oil 1L,28,Pantry,60.00,75.00
2021-07-22,Bear Brand Powdered Milk 320g,13,Dairy,70.00,90.00
2021-07-22,Alaska Evap Milk 370ml,9,Dairy,32.00,42.00
2021-07-22,Ligo Sardines 155g,2,Canned Goods,18.00,25.00
2021-07-22,Sunsilk Shampoo Sachet,0,Body Care,5.00,8.00
2021-07-22,Biogesic 500mg Tablet,0,Medicine,4.00,7.00
2021-07-22,AA Batteries (pair),0,Household,35.00,55.00
2021-07-22,Sewing Needle Pack,0,Household,12.00,25.00
2021-07-23,Cooking Oil 1L,31,Pantry,60.00,75.00
2021-07-23,Bear Brand Powdered Milk 320g,25,Dairy,70.00,90.00
2021-07-23,Alaska Evap Milk 370ml,5,Dairy,32.00,42.00
2021-07-23,Ligo Sardines 155g,6,Canned Goods,18.00,25.00
2021-07-23,Sunsilk Shampoo Sachet,0,Body Care,5.00,8.00
2021-07-23,Biogesic 500mg Tablet,0,Medicine,4.00,7.00
2021-07-23,AA Batteries (pair),1,Household,35.00,55.00
2021-07-23,Sewing Needle Pack,0,Household,12.00,25.00
2021-07-24,Cooking Oil 1L,59,Pantry,60.00,75.00
2021-07-24,Bear Brand Powdered Milk 320g,24,Dairy,70.00,90.00
2021-07-24,Alaska Evap Milk 370ml,5,Dairy,32.00,42.00
2021-07-24,Ligo Sardines 155g,6,Canned Goods,18.00,25.00
2021-07-24,Sunsilk Shampoo Sachet,0,Body Care,5.00,8.00
2021-07-24,Biogesic 500mg Tablet,0,Medicine,4.00,7.00
2021-07-24,AA Batteries (pair),0,Household,35.00,55.00
2021-07-24,Sewing Needle Pack,0,Household,12.00,25.00
2021-07-25,Cooking Oil 1L,25,Pantry,60.00,75.00
2021-07-25,Bear Brand Powdered Milk 320g,14,Dairy,70.00,90.00
2021-07-25,Alaska Evap Milk 370ml,7,Dairy,32.00,42.00
2021-07-25,Ligo Sardines 155g,6,Canned Goods,18.00,25.00
2021-07-25,Sunsilk Shampoo Sachet,1,Body Care,5.00,8.00
2021-07-25,Biogesic 500mg Tablet,0,Medicine,4.00,7.00
2021-07-25,AA Batteries (pair),0,Household,35.00,55.00
2021-07-25,Sewing Needle Pack,0,Household,12.00,25.00
2021-07-26,Cooking Oil 1L,26,Pantry,60.00,75.00
2021-07-26,Bear Brand Powdered Milk 320g,13,Dairy,70.00,90.00
2021-07-26,Alaska Evap Milk 370ml,8,Dairy,32.00,42.00
2021-07-26,Ligo Sardines 155g,0,Canned Goods,18.00,25.00
2021-07-26,Sunsilk Shampoo Sachet,1,Body Care,5.00,8.00
2021-07-26,Biogesic 500mg Tablet,0,Medicine,4.00,7.00
2021-07-26,AA Batteries (pair),0,Household,35.00,55.00
2021-07-26,Sewing Needle Pack,0,Household,12.00,25.00
2021-07-27,Cooking Oil 1L,30,Pantry,60.00,75.00
2021-07-27,Bear Brand Powdered Milk 320g,15,Dairy,70.00,90.00
2021-07-27,Alaska Evap Milk 370ml,3,Dairy,32.00,42.00
2021-07-27,Ligo Sardines 155g,1,Canned Goods,18.00,25.00
2021-07-27,Sunsilk Shampoo Sachet,3,Body Care,5.00,8.00
2021-07-27,Biogesic 500mg Tablet,0,Medicine,4.00,7.00
2021-07-27,AA Batteries (pair),0,Household,35.00,55.00
2021-07-27,Sewing Needle Pack,0,Household,12.00,25.00
2021-07-28,Cooking Oil 1L,21,Pantry,60.00,75.00
2021-07-28,Bear Brand Powdered Milk 320g,15,Dairy,70.00,90.00
2021-07-28,Alaska Evap Milk 370ml,0,Dairy,32.00,42.00
2021-07-28,Ligo Sardines 155g,4,Canned Goods,18.00,25.00
2021-07-28,Sunsilk Shampoo Sachet,0,Body Care,5.00,8.00
2021-07-28,Biogesic 500mg Tablet,0,Medicine,4.00,7.00
2021-07-28,AA Batteries (pair),0,Household,35.00,55.00
2021-07-28,Sewing Needle Pack,0,Household,12.00,25.00
2021-07-29,Cooking Oil 1L,43,Pantry,60.00,75.00
2021-07-29,Bear Brand Powdered Milk 320g,17,Dairy,70.00,90.00
2021-07-29,Alaska Evap Milk 370ml,4,Dairy,32.00,42.00
2021-07-29,Ligo Sardines 155g,1,Canned Goods,18.00,25.00
2021-07-29,Sunsilk Shampoo Sachet,1,Body Care,5.00,8.00
2021-07-29,Biogesic 500mg Tablet,0,Medicine,4.00,7.00
2021-07-29,AA Batteries (pair),0,Household,35.00,55.00
2021-07-29,Sewing Needle Pack,0,Household,12.00,25.00
2021-07-30,Cooking Oil 1L,40,Pantry,60.00,75.00
2021-07-30,Bear Brand Powdered Milk 320g,6,Dairy,70.00,90.00
2021-07-30,Alaska Evap Milk 370ml,7,Dairy,32.00,42.00
2021-07-30,Ligo Sardines 155g,3,Canned Goods,18.00,25.00
2021-07-30,Sunsilk Shampoo Sachet,0,Body Care,5.00,8.00
2021-07-30,Biogesic 500mg Tablet,0,Medicine,4.00,7.00
2021-07-30,AA Batteries (pair),0,Household,35.00,55.00
2021-07-30,Sewing Needle Pack,0,Household,12.00,25.00
2021-07-31,Cooking Oil 1L,56,Pantry,60.00,75.00
2021-07-31,Bear Brand Powdered Milk 320g,10,Dairy,70.00,90.00
2021-07-31,Alaska Evap Milk 370ml,1,Dairy,32.00,42.00
2021-07-31,Ligo Sardines 155g,5,Canned Goods,18.00,25.00
2021-07-31,Sunsilk Shampoo Sachet,1,Body Care,5.00,8.00
2021-07-31,Biogesic 500mg Tablet,0,Medicine,4.00,7.00
2021-07-31,AA Batteries (pair),3,Household,35.00,55.00
2021-07-31,Sewing Needle Pack,0,Household,12.00,25.00
2021-08-01,Cooking Oil 1L,27,Pantry,60.00,75.00
2021-08-01,Bear Brand Powdered Milk 320g,16,Dairy,70.00,90.00
2021-08-01,Alaska Evap Milk 370ml,1,Dairy,32.00,42.00
2021-08-01,Ligo Sardines 155g,4,Canned Goods,18.00,25.00
2021-08-01,Sunsilk Shampoo Sachet,1,Body Care,5.00,8.00
2021-08-01,Biogesic 500mg Tablet,0,Medicine,4.00,7.00
2021-08-01,AA Batteries (pair),0,Household,35.00,55.00
2021-08-01,Sewing Needle Pack,0,Household,12.00,25.00
2021-08-02,Cooking Oil 1L,43,Pantry,60.00,75.00
2021-08-02,Bear Brand Powdered Milk 320g,8,Dairy,70.00,90.00
2021-08-02,Alaska Evap Milk 370ml,1,Dairy,32.00,42.00
2021-08-02,Ligo Sardines 155g,0,Canned Goods,18.00,25.00
2021-08-02,Sunsilk Shampoo Sachet,1,Body Care,5.00,8.00
2021-08-02,Biogesic 500mg Tablet,0,Medicine,4.00,7.00
2021-08-02,AA Batteries (pair),0,Household,35.00,55.00
2021-08-02,Sewing Needle Pack,0,Household,12.00,25.00
2021-08-03,Cooking Oil 1L,31,Pantry,60.00,75.00
2021-08-03,Bear Brand Powdered Milk 320g,12,Dairy,70.00,90.00
2021-08-03,Alaska Evap Milk 370ml,3,Dairy,32.00,42.00
2021-08-03,Ligo Sardines 155g,1,Canned Goods,18.00,25.00
2021-08-03,Sunsilk Shampoo Sachet,1,Body Care,5.00,8.00
2021-08-03,Biogesic 500mg Tablet,1,Medicine,4.00,7.00
2021-08-03,AA Batteries (pair),0,Household,35.00,55.00
2021-08-03,Sewing Needle Pack,0,Household,12.00,25.00
2021-08-04,Cooking Oil 1L,25,Pantry,60.00,75.00
2021-08-04,Bear Brand Powdered Milk 320g,7,Dairy,70.00,90.00
2021-08-04,Alaska Evap Milk 370ml,2,Dairy,32.00,42.00
2021-08-04,Ligo Sardines 155g,3,Canned Goods,18.00,25.00
2021-08-04,Sunsilk Shampoo Sachet,1,Body Care,5.00,8.00
2021-08-04,Biogesic 500mg Tablet,0,Medicine,4.00,7.00
2021-08-04,AA Batteries (pair),0,Household,35.00,55.00
2021-08-04,Sewing Needle Pack,0,Household,12.00,25.00
2021-08-05,Cooking Oil 1L,30,Pantry,60.00,75.00
2021-08-05,Bear Brand Powdered Milk 320g,13,Dairy,70.00,90.00
2021-08-05,Alaska Evap Milk 370ml,5,Dairy,32.00,42.00
2021-08-05,Ligo Sardines 155g,0,Canned Goods,18.00,25.00
2021-08-05,Sunsilk Shampoo Sachet,0,Body Care,5.00,8.00
2021-08-05,Biogesic 500mg Tablet,0,Medicine,4.00,7.00
2021-08-05,AA Batteries (pair),0,Household,35.00,55.00
2021-08-05,Sewing Needle Pack,0,Household,12.00,25.00
2021-08-06,Cooking Oil 1L,33,Pantry,60.00,75.00
2021-08-06,Bear Brand Powdered Milk 320g,12,Dairy,70.00,90.00
2021-08-06,Alaska Evap Milk 370ml,9,Dairy,32.00,42.00
2021-08-06,Ligo Sardines 155g,2,Canned Goods,18.00,25.00
2021-08-06,Sunsilk Shampoo Sachet,0,Body Care,5.00,8.00
2021-08-06,Biogesic 500mg Tablet,0,Medicine,4.00,7.00
2021-08-06,AA Batteries (pair),0,Household,35.00,55.00
2021-08-06,Sewing Needle Pack,0,Household,12.00,25.00
2021-08-07,Cooking Oil 1L,39,Pantry,60.00,75.00
2021-08-07,Bear Brand Powdered Milk 320g,16,Dairy,70.00,90.00
2021-08-07,Alaska Evap Milk 370ml,6,Dairy,32.00,42.00
2021-08-07,Ligo Sardines 155g,3,Canned Goods,18.00,25.00
2021-08-07,Sunsilk Shampoo Sachet,0,Body Care,5.00,8.00
2021-08-07,Biogesic 500mg Tablet,1,Medicine,4.00,7.00
2021-08-07,AA Batteries (pair),1,Household,35.00,55.00
2021-08-07,Sewing Needle Pack,0,Household,12.00,25.00
2021-08-08,Cooking Oil 1L,39,Pantry,60.00,75.00
2021-08-08,Bear Brand Powdered Milk 320g,22,Dairy,70.00,90.00
2021-08-08,Alaska Evap Milk 370ml,1,Dairy,32.00,42.00
2021-08-08,Ligo Sardines 155g,4,Canned Goods,18.00,25.00
2021-08-08,Sunsilk Shampoo Sachet,0,Body Care,5.00,8.00
2021-08-08,Biogesic 500mg Tablet,1,Medicine,4.00,7.00
2021-08-08,AA Batteries (pair),0,Household,35.00,55.00
2021-08-08,Sewing Needle Pack,0,Household,12.00,25.00
2021-08-09,Cooking Oil 1L,21,Pantry,60.00,75.00
2021-08-09,Bear Brand Powdered Milk 320g,10,Dairy,70.00,90.00
2021-08-09,Alaska Evap Milk 370ml,5,Dairy,32.00,42.00
2021-08-09,Ligo Sardines 155g,0,Canned Goods,18.00,25.00
2021-08-09,Sunsilk Shampoo Sachet,2,Body Care,5.00,8.00
2021-08-09,Biogesic 500mg Tablet,1,Medicine,4.00,7.00
2021-08-09,AA Batteries (pair),0,Household,35.00,55.00
2021-08-09,Sewing Needle Pack,0,Household,12.00,25.00
2021-08-10,Cooking Oil 1L,32,Pantry,60.00,75.00
2021-08-10,Bear Brand Powdered Milk 320g,8,Dairy,70.00,90.00
2021-08-10,Alaska Evap Milk 370ml,3,Dairy,32.00,42.00
2021-08-10,Ligo Sardines 155g,0,Canned Goods,18.00,25.00
2021-08-10,Sunsilk Shampoo Sachet,2,Body Care,5.00,8.00
2021-08-10,Biogesic 500mg Tablet,0,Medicine,4.00,7.00
2021-08-10,AA Batteries (pair),0,Household,35.00,55.00
2021-08-10,Sewing Needle Pack,0,Household,12.00,25.00
2021-08-11,Cooking Oil 1L,15,Pantry,60.00,75.00
2021-08-11,Bear Brand Powdered Milk 320g,8,Dairy,70.00,90.00
2021-08-11,Alaska Evap Milk 370ml,2,Dairy,32.00,42.00
2021-08-11,Ligo Sardines 155g,2,Canned Goods,18.00,25.00
2021-08-11,Sunsilk Shampoo Sachet,1,Body Care,5.00,8.00
2021-08-11,Biogesic 500mg Tablet,0,Medicine,4.00,7.00
2021-08-11,AA Batteries (pair),0,Household,35.00,55.00
2021-08-11,Sewing Needle Pack,1,Household,12.00,25.00
2021-08-12,Cooking Oil 1L,44,Pantry,60.00,75.00
2021-08-12,Bear Brand Powdered Milk 320g,17,Dairy,70.00,90.00
2021-08-12,Alaska Evap Milk 370ml,3,Dairy,32.00,42.00
2021-08-12,Ligo Sardines 155g,2,Canned Goods,18.00,25.00
2021-08-12,Sunsilk Shampoo Sachet,1,Body Care,5.00,8.00
2021-08-12,Biogesic 500mg Tablet,1,Medicine,4.00,7.00
2021-08-12,AA Batteries (pair),0,Household,35.00,55.00
2021-08-12,Sewing Needle Pack,0,Household,12.00,25.00
2021-08-13,Cooking Oil 1L,34,Pantry,60.00,75.00
2021-08-13,Bear Brand Powdered Milk 320g,13,Dairy,70.00,90.00
2021-08-13,Alaska Evap Milk 370ml,4,Dairy,32.00,42.00
2021-08-13,Ligo Sardines 155g,1,Canned Goods,18.00,25.00
2021-08-13,Sunsilk Shampoo Sachet,1,Body Care,5.00,8.00
2021-08-13,Biogesic 500mg Tablet,0,Medicine,4.00,7.00
2021-08-13,AA Batteries (pair),0,Household,35.00,55.00
2021-08-13,Sewing Needle Pack,1,Household,12.00,25.00
2021-08-14,Cooking Oil 1L,31,Pantry,60.00,75.00
2021-08-14,Bear Brand Powdered Milk 320g,15,Dairy,70.00,90.00
2021-08-14,Alaska Evap Milk 370ml,1,Dairy,32.00,42.00
2021-08-14,Ligo Sardines 155g,4,Canned Goods,18.00,25.00
2021-08-14,Sunsilk Shampoo Sachet,4,Body Care,5.00,8.00
2021-08-14,Biogesic 500mg Tablet,0,Medicine,4.00,7.00
2021-08-14,AA Batteries (pair),0,Household,35.00,55.00
2021-08-14,Sewing Needle Pack,0,Household,12.00,25.00
2021-08-15,Cooking Oil 1L,44,Pantry,60.00,75.00
2021-08-15,Bear Brand Powdered Milk 320g,17,Dairy,70.00,90.00
2021-08-15,Alaska Evap Milk 370ml,9,Dairy,32.00,42.00
2021-08-15,Ligo Sardines 155g,3,Canned Goods,18.00,25.00
2021-08-15,Sunsilk Shampoo Sachet,2,Body Care,5.00,8.00
2021-08-15,Biogesic 500mg Tablet,2,Medicine,4.00,7.00
2021-08-15,AA Batteries (pair),2,Household,35.00,55.00
2021-08-15,Sewing Needle Pack,0,Household,12.00,25.00
2021-08-16,Cooking Oil 1L,41,Pantry,60.00,75.00
2021-08-16,Bear Brand Powdered Milk 320g,15,Dairy,70.00,90.00
2021-08-16,Alaska Evap Milk 370ml,2,Dairy,32.00,42.00
2021-08-16,Ligo Sardines 155g,2,Canned Goods,18.00,25.00
2021-08-16,Sunsilk Shampoo Sachet,1,Body Care,5.00,8.00
2021-08-16,Biogesic 500mg Tablet,0,Medicine,4.00,7.00
2021-08-16,AA Batteries (pair),1,Household,35.00,55.00
2021-08-16,Sewing Needle Pack,1,Household,12.00,25.00
2021-08-17,Cooking Oil 1L,17,Pantry,60.00,75.00
2021-08-17,Bear Brand Powdered Milk 320g,9,Dairy,70.00,90.00
2021-08-17,Alaska Evap Milk 370ml,1,Dairy,32.00,42.00
2021-08-17,Ligo Sardines 155g,2,Canned Goods,18.00,25.00
2021-08-17,Sunsilk Shampoo Sachet,2,Body Care,5.00,8.00
2021-08-17,Biogesic 500mg Tablet,0,Medicine,4.00,7.00
2021-08-17,AA Batteries (pair),0,Household,35.00,55.00
2021-08-17,Sewing Needle Pack,0,Household,12.00,25.00
2021-08-18,Cooking Oil 1L,21,Pantry,60.00,75.00
2021-08-18,Bear Brand Powdered Milk 320g,16,Dairy,70.00,90.00
2021-08-18,Alaska Evap Milk 370ml,3,Dairy,32.00,42.00
2021-08-18,Ligo Sardines 155g,2,Canned Goods,18.00,25.00
2021-08-18,Sunsilk Shampoo Sachet,1,Body Care,5.00,8.00
2021-08-18,Biogesic 500mg Tablet,1,Medicine,4.00,7.00
2021-08-18,AA Batteries (pair),1,Household,35.00,55.00
2021-08-18,Sewing Needle Pack,0,Household,12.00,25.00
2021-08-19,Cooking Oil 1L,35,Pantry,60.00,75.00
2021-08-19,Bear Brand Powdered Milk 320g,15,Dairy,70.00,90.00
2021-08-19,Alaska Evap Milk 370ml,4,Dairy,32.00,42.00
2021-08-19,Ligo Sardines 155g,0,Canned Goods,18.00,25.00
2021-08-19,Sunsilk Shampoo Sachet,0,Body Care,5.00,8.00
2021-08-19,Biogesic 500mg Tablet,1,Medicine,4.00,7.00
2021-08-19,AA Batteries (pair),0,Household,35.00,55.00
2021-08-19,Sewing Needle Pack,0,Household,12.00,25.00
2021-08-20,Cooking Oil 1L,39,Pantry,60.00,75.00
2021-08-20,Bear Brand Powdered Milk 320g,13,Dairy,70.00,90.00
2021-08-20,Alaska Evap Milk 370ml,3,Dairy,32.00,42.00
2021-08-20,Ligo Sardines 155g,2,Canned Goods,18.00,25.00
2021-08-20,Sunsilk Shampoo Sachet,1,Body Care,5.00,8.00
2021-08-20,Biogesic 500mg Tablet,0,Medicine,4.00,7.00
2021-08-20,AA Batteries (pair),0,Household,35.00,55.00
2021-08-20,Sewing Needle Pack,0,Household,12.00,25.00
2021-08-21,Cooking Oil 1L,47,Pantry,60.00,75.00
2021-08-21,Bear Brand Powdered Milk 320g,12,Dairy,70.00,90.00
2021-08-21,Alaska Evap Milk 370ml,4,Dairy,32.00,42.00
2021-08-21,Ligo Sardines 155g,2,Canned Goods,18.00,25.00
2021-08-21,Sunsilk Shampoo Sachet,0,Body Care,5.00,8.00
2021-08-21,Biogesic 500mg Tablet,1,Medicine,4.00,7.00
2021-08-21,AA Batteries (pair),0,Household,35.00,55.00
2021-08-21,Sewing Needle Pack,0,Household,12.00,25.00
2021-08-22,Cooking Oil 1L,40,Pantry,60.00,75.00
2021-08-22,Bear Brand Powdered Milk 320g,16,Dairy,70.00,90.00
2021-08-22,Alaska Evap Milk 370ml,2,Dairy,32.00,42.00
2021-08-22,Ligo Sardines 155g,4,Canned Goods,18.00,25.00
2021-08-22,Sunsilk Shampoo Sachet,1,Body Care,5.00,8.00
2021-08-22,Biogesic 500mg Tablet,0,Medicine,4.00,7.00
2021-08-22,AA Batteries (pair),1,Household,35.00,55.00
2021-08-22,Sewing Needle Pack,0,Household,12.00,25.00
2021-08-23,Cooking Oil 1L,27,Pantry,60.00,75.00
2021-08-23,Bear Brand Powdered Milk 320g,19,Dairy,70.00,90.00
2021-08-23,Alaska Evap Milk 370ml,2,Dairy,32.00,42.00
2021-08-23,Ligo Sardines 155g,2,Canned Goods,18.00,25.00
2021-08-23,Sunsilk Shampoo Sachet,1,Body Care,5.00,8.00
2021-08-23,Biogesic 500mg Tablet,1,Medicine,4.00,7.00
2021-08-23,AA Batteries (pair),0,Household,35.00,55.00
2021-08-23,Sewing Needle Pack,0,Household,12.00,25.00
2021-08-24,Cooking Oil 1L,32,Pantry,60.00,75.00
2021-08-24,Bear Brand Powdered Milk 320g,15,Dairy,70.00,90.00
2021-08-24,Alaska Evap Milk 370ml,6,Dairy,32.00,42.00
2021-08-24,Ligo Sardines 155g,0,Canned Goods,18.00,25.00
2021-08-24,Sunsilk Shampoo Sachet,2,Body Care,5.00,8.00
2021-08-24,Biogesic 500mg Tablet,0,Medicine,4.00,7.00
2021-08-24,AA Batteries (pair),1,Household,35.00,55.00
2021-08-24,Sewing Needle Pack,0,Household,12.00,25.00
2021-08-25,Cooking Oil 1L,20,Pantry,60.00,75.00
2021-08-25,Bear Brand Powdered Milk 320g,15,Dairy,70.00,90.00
2021-08-25,Alaska Evap Milk 370ml,2,Dairy,32.00,42.00
2021-08-25,Ligo Sardines 155g,1,Canned Goods,18.00,25.00
2021-08-25,Sunsilk Shampoo Sachet,1,Body Care,5.00,8.00
2021-08-25,Biogesic 500mg Tablet,0,Medicine,4.00,7.00
2021-08-25,AA Batteries (pair),0,Household,35.00,55.00
2021-08-25,Sewing Needle Pack,0,Household,12.00,25.00
2021-08-26,Cooking Oil 1L,31,Pantry,60.00,75.00
2021-08-26,Bear Brand Powdered Milk 320g,13,Dairy,70.00,90.00
2021-08-26,Alaska Evap Milk 370ml,2,Dairy,32.00,42.00
2021-08-26,Ligo Sardines 155g,4,Canned Goods,18.00,25.00
2021-08-26,Sunsilk Shampoo Sachet,0,Body Care,5.00,8.00
2021-08-26,Biogesic 500mg Tablet,0,Medicine,4.00,7.00
2021-08-26,AA Batteries (pair),0,Household,35.00,55.00
2021-08-26,Sewing Needle Pack,0,Household,12.00,25.00
2021-08-27,Cooking Oil 1L,43,Pantry,60.00,75.00
2021-08-27,Bear Brand Powdered Milk 320g,12,Dairy,70.00,90.00
2021-08-27,Alaska Evap Milk 370ml,8,Dairy,32.00,42.00
2021-08-27,Ligo Sardines 155g,4,Canned Goods,18.00,25.00
2021-08-27,Sunsilk Shampoo Sachet,1,Body Care,5.00,8.00
2021-08-27,Biogesic 500mg Tablet,0,Medicine,4.00,7.00
2021-08-27,AA Batteries (pair),0,Household,35.00,55.00
2021-08-27,Sewing Needle Pack,0,Household,12.00,25.00
2021-08-28,Cooking Oil 1L,26,Pantry,60.00,75.00
2021-08-28,Bear Brand Powdered Milk 320g,18,Dairy,70.00,90.00
2021-08-28,Alaska Evap Milk 370ml,5,Dairy,32.00,42.00
2021-08-28,Ligo Sardines 155g,3,Canned Goods,18.00,25.00
2021-08-28,Sunsilk Shampoo Sachet,2,Body Care,5.00,8.00
2021-08-28,Biogesic 500mg Tablet,1,Medicine,4.00,7.00
2021-08-28,AA Batteries (pair),0,Household,35.00,55.00
2021-08-28,Sewing Needle Pack,0,Household,12.00,25.00
2021-08-29,Cooking Oil 1L,30,Pantry,60.00,75.00
2021-08-29,Bear Brand Powdered Milk 320g,26,Dairy,70.00,90.00
2021-08-29,Alaska Evap Milk 370ml,6,Dairy,32.00,42.00
2021-08-29,Ligo Sardines 155g,3,Canned Goods,18.00,25.00
2021-08-29,Sunsilk Shampoo Sachet,1,Body Care,5.00,8.00
2021-08-29,Biogesic 500mg Tablet,0,Medicine,4.00,7.00
2021-08-29,AA Batteries (pair),1,Household,35.00,55.00
2021-08-29,Sewing Needle Pack,2,Household,12.00,25.00
2021-08-30,Cooking Oil 1L,53,Pantry,60.00,75.00
2021-08-30,Bear Brand Powdered Milk 320g,12,Dairy,70.00,90.00
2021-08-30,Alaska Evap Milk 370ml,2,Dairy,32.00,42.00
2021-08-30,Ligo Sardines 155g,0,Canned Goods,18.00,25.00
2021-08-30,Sunsilk Shampoo Sachet,2,Body Care,5.00,8.00
2021-08-30,Biogesic 500mg Tablet,1,Medicine,4.00,7.00
2021-08-30,AA Batteries (pair),0,Household,35.00,55.00
2021-08-30,Sewing Needle Pack,0,Household,12.00,25.00
2021-08-31,Cooking Oil 1L,45,Pantry,60.00,75.00
2021-08-31,Bear Brand Powdered Milk 320g,17,Dairy,70.00,90.00
2021-08-31,Alaska Evap Milk 370ml,5,Dairy,32.00,42.00
2021-08-31,Ligo Sardines 155g,4,Canned Goods,18.00,25.00
2021-08-31,Sunsilk Shampoo Sachet,1,Body Care,5.00,8.00
2021-08-31,Biogesic 500mg Tablet,1,Medicine,4.00,7.00
2021-08-31,AA Batteries (pair),1,Household,35.00,55.00
2021-08-31,Sewing Needle Pack,1,Household,12.00,25.00
2021-09-01,Cooking Oil 1L,19,Pantry,60.00,75.00
2021-09-01,Bear Brand Powdered Milk 320g,14,Dairy,70.00,90.00
2021-09-01,Alaska Evap Milk 370ml,1,Dairy,32.00,42.00
2021-09-01,Ligo Sardines 155g,1,Canned Goods,18.00,25.00
2021-09-01,Sunsilk Shampoo Sachet,2,Body Care,5.00,8.00
2021-09-01,Biogesic 500mg Tablet,0,Medicine,4.00,7.00
2021-09-01,AA Batteries (pair),0,Household,35.00,55.00
2021-09-01,Sewing Needle Pack,0,Household,12.00,25.00
2021-09-02,Cooking Oil 1L,26,Pantry,60.00,75.00
2021-09-02,Bear Brand Powdered Milk 320g,13,Dairy,70.00,90.00
2021-09-02,Alaska Evap Milk 370ml,3,Dairy,32.00,42.00
2021-09-02,Ligo Sardines 155g,1,Canned Goods,18.00,25.00
2021-09-02,Sunsilk Shampoo Sachet,1,Body Care,5.00,8.00
2021-09-02,Biogesic 500mg Tablet,0,Medicine,4.00,7.00
2021-09-02,AA Batteries (pair),0,Household,35.00,55.00
2021-09-02,Sewing Needle Pack,0,Household,12.00,25.00
2021-09-03,Cooking Oil 1L,31,Pantry,60.00,75.00
2021-09-03,Bear Brand Powdered Milk 320g,17,Dairy,70.00,90.00
2021-09-03,Alaska Evap Milk 370ml,6,Dairy,32.00,42.00
2021-09-03,Ligo Sardines 155g,6,Canned Goods,18.00,25.00
2021-09-03,Sunsilk Shampoo Sachet,3,Body Care,5.00,8.00
2021-09-03,Biogesic 500mg Tablet,0,Medicine,4.00,7.00
2021-09-03,AA Batteries (pair),0,Household,35.00,55.00
2021-09-03,Sewing Needle Pack,1,Household,12.00,25.00
2021-09-04,Cooking Oil 1L,52,Pantry,60.00,75.00
2021-09-04,Bear Brand Powdered Milk 320g,25,Dairy,70.00,90.00
2021-09-04,Alaska Evap Milk 370ml,1,Dairy,32.00,42.00
2021-09-04,Ligo Sardines 155g,1,Canned Goods,18.00,25.00
2021-09-04,Sunsilk Shampoo Sachet,1,Body Care,5.00,8.00
2021-09-04,Biogesic 500mg Tablet,1,Medicine,4.00,7.00
2021-09-04,AA Batteries (pair),0,Household,35.00,55.00
2021-09-04,Sewing Needle Pack,0,Household,12.00,25.00
2021-09-05,Cooking Oil 1L,36,Pantry,60.00,75.00
2021-09-05,Bear Brand Powdered Milk 320g,17,Dairy,70.00,90.00
2021-09-05,Alaska Evap Milk 370ml,4,Dairy,32.00,42.00
2021-09-05,Ligo Sardines 155g,3,Canned Goods,18.00,25.00
2021-09-05,Sunsilk Shampoo Sachet,0,Body Care,5.00,8.00
2021-09-05,Biogesic 500mg Tablet,1,Medicine,4.00,7.00
2021-09-05,AA Batteries (pair),0,Household,35.00,55.00
2021-09-05,Sewing Needle Pack,0,Household,12.00,25.00
2021-09-06,Cooking Oil 1L,19,Pantry,60.00,75.00
2021-09-06,Bear Brand Powdered Milk 320g,15,Dairy,70.00,90.00
2021-09-06,Alaska Evap Milk 370ml,1,Dairy,32.00,42.00
2021-09-06,Ligo Sardines 155g,1,Canned Goods,18.00,25.00
2021-09-06,Sunsilk Shampoo Sachet,3,Body Care,5.00,8.00
2021-09-06,Biogesic 500mg Tablet,0,Medicine,4.00,7.00
2021-09-06,AA Batteries (pair),0,Household,35.00,55.00
2021-09-06,Sewing Needle Pack,0,Household,12.00,25.00
2021-09-07,Cooking Oil 1L,33,Pantry,60.00,75.00
2021-09-07,Bear Brand Powdered Milk 320g,16,Dairy,70.00,90.00
2021-09-07,Alaska Evap Milk 370ml,2,Dairy,32.00,42.00
2021-09-07,Ligo Sardines 155g,1,Canned Goods,18.00,25.00
2021-09-07,Sunsilk Shampoo Sachet,1,Body Care,5.00,8.00
2021-09-07,Biogesic 500mg Tablet,0,Medicine,4.00,7.00
2021-09-07,AA Batteries (pair),0,Household,35.00,55.00
2021-09-07,Sewing Needle Pack,0,Household,12.00,25.00
2021-09-08,Cooking Oil 1L,31,Pantry,60.00,75.00
2021-09-08,Bear Brand Powdered Milk 320g,15,Dairy,70.00,90.00
2021-09-08,Alaska Evap Milk 370ml,3,Dairy,32.00,42.00
2021-09-08,Ligo Sardines 155g,1,Canned Goods,18.00,25.00
2021-09-08,Sunsilk Shampoo Sachet,1,Body Care,5.00,8.00
2021-09-08,Biogesic 500mg Tablet,1,Medicine,4.00,7.00
2021-09-08,AA Batteries (pair),2,Household,35.00,55.00
2021-09-08,Sewing Needle Pack,0,Household,12.00,25.00
2021-09-09,Cooking Oil 1L,30,Pantry,60.00,75.00
2021-09-09,Bear Brand Powdered Milk 320g,11,Dairy,70.00,90.00
2021-09-09,Alaska Evap Milk 370ml,7,Dairy,32.00,42.00
2021-09-09,Ligo Sardines 155g,2,Canned Goods,18.00,25.00
2021-09-09,Sunsilk Shampoo Sachet,1,Body Care,5.00,8.00
2021-09-09,Biogesic 500mg Tablet,1,Medicine,4.00,7.00
2021-09-09,AA Batteries (pair),0,Household,35.00,55.00
2021-09-09,Sewing Needle Pack,0,Household,12.00,25.00
2021-09-10,Cooking Oil 1L,28,Pantry,60.00,75.00
2021-09-10,Bear Brand Powdered Milk 320g,15,Dairy,70.00,90.00
2021-09-10,Alaska Evap Milk 370ml,2,Dairy,32.00,42.00
2021-09-10,Ligo Sardines 155g,3,Canned Goods,18.00,25.00
2021-09-10,Sunsilk Shampoo Sachet,1,Body Care,5.00,8.00
2021-09-10,Biogesic 500mg Tablet,0,Medicine,4.00,7.00
2021-09-10,AA Batteries (pair),0,Household,35.00,55.00
2021-09-10,Sewing Needle Pack,0,Household,12.00,25.00
2021-09-11,Cooking Oil 1L,35,Pantry,60.00,75.00
2021-09-11,Bear Brand Powdered Milk 320g,16,Dairy,70.00,90.00
2021-09-11,Alaska Evap Milk 370ml,8,Dairy,32.00,42.00
2021-09-11,Ligo Sardines 155g,1,Canned Goods,18.00,25.00
2021-09-11,Sunsilk Shampoo Sachet,0,Body Care,5.00,8.00
2021-09-11,Biogesic 500mg Tablet,0,Medicine,4.00,7.00
2021-09-11,AA Batteries (pair),1,Household,35.00,55.00
2021-09-11,Sewing Needle Pack,0,Household,12.00,25.00
2021-09-12,Cooking Oil 1L,39,Pantry,60.00,75.00
2021-09-12,Bear Brand Powdered Milk 320g,21,Dairy,70.00,90.00
2021-09-12,Alaska Evap Milk 370ml,5,Dairy,32.00,42.00
2021-09-12,Ligo Sardines 155g,3,Canned Goods,18.00,25.00
2021-09-12,Sunsilk Shampoo Sachet,1,Body Care,5.00,8.00
2021-09-12,Biogesic 500mg Tablet,0,Medicine,4.00,7.00
2021-09-12,AA Batteries (pair),1,Household,35.00,55.00
2021-09-12,Sewing Needle Pack,0,Household,12.00,25.00
2021-09-13,Cooking Oil 1L,34,Pantry,60.00,75.00
2021-09-13,Bear Brand Powdered Milk 320g,17,Dairy,70.00,90.00
2021-09-13,Alaska Evap Milk 370ml,4,Dairy,32.00,42.00
2021-09-13,Ligo Sardines 155g,1,Canned Goods,18.00,25.00
2021-09-13,Sunsilk Shampoo Sachet,2,Body Care,5.00,8.00
2021-09-13,Biogesic 500mg Tablet,0,Medicine,4.00,7.00
2021-09-13,AA Batteries (pair),0,Household,35.00,55.00
2021-09-13,Sewing Needle Pack,0,Household,12.00,25.00
2021-09-14,Cooking Oil 1L,24,Pantry,60.00,75.00
2021-09-14,Bear Brand Powdered Milk 320g,7,Dairy,70.00,90.00
2021-09-14,Alaska Evap Milk 370ml,3,Dairy,32.00,42.00
2021-09-14,Ligo Sardines 155g,4,Canned Goods,18.00,25.00
2021-09-14,Sunsilk Shampoo Sachet,0,Body Care,5.00,8.00
2021-09-14,Biogesic 500mg Tablet,0,Medicine,4.00,7.00
2021-09-14,AA Batteries (pair),0,Household,35.00,55.00
2021-09-14,Sewing Needle Pack,0,Household,12.00,25.00
2021-09-15,Cooking Oil 1L,33,Pantry,60.00,75.00
2021-09-15,Bear Brand Powdered Milk 320g,7,Dairy,70.00,90.00
2021-09-15,Alaska Evap Milk 370ml,1,Dairy,32.00,42.00
2021-09-15,Ligo Sardines 155g,1,Canned Goods,18.00,25.00
2021-09-15,Sunsilk Shampoo Sachet,0,Body Care,5.00,8.00
2021-09-15,Biogesic 500mg Tablet,0,Medicine,4.00,7.00
2021-09-15,AA Batteries (pair),0,Household,35.00,55.00
2021-09-15,Sewing Needle Pack,0,Household,12.00,25.00
2021-09-16,Cooking Oil 1L,33,Pantry,60.00,75.00
2021-09-16,Bear Brand Powdered Milk 320g,15,Dairy,70.00,90.00
2021-09-16,Alaska Evap Milk 370ml,10,Dairy,32.00,42.00
2021-09-16,Ligo Sardines 155g,3,Canned Goods,18.00,25.00
2021-09-16,Sunsilk Shampoo Sachet,1,Body Care,5.00,8.00
2021-09-16,Biogesic 500mg Tablet,0,Medicine,4.00,7.00
2021-09-16,AA Batteries (pair),0,Household,35.00,55.00
2021-09-16,Sewing Needle Pack,0,Household,12.00,25.00
2021-09-17,Cooking Oil 1L,38,Pantry,60.00,75.00
2021-09-17,Bear Brand Powdered Milk 320g,18,Dairy,70.00,90.00
2021-09-17,Alaska Evap Milk 370ml,3,Dairy,32.00,42.00
2021-09-17,Ligo Sardines 155g,2,Canned Goods,18.00,25.00
2021-09-17,Sunsilk Shampoo Sachet,0,Body Care,5.00,8.00
2021-09-17,Biogesic 500mg Tablet,0,Medicine,4.00,7.00
2021-09-17,AA Batteries (pair),0,Household,35.00,55.00
2021-09-17,Sewing Needle Pack,0,Household,12.00,25.00
2021-09-18,Cooking Oil 1L,40,Pantry,60.00,75.00
2021-09-18,Bear Brand Powdered Milk 320g,20,Dairy,70.00,90.00
2021-09-18,Alaska Evap Milk 370ml,3,Dairy,32.00,42.00
2021-09-18,Ligo Sardines 155g,2,Canned Goods,18.00,25.00
2021-09-18,Sunsilk Shampoo Sachet,1,Body Care,5.00,8.00
2021-09-18,Biogesic 500mg Tablet,1,Medicine,4.00,7.00
2021-09-18,AA Batteries (pair),0,Household,35.00,55.00
2021-09-18,Sewing Needle Pack,0,Household,12.00,25.00
2021-09-19,Cooking Oil 1L,18,Pantry,60.00,75.00
2021-09-19,Bear Brand Powdered Milk 320g,14,Dairy,70.00,90.00
2021-09-19,Alaska Evap Milk 370ml,2,Dairy,32.00,42.00
2021-09-19,Ligo Sardines 155g,1,Canned Goods,18.00,25.00
2021-09-19,Sunsilk Shampoo Sachet,0,Body Care,5.00,8.00
2021-09-19,Biogesic 500mg Tablet,0,Medicine,4.00,7.00
2021-09-19,AA Batteries (pair),0,Household,35.00,55.00
2021-09-19,Sewing Needle Pack,0,Household,12.00,25.00
2021-09-20,Cooking Oil 1L,23,Pantry,60.00,75.00
2021-09-20,Bear Brand Powdered Milk 320g,8,Dairy,70.00,90.00
2021-09-20,Alaska Evap Milk 370ml,4,Dairy,32.00,42.00
2021-09-20,Ligo Sardines 155g,2,Canned Goods,18.00,25.00
2021-09-20,Sunsilk Shampoo Sachet,3,Body Care,5.00,8.00
2021-09-20,Biogesic 500mg Tablet,0,Medicine,4.00,7.00
2021-09-20,AA Batteries (pair),0,Household,35.00,55.00
2021-09-20,Sewing Needle Pack,1,Household,12.00,25.00
2021-09-21,Cooking Oil 1L,14,Pantry,60.00,75.00
2021-09-21,Bear Brand Powdered Milk 320g,17,Dairy,70.00,90.00
2021-09-21,Alaska Evap Milk 370ml,5,Dairy,32.00,42.00
2021-09-21,Ligo Sardines 155g,0,Canned Goods,18.00,25.00
2021-09-21,Sunsilk Shampoo Sachet,1,Body Care,5.00,8.00
2021-09-21,Biogesic 500mg Tablet,2,Medicine,4.00,7.00
2021-09-21,AA Batteries (pair),0,Household,35.00,55.00
2021-09-21,Sewing Needle Pack,0,Household,12.00,25.00
2021-09-22,Cooking Oil 1L,31,Pantry,60.00,75.00
2021-09-22,Bear Brand Powdered Milk 320g,13,Dairy,70.00,90.00
2021-09-22,Alaska Evap Milk 370ml,4,Dairy,32.00,42.00
2021-09-22,Ligo Sardines 155g,2,Canned Goods,18.00,25.00
2021-09-22,Sunsilk Shampoo Sachet,0,Body Care,5.00,8.00
2021-09-22,Biogesic 500mg Tablet,0,Medicine,4.00,7.00
2021-09-22,AA Batteries (pair),0,Household,35.00,55.00
2021-09-22,Sewing Needle Pack,0,Household,12.00,25.00
2021-09-23,Cooking Oil 1L,35,Pantry,60.00,75.00
2021-09-23,Bear Brand Powdered Milk 320g,14,Dairy,70.00,90.00
2021-09-23,Alaska Evap Milk 370ml,3,Dairy,32.00,42.00
2021-09-23,Ligo Sardines 155g,4,Canned Goods,18.00,25.00
2021-09-23,Sunsilk Shampoo Sachet,1,Body Care,5.00,8.00
2021-09-23,Biogesic 500mg Tablet,0,Medicine,4.00,7.00
2021-09-23,AA Batteries (pair),0,Household,35.00,55.00
2021-09-23,Sewing Needle Pack,0,Household,12.00,25.00
2021-09-24,Cooking Oil 1L,25,Pantry,60.00,75.00
2021-09-24,Bear Brand Powdered Milk 320g,22,Dairy,70.00,90.00
2021-09-24,Alaska Evap Milk 370ml,7,Dairy,32.00,42.00
2021-09-24,Ligo Sardines 155g,2,Canned Goods,18.00,25.00
2021-09-24,Sunsilk Shampoo Sachet,2,Body Care,5.00,8.00
2021-09-24,Biogesic 500mg Tablet,1,Medicine,4.00,7.00
2021-09-24,AA Batteries (pair),0,Household,35.00,55.00
2021-09-24,Sewing Needle Pack,0,Household,12.00,25.00
2021-09-25,Cooking Oil 1L,25,Pantry,60.00,75.00
2021-09-25,Bear Brand Powdered Milk 320g,23,Dairy,70.00,90.00
2021-09-25,Alaska Evap Milk 370ml,4,Dairy,32.00,42.00
2021-09-25,Ligo Sardines 155g,1,Canned Goods,18.00,25.00
2021-09-25,Sunsilk Shampoo Sachet,0,Body Care,5.00,8.00
2021-09-25,Biogesic 500mg Tablet,0,Medicine,4.00,7.00
2021-09-25,AA Batteries (pair),0,Household,35.00,55.00
2021-09-25,Sewing Needle Pack,0,Household,12.00,25.00
2021-09-26,Cooking Oil 1L,19,Pantry,60.00,75.00
2021-09-26,Bear Brand Powdered Milk 320g,15,Dairy,70.00,90.00
2021-09-26,Alaska Evap Milk 370ml,2,Dairy,32.00,42.00
2021-09-26,Ligo Sardines 155g,4,Canned Goods,18.00,25.00
2021-09-26,Sunsilk Shampoo Sachet,4,Body Care,5.00,8.00
2021-09-26,Biogesic 500mg Tablet,0,Medicine,4.00,7.00
2021-09-26,AA Batteries (pair),0,Household,35.00,55.00
2021-09-26,Sewing Needle Pack,0,Household,12.00,25.00
2021-09-27,Cooking Oil 1L,28,Pantry,60.00,75.00
2021-09-27,Bear Brand Powdered Milk 320g,14,Dairy,70.00,90.00
2021-09-27,Alaska Evap Milk 370ml,4,Dairy,32.00,42.00
2021-09-27,Ligo Sardines 155g,1,Canned Goods,18.00,25.00
2021-09-27,Sunsilk Shampoo Sachet,0,Body Care,5.00,8.00
2021-09-27,Biogesic 500mg Tablet,0,Medicine,4.00,7.00
2021-09-27,AA Batteries (pair),1,Household,35.00,55.00
2021-09-27,Sewing Needle Pack,0,Household,12.00,25.00
2021-09-28,Cooking Oil 1L,49,Pantry,60.00,75.00
2021-09-28,Bear Brand Powdered Milk 320g,15,Dairy,70.00,90.00
2021-09-28,Alaska Evap Milk 370ml,5,Dairy,32.00,42.00
2021-09-28,Ligo Sardines 155g,2,Canned Goods,18.00,25.00
2021-09-28,Sunsilk Shampoo Sachet,0,Body Care,5.00,8.00
2021-09-28,Biogesic 500mg Tablet,0,Medicine,4.00,7.00
2021-09-28,AA Batteries (pair),0,Household,35.00,55.00
2021-09-28,Sewing Needle Pack,0,Household,12.00,25.00
2021-09-29,Cooking Oil 1L,35,Pantry,60.00,75.00
2021-09-29,Bear Brand Powdered Milk 320g,20,Dairy,70.00,90.00
2021-09-29,Alaska Evap Milk 370ml,3,Dairy,32.00,42.00
2021-09-29,Ligo Sardines 155g,0,Canned Goods,18.00,25.00
2021-09-29,Sunsilk Shampoo Sachet,1,Body Care,5.00,8.00
2021-09-29,Biogesic 500mg Tablet,0,Medicine,4.00,7.00
2021-09-29,AA Batteries (pair),1,Household,35.00,55.00
2021-09-29,Sewing Needle Pack,0,Household,12.00,25.00
2021-09-30,Cooking Oil 1L,60,Pantry,60.00,75.00
2021-09-30,Bear Brand Powdered Milk 320g,25,Dairy,70.00,90.00
2021-09-30,Alaska Evap Milk 370ml,4,Dairy,32.00,42.00
2021-09-30,Ligo Sardines 155g,3,Canned Goods,18.00,25.00
2021-09-30,Sunsilk Shampoo Sachet,1,Body Care,5.00,8.00
2021-09-30,Biogesic 500mg Tablet,0,Medicine,4.00,7.00
2021-09-30,AA Batteries (pair),0,Household,35.00,55.00
2021-09-30,Sewing Needle Pack,0,Household,12.00,25.00
2021-10-01,Cooking Oil 1L,50,Pantry,60.00,75.00
2021-10-01,Bear Brand Powdered Milk 320g,22,Dairy,70.00,90.00
2021-10-01,Alaska Evap Milk 370ml,4,Dairy,32.00,42.00
2021-10-01,Ligo Sardines 155g,3,Canned Goods,18.00,25.00
2021-10-01,Sunsilk Shampoo Sachet,2,Body Care,5.00,8.00
2021-10-01,Biogesic 500mg Tablet,1,Medicine,4.00,7.00
2021-10-01,AA Batteries (pair),0,Household,35.00,55.00
2021-10-01,Sewing Needle Pack,0,Household,12.00,25.00
2021-10-02,Cooking Oil 1L,47,Pantry,60.00,75.00
2021-10-02,Bear Brand Powdered Milk 320g,15,Dairy,70.00,90.00
2021-10-02,Alaska Evap Milk 370ml,5,Dairy,32.00,42.00
2021-10-02,Ligo Sardines 155g,5,Canned Goods,18.00,25.00
2021-10-02,Sunsilk Shampoo Sachet,1,Body Care,5.00,8.00
2021-10-02,Biogesic 500mg Tablet,2,Medicine,4.00,7.00
2021-10-02,AA Batteries (pair),0,Household,35.00,55.00
2021-10-02,Sewing Needle Pack,1,Household,12.00,25.00
2021-10-03,Cooking Oil 1L,32,Pantry,60.00,75.00
2021-10-03,Bear Brand Powdered Milk 320g,18,Dairy,70.00,90.00
2021-10-03,Alaska Evap Milk 370ml,4,Dairy,32.00,42.00
2021-10-03,Ligo Sardines 155g,2,Canned Goods,18.00,25.00
2021-10-03,Sunsilk Shampoo Sachet,2,Body Care,5.00,8.00
2021-10-03,Biogesic 500mg Tablet,0,Medicine,4.00,7.00
2021-10-03,AA Batteries (pair),0,Household,35.00,55.00
2021-10-03,Sewing Needle Pack,0,Household,12.00,25.00
2021-10-04,Cooking Oil 1L,42,Pantry,60.00,75.00
2021-10-04,Bear Brand Powdered Milk 320g,15,Dairy,70.00,90.00
2021-10-04,Alaska Evap Milk 370ml,4,Dairy,32.00,42.00
2021-10-04,Ligo Sardines 155g,4,Canned Goods,18.00,25.00
2021-10-04,Sunsilk Shampoo Sachet,0,Body Care,5.00,8.00
2021-10-04,Biogesic 500mg Tablet,1,Medicine,4.00,7.00
2021-10-04,AA Batteries (pair),0,Household,35.00,55.00
2021-10-04,Sewing Needle Pack,0,Household,12.00,25.00
2021-10-05,Cooking Oil 1L,38,Pantry,60.00,75.00
2021-10-05,Bear Brand Powdered Milk 320g,17,Dairy,70.00,90.00
2021-10-05,Alaska Evap Milk 370ml,3,Dairy,32.00,42.00
2021-10-05,Ligo Sardines 155g,0,Canned Goods,18.00,25.00
2021-10-05,Sunsilk Shampoo Sachet,0,Body Care,5.00,8.00
2021-10-05,Biogesic 500mg Tablet,0,Medicine,4.00,7.00
2021-10-05,AA Batteries (pair),0,Household,35.00,55.00
2021-10-05,Sewing Needle Pack,0,Household,12.00,25.00
2021-10-06,Cooking Oil 1L,28,Pantry,60.00,75.00
2021-10-06,Bear Brand Powdered Milk 320g,9,Dairy,70.00,90.00
2021-10-06,Alaska Evap Milk 370ml,4,Dairy,32.00,42.00
2021-10-06,Ligo Sardines 155g,3,Canned Goods,18.00,25.00
2021-10-06,Sunsilk Shampoo Sachet,1,Body Care,5.00,8.00
2021-10-06,Biogesic 500mg Tablet,0,Medicine,4.00,7.00
2021-10-06,AA Batteries (pair),0,Household,35.00,55.00
2021-10-06,Sewing Needle Pack,0,Household,12.00,25.00
2021-10-07,Cooking Oil 1L,48,Pantry,60.00,75.00
2021-10-07,Bear Brand Powdered Milk 320g,9,Dairy,70.00,90.00
2021-10-07,Alaska Evap Milk 370ml,3,Dairy,32.00,42.00
2021-10-07,Ligo Sardines 155g,1,Canned Goods,18.00,25.00
2021-10-07,Sunsilk Shampoo Sachet,2,Body Care,5.00,8.00
2021-10-07,Biogesic 500mg Tablet,0,Medicine,4.00,7.00
2021-10-07,AA Batteries (pair),1,Household,35.00,55.00
2021-10-07,Sewing Needle Pack,0,Household,12.00,25.00
2021-10-08,Cooking Oil 1L,33,Pantry,60.00,75.00
2021-10-08,Bear Brand Powdered Milk 320g,24,Dairy,70.00,90.00
2021-10-08,Alaska Evap Milk 370ml,4,Dairy,32.00,42.00
2021-10-08,Ligo Sardines 155g,3,Canned Goods,18.00,25.00
2021-10-08,Sunsilk Shampoo Sachet,4,Body Care,5.00,8.00
2021-10-08,Biogesic 500mg Tablet,1,Medicine,4.00,7.00
2021-10-08,AA Batteries (pair),0,Household,35.00,55.00
2021-10-08,Sewing Needle Pack,0,Household,12.00,25.00
2021-10-09,Cooking Oil 1L,36,Pantry,60.00,75.00
2021-10-09,Bear Brand Powdered Milk 320g,23,Dairy,70.00,90.00
2021-10-09,Alaska Evap Milk 370ml,5,Dairy,32.00,42.00
2021-10-09,Ligo Sardines 155g,3,Canned Goods,18.00,25.00
2021-10-09,Sunsilk Shampoo Sachet,2,Body Care,5.00,8.00
2021-10-09,Biogesic 500mg Tablet,1,Medicine,4.00,7.00
2021-10-09,AA Batteries (pair),1,Household,35.00,55.00
2021-10-09,Sewing Needle Pack,0,Household,12.00,25.00
2021-10-10,Cooking Oil 1L,29,Pantry,60.00,75.00
2021-10-10,Bear Brand Powdered Milk 320g,20,Dairy,70.00,90.00
2021-10-10,Alaska Evap Milk 370ml,3,Dairy,32.00,42.00
2021-10-10,Ligo Sardines 155g,5,Canned Goods,18.00,25.00
2021-10-10,Sunsilk Shampoo Sachet,2,Body Care,5.00,8.00
2021-10-10,Biogesic 500mg Tablet,0,Medicine,4.00,7.00
2021-10-10,AA Batteries (pair),0,Household,35.00,55.00
2021-10-10,Sewing Needle Pack,0,Household,12.00,25.00
2021-10-11,Cooking Oil 1L,41,Pantry,60.00,75.00
2021-10-11,Bear Brand Powdered Milk 320g,8,Dairy,70.00,90.00
2021-10-11,Alaska Evap Milk 370ml,2,Dairy,32.00,42.00
2021-10-11,Ligo Sardines 155g,2,Canned Goods,18.00,25.00
2021-10-11,Sunsilk Shampoo Sachet,0,Body Care,5.00,8.00
2021-10-11,Biogesic 500mg Tablet,1,Medicine,4.00,7.00
2021-10-11,AA Batteries (pair),0,Household,35.00,55.00
2021-10-11,Sewing Needle Pack,1,Household,12.00,25.00
2021-10-12,Cooking Oil 1L,16,Pantry,60.00,75.00
2021-10-12,Bear Brand Powdered Milk 320g,14,Dairy,70.00,90.00
2021-10-12,Alaska Evap Milk 370ml,1,Dairy,32.00,42.00
2021-10-12,Ligo Sardines 155g,1,Canned Goods,18.00,25.00
2021-10-12,Sunsilk Shampoo Sachet,1,Body Care,5.00,8.00
2021-10-12,Biogesic 500mg Tablet,1,Medicine,4.00,7.00
2021-10-12,AA Batteries (pair),0,Household,35.00,55.00
2021-10-12,Sewing Needle Pack,0,Household,12.00,25.00
2021-10-13,Cooking Oil 1L,31,Pantry,60.00,75.00
2021-10-13,Bear Brand Powdered Milk 320g,14,Dairy,70.00,90.00
2021-10-13,Alaska Evap Milk 370ml,6,Dairy,32.00,42.00
2021-10-13,Ligo Sardines 155g,1,Canned Goods,18.00,25.00
2021-10-13,Sunsilk Shampoo Sachet,1,Body Care,5.00,8.00
2021-10-13,Biogesic 500mg Tablet,1,Medicine,4.00,7.00
2021-10-13,AA Batteries (pair),0,Household,35.00,55.00
2021-10-13,Sewing Needle Pack,0,Household,12.00,25.00
2021-10-14,Cooking Oil 1L,33,Pantry,60.00,75.00
2021-10-14,Bear Brand Powdered Milk 320g,15,Dairy,70.00,90.00
2021-10-14,Alaska Evap Milk 370ml,4,Dairy,32.00,42.00
2021-10-14,Ligo Sardines 155g,0,Canned Goods,18.00,25.00
2021-10-14,Sunsilk Shampoo Sachet,1,Body Care,5.00,8.00
2021-10-14,Biogesic 500mg Tablet,1,Medicine,4.00,7.00
2021-10-14,AA Batteries (pair),0,Household,35.00,55.00
2021-10-14,Sewing Needle Pack,0,Household,12.00,25.00
2021-10-15,Cooking Oil 1L,40,Pantry,60.00,75.00
2021-10-15,Bear Brand Powdered Milk 320g,17,Dairy,70.00,90.00
2021-10-15,Alaska Evap Milk 370ml,2,Dairy,32.00,42.00
2021-10-15,Ligo Sardines 155g,3,Canned Goods,18.00,25.00
2021-10-15,Sunsilk Shampoo Sachet,2,Body Care,5.00,8.00
2021-10-15,Biogesic 500mg Tablet,1,Medicine,4.00,7.00
2021-10-15,AA Batteries (pair),0,Household,35.00,55.00
2021-10-15,Sewing Needle Pack,1,Household,12.00,25.00
2021-10-16,Cooking Oil 1L,33,Pantry,60.00,75.00
2021-10-16,Bear Brand Powdered Milk 320g,14,Dairy,70.00,90.00
2021-10-16,Alaska Evap Milk 370ml,8,Dairy,32.00,42.00
2021-10-16,Ligo Sardines 155g,2,Canned Goods,18.00,25.00
2021-10-16,Sunsilk Shampoo Sachet,0,Body Care,5.00,8.00
2021-10-16,Biogesic 500mg Tablet,0,Medicine,4.00,7.00
2021-10-16,AA Batteries (pair),0,Household,35.00,55.00
2021-10-16,Sewing Needle Pack,0,Household,12.00,25.00
2021-10-17,Cooking Oil 1L,7,Pantry,60.00,75.00
2021-10-17,Bear Brand Powdered Milk 320g,5,Dairy,70.00,90.00
2021-10-17,Alaska Evap Milk 370ml,3,Dairy,32.00,42.00
2021-10-17,Ligo Sardines 155g,0,Canned Goods,18.00,25.00
2021-10-17,Sunsilk Shampoo Sachet,2,Body Care,5.00,8.00
2021-10-17,Biogesic 500mg Tablet,4,Medicine,4.00,7.00
2021-10-17,AA Batteries (pair),1,Household,35.00,55.00
2021-10-17,Sewing Needle Pack,0,Household,12.00,25.00
2021-10-18,Cooking Oil 1L,25,Pantry,60.00,75.00
2021-10-18,Bear Brand Powdered Milk 320g,18,Dairy,70.00,90.00
2021-10-18,Alaska Evap Milk 370ml,4,Dairy,32.00,42.00
2021-10-18,Ligo Sardines 155g,4,Canned Goods,18.00,25.00
2021-10-18,Sunsilk Shampoo Sachet,1,Body Care,5.00,8.00
2021-10-18,Biogesic 500mg Tablet,0,Medicine,4.00,7.00
2021-10-18,AA Batteries (pair),1,Household,35.00,55.00
2021-10-18,Sewing Needle Pack,0,Household,12.00,25.00
2021-10-19,Cooking Oil 1L,30,Pantry,60.00,75.00
2021-10-19,Bear Brand Powdered Milk 320g,7,Dairy,70.00,90.00
2021-10-19,Alaska Evap Milk 370ml,2,Dairy,32.00,42.00
2021-10-19,Ligo Sardines 155g,1,Canned Goods,18.00,25.00
2021-10-19,Sunsilk Shampoo Sachet,0,Body Care,5.00,8.00
2021-10-19,Biogesic 500mg Tablet,0,Medicine,4.00,7.00
2021-10-19,AA Batteries (pair),0,Household,35.00,55.00
2021-10-19,Sewing Needle Pack,0,Household,12.00,25.00
2021-10-20,Cooking Oil 1L,24,Pantry,60.00,75.00
2021-10-20,Bear Brand Powdered Milk 320g,12,Dairy,70.00,90.00
2021-10-20,Alaska Evap Milk 370ml,5,Dairy,32.00,42.00
2021-10-20,Ligo Sardines 155g,1,Canned Goods,18.00,25.00
2021-10-20,Sunsilk Shampoo Sachet,1,Body Care,5.00,8.00
2021-10-20,Biogesic 500mg Tablet,3,Medicine,4.00,7.00
2021-10-20,AA Batteries (pair),1,Household,35.00,55.00
2021-10-20,Sewing Needle Pack,0,Household,12.00,25.00
2021-10-21,Cooking Oil 1L,33,Pantry,60.00,75.00
2021-10-21,Bear Brand Powdered Milk 320g,6,Dairy,70.00,90.00
2021-10-21,Alaska Evap Milk 370ml,1,Dairy,32.00,42.00
2021-10-21,Ligo Sardines 155g,0,Canned Goods,18.00,25.00
2021-10-21,Sunsilk Shampoo Sachet,0,Body Care,5.00,8.00
2021-10-21,Biogesic 500mg Tablet,0,Medicine,4.00,7.00
2021-10-21,AA Batteries (pair),0,Household,35.00,55.00
2021-10-21,Sewing Needle Pack,0,Household,12.00,25.00
2021-10-22,Cooking Oil 1L,41,Pantry,60.00,75.00
2021-10-22,Bear Brand Powdered Milk 320g,23,Dairy,70.00,90.00
2021-10-22,Alaska Evap Milk 370ml,6,Dairy,32.00,42.00
2021-10-22,Ligo Sardines 155g,4,Canned Goods,18.00,25.00
2021-10-22,Sunsilk Shampoo Sachet,1,Body Care,5.00,8.00
2021-10-22,Biogesic 500mg Tablet,1,Medicine,4.00,7.00
2021-10-22,AA Batteries (pair),0,Household,35.00,55.00
2021-10-22,Sewing Needle Pack,0,Household,12.00,25.00
2021-10-23,Cooking Oil 1L,42,Pantry,60.00,75.00
2021-10-23,Bear Brand Powdered Milk 320g,15,Dairy,70.00,90.00
2021-10-23,Alaska Evap Milk 370ml,4,Dairy,32.00,42.00
2021-10-23,Ligo Sardines 155g,1,Canned Goods,18.00,25.00
2021-10-23,Sunsilk Shampoo Sachet,0,Body Care,5.00,8.00
2021-10-23,Biogesic 500mg Tablet,0,Medicine,4.00,7.00
2021-10-23,AA Batteries (pair),0,Household,35.00,55.00
2021-10-23,Sewing Needle Pack,0,Household,12.00,25.00
2021-10-24,Cooking Oil 1L,37,Pantry,60.00,75.00
2021-10-24,Bear Brand Powdered Milk 320g,15,Dairy,70.00,90.00
2021-10-24,Alaska Evap Milk 370ml,2,Dairy,32.00,42.00
2021-10-24,Ligo Sardines 155g,3,Canned Goods,18.00,25.00
2021-10-24,Sunsilk Shampoo Sachet,1,Body Care,5.00,8.00
2021-10-24,Biogesic 500mg Tablet,0,Medicine,4.00,7.00
2021-10-24,AA Batteries (pair),1,Household,35.00,55.00
2021-10-24,Sewing Needle Pack,1,Household,12.00,25.00
2021-10-25,Cooking Oil 1L,19,Pantry,60.00,75.00
2021-10-25,Bear Brand Powdered Milk 320g,14,Dairy,70.00,90.00
2021-10-25,Alaska Evap Milk 370ml,2,Dairy,32.00,42.00
2021-10-25,Ligo Sardines 155g,5,Canned Goods,18.00,25.00
2021-10-25,Sunsilk Shampoo Sachet,1,Body Care,5.00,8.00
2021-10-25,Biogesic 500mg Tablet,0,Medicine,4.00,7.00
2021-10-25,AA Batteries (pair),0,Household,35.00,55.00
2021-10-25,Sewing Needle Pack,0,Household,12.00,25.00
2021-10-26,Cooking Oil 1L,19,Pantry,60.00,75.00
2021-10-26,Bear Brand Powdered Milk 320g,16,Dairy,70.00,90.00
2021-10-26,Alaska Evap Milk 370ml,3,Dairy,32.00,42.00
2021-10-26,Ligo Sardines 155g,1,Canned Goods,18.00,25.00
2021-10-26,Sunsilk Shampoo Sachet,1,Body Care,5.00,8.00
2021-10-26,Biogesic 500mg Tablet,0,Medicine,4.00,7.00
2021-10-26,AA Batteries (pair),1,Household,35.00,55.00
2021-10-26,Sewing Needle Pack,0,Household,12.00,25.00
2021-10-27,Cooking Oil 1L,22,Pantry,60.00,75.00
2021-10-27,Bear Brand Powdered Milk 320g,15,Dairy,70.00,90.00
2021-10-27,Alaska Evap Milk 370ml,2,Dairy,32.00,42.00
2021-10-27,Ligo Sardines 155g,4,Canned Goods,18.00,25.00
2021-10-27,Sunsilk Shampoo Sachet,0,Body Care,5.00,8.00
2021-10-27,Biogesic 500mg Tablet,0,Medicine,4.00,7.00
2021-10-27,AA Batteries (pair),0,Household,35.00,55.00
2021-10-27,Sewing Needle Pack,0,Household,12.00,25.00
2021-10-28,Cooking Oil 1L,29,Pantry,60.00,75.00
2021-10-28,Bear Brand Powdered Milk 320g,7,Dairy,70.00,90.00
2021-10-28,Alaska Evap Milk 370ml,6,Dairy,32.00,42.00
2021-10-28,Ligo Sardines 155g,0,Canned Goods,18.00,25.00
2021-10-28,Sunsilk Shampoo Sachet,1,Body Care,5.00,8.00
2021-10-28,Biogesic 500mg Tablet,0,Medicine,4.00,7.00
2021-10-28,AA Batteries (pair),0,Household,35.00,55.00
2021-10-28,Sewing Needle Pack,0,Household,12.00,25.00
2021-10-29,Cooking Oil 1L,52,Pantry,60.00,75.00
2021-10-29,Bear Brand Powdered Milk 320g,10,Dairy,70.00,90.00
2021-10-29,Alaska Evap Milk 370ml,10,Dairy,32.00,42.00
2021-10-29,Ligo Sardines 155g,3,Canned Goods,18.00,25.00
2021-10-29,Sunsilk Shampoo Sachet,0,Body Care,5.00,8.00
2021-10-29,Biogesic 500mg Tablet,0,Medicine,4.00,7.00
2021-10-29,AA Batteries (pair),0,Household,35.00,55.00
2021-10-29,Sewing Needle Pack,0,Household,12.00,25.00
2021-10-30,Cooking Oil 1L,37,Pantry,60.00,75.00
2021-10-30,Bear Brand Powdered Milk 320g,13,Dairy,70.00,90.00
2021-10-30,Alaska Evap Milk 370ml,11,Dairy,32.00,42.00
2021-10-30,Ligo Sardines 155g,3,Canned Goods,18.00,25.00
2021-10-30,Sunsilk Shampoo Sachet,4,Body Care,5.00,8.00
2021-10-30,Biogesic 500mg Tablet,0,Medicine,4.00,7.00
2021-10-30,AA Batteries (pair),0,Household,35.00,55.00
2021-10-30,Sewing Needle Pack,0,Household,12.00,25.00
2021-10-31,Cooking Oil 1L,91,Pantry,60.00,75.00
2021-10-31,Bear Brand Powdered Milk 320g,27,Dairy,70.00,90.00
2021-10-31,Alaska Evap Milk 370ml,4,Dairy,32.00,42.00
2021-10-31,Ligo Sardines 155g,2,Canned Goods,18.00,25.00
2021-10-31,Sunsilk Shampoo Sachet,2,Body Care,5.00,8.00
2021-10-31,Biogesic 500mg Tablet,2,Medicine,4.00,7.00
2021-10-31,AA Batteries (pair),2,Household,35.00,55.00
2021-10-31,Sewing Needle Pack,0,Household,12.00,25.00
2021-11-01,Cooking Oil 1L,44,Pantry,60.00,75.00
2021-11-01,Bear Brand Powdered Milk 320g,9,Dairy,70.00,90.00
2021-11-01,Alaska Evap Milk 370ml,5,Dairy,32.00,42.00
2021-11-01,Ligo Sardines 155g,0,Canned Goods,18.00,25.00
2021-11-01,Sunsilk Shampoo Sachet,1,Body Care,5.00,8.00
2021-11-01,Biogesic 500mg Tablet,0,Medicine,4.00,7.00
2021-11-01,AA Batteries (pair),0,Household,35.00,55.00
2021-11-01,Sewing Needle Pack,0,Household,12.00,25.00
2021-11-02,Cooking Oil 1L,34,Pantry,60.00,75.00
2021-11-02,Bear Brand Powdered Milk 320g,17,Dairy,70.00,90.00
2021-11-02,Alaska Evap Milk 370ml,3,Dairy,32.00,42.00
2021-11-02,Ligo Sardines 155g,5,Canned Goods,18.00,25.00
2021-11-02,Sunsilk Shampoo Sachet,1,Body Care,5.00,8.00
2021-11-02,Biogesic 500mg Tablet,0,Medicine,4.00,7.00
2021-11-02,AA Batteries (pair),0,Household,35.00,55.00
2021-11-02,Sewing Needle Pack,0,Household,12.00,25.00
2021-11-03,Cooking Oil 1L,14,Pantry,60.00,75.00
2021-11-03,Bear Brand Powdered Milk 320g,12,Dairy,70.00,90.00
2021-11-03,Alaska Evap Milk 370ml,7,Dairy,32.00,42.00
2021-11-03,Ligo Sardines 155g,1,Canned Goods,18.00,25.00
2021-11-03,Sunsilk Shampoo Sachet,1,Body Care,5.00,8.00
2021-11-03,Biogesic 500mg Tablet,0,Medicine,4.00,7.00
2021-11-03,AA Batteries (pair),0,Household,35.00,55.00
2021-11-03,Sewing Needle Pack,0,Household,12.00,25.00
2021-11-04,Cooking Oil 1L,26,Pantry,60.00,75.00
2021-11-04,Bear Brand Powdered Milk 320g,13,Dairy,70.00,90.00
2021-11-04,Alaska Evap Milk 370ml,2,Dairy,32.00,42.00
2021-11-04,Ligo Sardines 155g,2,Canned Goods,18.00,25.00
2021-11-04,Sunsilk Shampoo Sachet,0,Body Care,5.00,8.00
2021-11-04,Biogesic 500mg Tablet,1,Medicine,4.00,7.00
2021-11-04,AA Batteries (pair),0,Household,35.00,55.00
2021-11-04,Sewing Needle Pack,0,Household,12.00,25.00
2021-11-05,Cooking Oil 1L,36,Pantry,60.00,75.00
2021-11-05,Bear Brand Powdered Milk 320g,17,Dairy,70.00,90.00
2021-11-05,Alaska Evap Milk 370ml,6,Dairy,32.00,42.00
2021-11-05,Ligo Sardines 155g,0,Canned Goods,18.00,25.00
2021-11-05,Sunsilk Shampoo Sachet,0,Body Care,5.00,8.00
2021-11-05,Biogesic 500mg Tablet,0,Medicine,4.00,7.00
2021-11-05,AA Batteries (pair),0,Household,35.00,55.00
2021-11-05,Sewing Needle Pack,0,Household,12.00,25.00
2021-11-06,Cooking Oil 1L,44,Pantry,60.00,75.00
2021-11-06,Bear Brand Powdered Milk 320g,11,Dairy,70.00,90.00
2021-11-06,Alaska Evap Milk 370ml,4,Dairy,32.00,42.00
2021-11-06,Ligo Sardines 155g,2,Canned Goods,18.00,25.00
2021-11-06,Sunsilk Shampoo Sachet,0,Body Care,5.00,8.00
2021-11-06,Biogesic 500mg Tablet,1,Medicine,4.00,7.00
2021-11-06,AA Batteries (pair),0,Household,35.00,55.00
2021-11-06,Sewing Needle Pack,0,Household,12.00,25.00
2021-11-07,Cooking Oil 1L,20,Pantry,60.00,75.00
2021-11-07,Bear Brand Powdered Milk 320g,18,Dairy,70.00,90.00
2021-11-07,Alaska Evap Milk 370ml,3,Dairy,32.00,42.00
2021-11-07,Ligo Sardines 155g,0,Canned Goods,18.00,25.00
2021-11-07,Sunsilk Shampoo Sachet,0,Body Care,5.00,8.00
2021-11-07,Biogesic 500mg Tablet,0,Medicine,4.00,7.00
2021-11-07,AA Batteries (pair),0,Household,35.00,55.00
2021-11-07,Sewing Needle Pack,0,Household,12.00,25.00
2021-11-08,Cooking Oil 1L,25,Pantry,60.00,75.00
2021-11-08,Bear Brand Powdered Milk 320g,13,Dairy,70.00,90.00
2021-11-08,Alaska Evap Milk 370ml,2,Dairy,32.00,42.00
2021-11-08,Ligo Sardines 155g,1,Canned Goods,18.00,25.00
2021-11-08,Sunsilk Shampoo Sachet,1,Body Care,5.00,8.00
2021-11-08,Biogesic 500mg Tablet,0,Medicine,4.00,7.00
2021-11-08,AA Batteries (pair),0,Household,35.00,55.00
2021-11-08,Sewing Needle Pack,0,Household,12.00,25.00
2021-11-09,Cooking Oil 1L,22,Pantry,60.00,75.00
2021-11-09,Bear Brand Powdered Milk 320g,19,Dairy,70.00,90.00
2021-11-09,Alaska Evap Milk 370ml,4,Dairy,32.00,42.00
2021-11-09,Ligo Sardines 155g,2,Canned Goods,18.00,25.00
2021-11-09,Sunsilk Shampoo Sachet,1,Body Care,5.00,8.00
2021-11-09,Biogesic 500mg Tablet,1,Medicine,4.00,7.00
2021-11-09,AA Batteries (pair),0,Household,35.00,55.00
2021-11-09,Sewing Needle Pack,0,Household,12.00,25.00
2021-11-10,Cooking Oil 1L,23,Pantry,60.00,75.00
2021-11-10,Bear Brand Powdered Milk 320g,12,Dairy,70.00,90.00
2021-11-10,Alaska Evap Milk 370ml,2,Dairy,32.00,42.00
2021-11-10,Ligo Sardines 155g,0,Canned Goods,18.00,25.00
2021-11-10,Sunsilk Shampoo Sachet,0,Body Care,5.00,8.00
2021-11-10,Biogesic 500mg Tablet,0,Medicine,4.00,7.00
2021-11-10,AA Batteries (pair),0,Household,35.00,55.00
2021-11-10,Sewing Needle Pack,0,Household,12.00,25.00
2021-11-11,Cooking Oil 1L,29,Pantry,60.00,75.00
2021-11-11,Bear Brand Powdered Milk 320g,12,Dairy,70.00,90.00
2021-11-11,Alaska Evap Milk 370ml,6,Dairy,32.00,42.00
2021-11-11,Ligo Sardines 155g,6,Canned Goods,18.00,25.00
2021-11-11,Sunsilk Shampoo Sachet,2,Body Care,5.00,8.00
2021-11-11,Biogesic 500mg Tablet,3,Medicine,4.00,7.00
2021-11-11,AA Batteries (pair),0,Household,35.00,55.00
2021-11-11,Sewing Needle Pack,0,Household,12.00,25.00
2021-11-12,Cooking Oil 1L,55,Pantry,60.00,75.00
2021-11-12,Bear Brand Powdered Milk 320g,22,Dairy,70.00,90.00
2021-11-12,Alaska Evap Milk 370ml,6,Dairy,32.00,42.00
2021-11-12,Ligo Sardines 155g,3,Canned Goods,18.00,25.00
2021-11-12,Sunsilk Shampoo Sachet,1,Body Care,5.00,8.00
2021-11-12,Biogesic 500mg Tablet,1,Medicine,4.00,7.00
2021-11-12,AA Batteries (pair),0,Household,35.00,55.00
2021-11-12,Sewing Needle Pack,0,Household,12.00,25.00
2021-11-13,Cooking Oil 1L,38,Pantry,60.00,75.00
2021-11-13,Bear Brand Powdered Milk 320g,11,Dairy,70.00,90.00
2021-11-13,Alaska Evap Milk 370ml,4,Dairy,32.00,42.00
2021-11-13,Ligo Sardines 155g,4,Canned Goods,18.00,25.00
2021-11-13,Sunsilk Shampoo Sachet,6,Body Care,5.00,8.00
2021-11-13,Biogesic 500mg Tablet,0,Medicine,4.00,7.00
2021-11-13,AA Batteries (pair),1,Household,35.00,55.00
2021-11-13,Sewing Needle Pack,0,Household,12.00,25.00
2021-11-14,Cooking Oil 1L,51,Pantry,60.00,75.00
2021-11-14,Bear Brand Powdered Milk 320g,25,Dairy,70.00,90.00
2021-11-14,Alaska Evap Milk 370ml,2,Dairy,32.00,42.00
2021-11-14,Ligo Sardines 155g,5,Canned Goods,18.00,25.00
2021-11-14,Sunsilk Shampoo Sachet,1,Body Care,5.00,8.00
2021-11-14,Biogesic 500mg Tablet,0,Medicine,4.00,7.00
2021-11-14,AA Batteries (pair),1,Household,35.00,55.00
2021-11-14,Sewing Needle Pack,0,Household,12.00,25.00
2021-11-15,Cooking Oil 1L,29,Pantry,60.00,75.00
2021-11-15,Bear Brand Powdered Milk 320g,29,Dairy,70.00,90.00
2021-11-15,Alaska Evap Milk 370ml,4,Dairy,32.00,42.00
2021-11-15,Ligo Sardines 155g,2,Canned Goods,18.00,25.00
2021-11-15,Sunsilk Shampoo Sachet,2,Body Care,5.00,8.00
2021-11-15,Biogesic 500mg Tablet,1,Medicine,4.00,7.00
2021-11-15,AA Batteries (pair),0,Household,35.00,55.00
2021-11-15,Sewing Needle Pack,0,Household,12.00,25.00
2021-11-16,Cooking Oil 1L,41,Pantry,60.00,75.00
2021-11-16,Bear Brand Powdered Milk 320g,16,Dairy,70.00,90.00
2021-11-16,Alaska Evap Milk 370ml,2,Dairy,32.00,42.00
2021-11-16,Ligo Sardines 155g,3,Canned Goods,18.00,25.00
2021-11-16,Sunsilk Shampoo Sachet,2,Body Care,5.00,8.00
2021-11-16,Biogesic 500mg Tablet,1,Medicine,4.00,7.00
2021-11-16,AA Batteries (pair),1,Household,35.00,55.00
2021-11-16,Sewing Needle Pack,0,Household,12.00,25.00
2021-11-17,Cooking Oil 1L,30,Pantry,60.00,75.00
2021-11-17,Bear Brand Powdered Milk 320g,11,Dairy,70.00,90.00
2021-11-17,Alaska Evap Milk 370ml,2,Dairy,32.00,42.00
2021-11-17,Ligo Sardines 155g,3,Canned Goods,18.00,25.00
2021-11-17,Sunsilk Shampoo Sachet,1,Body Care,5.00,8.00
2021-11-17,Biogesic 500mg Tablet,0,Medicine,4.00,7.00
2021-11-17,AA Batteries (pair),0,Household,35.00,55.00
2021-11-17,Sewing Needle Pack,0,Household,12.00,25.00
2021-11-18,Cooking Oil 1L,30,Pantry,60.00,75.00
2021-11-18,Bear Brand Powdered Milk 320g,9,Dairy,70.00,90.00
2021-11-18,Alaska Evap Milk 370ml,3,Dairy,32.00,42.00
2021-11-18,Ligo Sardines 155g,2,Canned Goods,18.00,25.00
2021-11-18,Sunsilk Shampoo Sachet,1,Body Care,5.00,8.00
2021-11-18,Biogesic 500mg Tablet,0,Medicine,4.00,7.00
2021-11-18,AA Batteries (pair),1,Household,35.00,55.00
2021-11-18,Sewing Needle Pack,0,Household,12.00,25.00
2021-11-19,Cooking Oil 1L,19,Pantry,60.00,75.00
2021-11-19,Bear Brand Powdered Milk 320g,21,Dairy,70.00,90.00
2021-11-19,Alaska Evap Milk 370ml,2,Dairy,32.00,42.00
2021-11-19,Ligo Sardines 155g,7,Canned Goods,18.00,25.00
2021-11-19,Sunsilk Shampoo Sachet,4,Body Care,5.00,8.00
2021-11-19,Biogesic 500mg Tablet,0,Medicine,4.00,7.00
2021-11-19,AA Batteries (pair),0,Household,35.00,55.00
2021-11-19,Sewing Needle Pack,0,Household,12.00,25.00
2021-11-20,Cooking Oil 1L,42,Pantry,60.00,75.00
2021-11-20,Bear Brand Powdered Milk 320g,21,Dairy,70.00,90.00
2021-11-20,Alaska Evap Milk 370ml,5,Dairy,32.00,42.00
2021-11-20,Ligo Sardines 155g,3,Canned Goods,18.00,25.00
2021-11-20,Sunsilk Shampoo Sachet,0,Body Care,5.00,8.00
2021-11-20,Biogesic 500mg Tablet,1,Medicine,4.00,7.00
2021-11-20,AA Batteries (pair),1,Household,35.00,55.00
2021-11-20,Sewing Needle Pack,0,Household,12.00,25.00
2021-11-21,Cooking Oil 1L,21,Pantry,60.00,75.00
2021-11-21,Bear Brand Powdered Milk 320g,8,Dairy,70.00,90.00
2021-11-21,Alaska Evap Milk 370ml,4,Dairy,32.00,42.00
2021-11-21,Ligo Sardines 155g,3,Canned Goods,18.00,25.00
2021-11-21,Sunsilk Shampoo Sachet,1,Body Care,5.00,8.00
2021-11-21,Biogesic 500mg Tablet,1,Medicine,4.00,7.00
2021-11-21,AA Batteries (pair),0,Household,35.00,55.00
2021-11-21,Sewing Needle Pack,0,Household,12.00,25.00
2021-11-22,Cooking Oil 1L,28,Pantry,60.00,75.00
2021-11-22,Bear Brand Powdered Milk 320g,12,Dairy,70.00,90.00
2021-11-22,Alaska Evap Milk 370ml,5,Dairy,32.00,42.00
2021-11-22,Ligo Sardines 155g,0,Canned Goods,18.00,25.00
2021-11-22,Sunsilk Shampoo Sachet,1,Body Care,5.00,8.00
2021-11-22,Biogesic 500mg Tablet,0,Medicine,4.00,7.00
2021-11-22,AA Batteries (pair),0,Household,35.00,55.00
2021-11-22,Sewing Needle Pack,0,Household,12.00,25.00
2021-11-23,Cooking Oil 1L,30,Pantry,60.00,75.00
2021-11-23,Bear Brand Powdered Milk 320g,5,Dairy,70.00,90.00
2021-11-23,Alaska Evap Milk 370ml,2,Dairy,32.00,42.00
2021-11-23,Ligo Sardines 155g,3,Canned Goods,18.00,25.00
2021-11-23,Sunsilk Shampoo Sachet,2,Body Care,5.00,8.00
2021-11-23,Biogesic 500mg Tablet,0,Medicine,4.00,7.00
2021-11-23,AA Batteries (pair),0,Household,35.00,55.00
2021-11-23,Sewing Needle Pack,0,Household,12.00,25.00
2021-11-24,Cooking Oil 1L,15,Pantry,60.00,75.00
2021-11-24,Bear Brand Powdered Milk 320g,17,Dairy,70.00,90.00
2021-11-24,Alaska Evap Milk 370ml,5,Dairy,32.00,42.00
2021-11-24,Ligo Sardines 155g,1,Canned Goods,18.00,25.00
2021-11-24,Sunsilk Shampoo Sachet,1,Body Care,5.00,8.00
2021-11-24,Biogesic 500mg Tablet,0,Medicine,4.00,7.00
2021-11-24,AA Batteries (pair),0,Household,35.00,55.00
2021-11-24,Sewing Needle Pack,0,Household,12.00,25.00
2021-11-25,Cooking Oil 1L,30,Pantry,60.00,75.00
2021-11-25,Bear Brand Powdered Milk 320g,23,Dairy,70.00,90.00
2021-11-25,Alaska Evap Milk 370ml,7,Dairy,32.00,42.00
2021-11-25,Ligo Sardines 155g,5,Canned Goods,18.00,25.00
2021-11-25,Sunsilk Shampoo Sachet,3,Body Care,5.00,8.00
2021-11-25,Biogesic 500mg Tablet,1,Medicine,4.00,7.00
2021-11-25,AA Batteries (pair),2,Household,35.00,55.00
2021-11-25,Sewing Needle Pack,0,Household,12.00,25.00
2021-11-26,Cooking Oil 1L,17,Pantry,60.00,75.00
2021-11-26,Bear Brand Powdered Milk 320g,19,Dairy,70.00,90.00
2021-11-26,Alaska Evap Milk 370ml,4,Dairy,32.00,42.00
2021-11-26,Ligo Sardines 155g,2,Canned Goods,18.00,25.00
2021-11-26,Sunsilk Shampoo Sachet,1,Body Care,5.00,8.00
2021-11-26,Biogesic 500mg Tablet,1,Medicine,4.00,7.00
2021-11-26,AA Batteries (pair),0,Household,35.00,55.00
2021-11-26,Sewing Needle Pack,0,Household,12.00,25.00
2021-11-27,Cooking Oil 1L,46,Pantry,60.00,75.00
2021-11-27,Bear Brand Powdered Milk 320g,6,Dairy,70.00,90.00
2021-11-27,Alaska Evap Milk 370ml,3,Dairy,32.00,42.00
2021-11-27,Ligo Sardines 155g,2,Canned Goods,18.00,25.00
2021-11-27,Sunsilk Shampoo Sachet,1,Body Care,5.00,8.00
2021-11-27,Biogesic 500mg Tablet,0,Medicine,4.00,7.00
2021-11-27,AA Batteries (pair),0,Household,35.00,55.00
2021-11-27,Sewing Needle Pack,0,Household,12.00,25.00
2021-11-28,Cooking Oil 1L,53,Pantry,60.00,75.00
2021-11-28,Bear Brand Powdered Milk 320g,21,Dairy,70.00,90.00
2021-11-28,Alaska Evap Milk 370ml,2,Dairy,32.00,42.00
2021-11-28,Ligo Sardines 155g,2,Canned Goods,18.00,25.00
2021-11-28,Sunsilk Shampoo Sachet,0,Body Care,5.00,8.00
2021-11-28,Biogesic 500mg Tablet,0,Medicine,4.00,7.00
2021-11-28,AA Batteries (pair),0,Household,35.00,55.00
2021-11-28,Sewing Needle Pack,0,Household,12.00,25.00
2021-11-29,Cooking Oil 1L,47,Pantry,60.00,75.00
2021-11-29,Bear Brand Powdered Milk 320g,31,Dairy,70.00,90.00
2021-11-29,Alaska Evap Milk 370ml,4,Dairy,32.00,42.00
2021-11-29,Ligo Sardines 155g,0,Canned Goods,18.00,25.00
2021-11-29,Sunsilk Shampoo Sachet,1,Body Care,5.00,8.00
2021-11-29,Biogesic 500mg Tablet,0,Medicine,4.00,7.00
2021-11-29,AA Batteries (pair),0,Household,35.00,55.00
2021-11-29,Sewing Needle Pack,0,Household,12.00,25.00
2021-11-30,Cooking Oil 1L,31,Pantry,60.00,75.00
2021-11-30,Bear Brand Powdered Milk 320g,20,Dairy,70.00,90.00
2021-11-30,Alaska Evap Milk 370ml,2,Dairy,32.00,42.00
2021-11-30,Ligo Sardines 155g,2,Canned Goods,18.00,25.00
2021-11-30,Sunsilk Shampoo Sachet,0,Body Care,5.00,8.00
2021-11-30,Biogesic 500mg Tablet,0,Medicine,4.00,7.00
2021-11-30,AA Batteries (pair),1,Household,35.00,55.00
2021-11-30,Sewing Needle Pack,0,Household,12.00,25.00
2021-12-01,Cooking Oil 1L,31,Pantry,60.00,75.00
2021-12-01,Bear Brand Powdered Milk 320g,15,Dairy,70.00,90.00
2021-12-01,Alaska Evap Milk 370ml,3,Dairy,32.00,42.00
2021-12-01,Ligo Sardines 155g,2,Canned Goods,18.00,25.00
2021-12-01,Sunsilk Shampoo Sachet,0,Body Care,5.00,8.00
2021-12-01,Biogesic 500mg Tablet,0,Medicine,4.00,7.00
2021-12-01,AA Batteries (pair),0,Household,35.00,55.00
2021-12-01,Sewing Needle Pack,0,Household,12.00,25.00
2021-12-02,Cooking Oil 1L,33,Pantry,60.00,75.00
2021-12-02,Bear Brand Powdered Milk 320g,10,Dairy,70.00,90.00
2021-12-02,Alaska Evap Milk 370ml,9,Dairy,32.00,42.00
2021-12-02,Ligo Sardines 155g,3,Canned Goods,18.00,25.00
2021-12-02,Sunsilk Shampoo Sachet,0,Body Care,5.00,8.00
2021-12-02,Biogesic 500mg Tablet,0,Medicine,4.00,7.00
2021-12-02,AA Batteries (pair),0,Household,35.00,55.00
2021-12-02,Sewing Needle Pack,0,Household,12.00,25.00
2021-12-03,Cooking Oil 1L,38,Pantry,60.00,75.00
2021-12-03,Bear Brand Powdered Milk 320g,18,Dairy,70.00,90.00
2021-12-03,Alaska Evap Milk 370ml,3,Dairy,32.00,42.00
2021-12-03,Ligo Sardines 155g,4,Canned Goods,18.00,25.00
2021-12-03,Sunsilk Shampoo Sachet,1,Body Care,5.00,8.00
2021-12-03,Biogesic 500mg Tablet,1,Medicine,4.00,7.00
2021-12-03,AA Batteries (pair),0,Household,35.00,55.00
2021-12-03,Sewing Needle Pack,0,Household,12.00,25.00
2021-12-04,Cooking Oil 1L,32,Pantry,60.00,75.00
2021-12-04,Bear Brand Powdered Milk 320g,17,Dairy,70.00,90.00
2021-12-04,Alaska Evap Milk 370ml,5,Dairy,32.00,42.00
2021-12-04,Ligo Sardines 155g,3,Canned Goods,18.00,25.00
2021-12-04,Sunsilk Shampoo Sachet,1,Body Care,5.00,8.00
2021-12-04,Biogesic 500mg Tablet,1,Medicine,4.00,7.00
2021-12-04,AA Batteries (pair),0,Household,35.00,55.00
2021-12-04,Sewing Needle Pack,0,Household,12.00,25.00
2021-12-05,Cooking Oil 1L,22,Pantry,60.00,75.00
2021-12-05,Bear Brand Powdered Milk 320g,16,Dairy,70.00,90.00
2021-12-05,Alaska Evap Milk 370ml,3,Dairy,32.00,42.00
2021-12-05,Ligo Sardines 155g,3,Canned Goods,18.00,25.00
2021-12-05,Sunsilk Shampoo Sachet,0,Body Care,5.00,8.00
2021-12-05,Biogesic 500mg Tablet,0,Medicine,4.00,7.00
2021-12-05,AA Batteries (pair),0,Household,35.00,55.00
2021-12-05,Sewing Needle Pack,0,Household,12.00,25.00
2021-12-06,Cooking Oil 1L,22,Pantry,60.00,75.00
2021-12-06,Bear Brand Powdered Milk 320g,18,Dairy,70.00,90.00
2021-12-06,Alaska Evap Milk 370ml,6,Dairy,32.00,42.00
2021-12-06,Ligo Sardines 155g,2,Canned Goods,18.00,25.00
2021-12-06,Sunsilk Shampoo Sachet,0,Body Care,5.00,8.00
2021-12-06,Biogesic 500mg Tablet,0,Medicine,4.00,7.00
2021-12-06,AA Batteries (pair),0,Household,35.00,55.00
2021-12-06,Sewing Needle Pack,0,Household,12.00,25.00
2021-12-07,Cooking Oil 1L,31,Pantry,60.00,75.00
2021-12-07,Bear Brand Powdered Milk 320g,17,Dairy,70.00,90.00
2021-12-07,Alaska Evap Milk 370ml,7,Dairy,32.00,42.00
2021-12-07,Ligo Sardines 155g,0,Canned Goods,18.00,25.00
2021-12-07,Sunsilk Shampoo Sachet,2,Body Care,5.00,8.00
2021-12-07,Biogesic 500mg Tablet,0,Medicine,4.00,7.00
2021-12-07,AA Batteries (pair),0,Household,35.00,55.00
2021-12-07,Sewing Needle Pack,0,Household,12.00,25.00
2021-12-08,Cooking Oil 1L,24,Pantry,60.00,75.00
2021-12-08,Bear Brand Powdered Milk 320g,6,Dairy,70.00,90.00
2021-12-08,Alaska Evap Milk 370ml,4,Dairy,32.00,42.00
2021-12-08,Ligo Sardines 155g,2,Canned Goods,18.00,25.00
2021-12-08,Sunsilk Shampoo Sachet,0,Body Care,5.00,8.00
2021-12-08,Biogesic 500mg Tablet,1,Medicine,4.00,7.00
2021-12-08,AA Batteries (pair),0,Household,35.00,55.00
2021-12-08,Sewing Needle Pack,1,Household,12.00,25.00
2021-12-09,Cooking Oil 1L,23,Pantry,60.00,75.00
2021-12-09,Bear Brand Powdered Milk 320g,24,Dairy,70.00,90.00
2021-12-09,Alaska Evap Milk 370ml,1,Dairy,32.00,42.00
2021-12-09,Ligo Sardines 155g,4,Canned Goods,18.00,25.00
2021-12-09,Sunsilk Shampoo Sachet,1,Body Care,5.00,8.00
2021-12-09,Biogesic 500mg Tablet,0,Medicine,4.00,7.00
2021-12-09,AA Batteries (pair),0,Household,35.00,55.00
2021-12-09,Sewing Needle Pack,0,Household,12.00,25.00
2021-12-10,Cooking Oil 1L,20,Pantry,60.00,75.00
2021-12-10,Bear Brand Powdered Milk 320g,10,Dairy,70.00,90.00
2021-12-10,Alaska Evap Milk 370ml,3,Dairy,32.00,42.00
2021-12-10,Ligo Sardines 155g,2,Canned Goods,18.00,25.00
2021-12-10,Sunsilk Shampoo Sachet,0,Body Care,5.00,8.00
2021-12-10,Biogesic 500mg Tablet,1,Medicine,4.00,7.00
2021-12-10,AA Batteries (pair),2,Household,35.00,55.00
2021-12-10,Sewing Needle Pack,1,Household,12.00,25.00
2021-12-11,Cooking Oil 1L,13,Pantry,60.00,75.00
2021-12-11,Bear Brand Powdered Milk 320g,6,Dairy,70.00,90.00
2021-12-11,Alaska Evap Milk 370ml,6,Dairy,32.00,42.00
2021-12-11,Ligo Sardines 155g,7,Canned Goods,18.00,25.00
2021-12-11,Sunsilk Shampoo Sachet,1,Body Care,5.00,8.00
2021-12-11,Biogesic 500mg Tablet,0,Medicine,4.00,7.00
2021-12-11,AA Batteries (pair),0,Household,35.00,55.00
2021-12-11,Sewing Needle Pack,0,Household,12.00,25.00
2021-12-12,Cooking Oil 1L,21,Pantry,60.00,75.00
2021-12-12,Bear Brand Powdered Milk 320g,11,Dairy,70.00,90.00
2021-12-12,Alaska Evap Milk 370ml,2,Dairy,32.00,42.00
2021-12-12,Ligo Sardines 155g,3,Canned Goods,18.00,25.00
2021-12-12,Sunsilk Shampoo Sachet,0,Body Care,5.00,8.00
2021-12-12,Biogesic 500mg Tablet,0,Medicine,4.00,7.00
2021-12-12,AA Batteries (pair),1,Household,35.00,55.00
2021-12-12,Sewing Needle Pack,0,Household,12.00,25.00
2021-12-13,Cooking Oil 1L,24,Pantry,60.00,75.00
2021-12-13,Bear Brand Powdered Milk 320g,18,Dairy,70.00,90.00
2021-12-13,Alaska Evap Milk 370ml,3,Dairy,32.00,42.00
2021-12-13,Ligo Sardines 155g,1,Canned Goods,18.00,25.00
2021-12-13,Sunsilk Shampoo Sachet,2,Body Care,5.00,8.00
2021-12-13,Biogesic 500mg Tablet,2,Medicine,4.00,7.00
2021-12-13,AA Batteries (pair),0,Household,35.00,55.00
2021-12-13,Sewing Needle Pack,0,Household,12.00,25.00
2021-12-14,Cooking Oil 1L,22,Pantry,60.00,75.00
2021-12-14,Bear Brand Powdered Milk 320g,18,Dairy,70.00,90.00
2021-12-14,Alaska Evap Milk 370ml,2,Dairy,32.00,42.00
2021-12-14,Ligo Sardines 155g,4,Canned Goods,18.00,25.00
2021-12-14,Sunsilk Shampoo Sachet,0,Body Care,5.00,8.00
2021-12-14,Biogesic 500mg Tablet,0,Medicine,4.00,7.00
2021-12-14,AA Batteries (pair),1,Household,35.00,55.00
2021-12-14,Sewing Needle Pack,0,Household,12.00,25.00
2021-12-15,Cooking Oil 1L,55,Pantry,60.00,75.00
2021-12-15,Bear Brand Powdered Milk 320g,16,Dairy,70.00,90.00
2021-12-15,Alaska Evap Milk 370ml,5,Dairy,32.00,42.00
2021-12-15,Ligo Sardines 155g,3,Canned Goods,18.00,25.00
2021-12-15,Sunsilk Shampoo Sachet,1,Body Care,5.00,8.00
2021-12-15,Biogesic 500mg Tablet,0,Medicine,4.00,7.00
2021-12-15,AA Batteries (pair),1,Household,35.00,55.00
2021-12-15,Sewing Needle Pack,0,Household,12.00,25.00
2021-12-16,Cooking Oil 1L,37,Pantry,60.00,75.00
2021-12-16,Bear Brand Powdered Milk 320g,19,Dairy,70.00,90.00
2021-12-16,Alaska Evap Milk 370ml,6,Dairy,32.00,42.00
2021-12-16,Ligo Sardines 155g,4,Canned Goods,18.00,25.00
2021-12-16,Sunsilk Shampoo Sachet,0,Body Care,5.00,8.00
2021-12-16,Biogesic 500mg Tablet,1,Medicine,4.00,7.00
2021-12-16,AA Batteries (pair),0,Household,35.00,55.00
2021-12-16,Sewing Needle Pack,0,Household,12.00,25.00
2021-12-17,Cooking Oil 1L,50,Pantry,60.00,75.00
2021-12-17,Bear Brand Powdered Milk 320g,42,Dairy,70.00,90.00
2021-12-17,Alaska Evap Milk 370ml,3,Dairy,32.00,42.00
2021-12-17,Ligo Sardines 155g,3,Canned Goods,18.00,25.00
2021-12-17,Sunsilk Shampoo Sachet,1,Body Care,5.00,8.00
2021-12-17,Biogesic 500mg Tablet,2,Medicine,4.00,7.00
2021-12-17,AA Batteries (pair),1,Household,35.00,55.00
2021-12-17,Sewing Needle Pack,0,Household,12.00,25.00
2021-12-18,Cooking Oil 1L,74,Pantry,60.00,75.00
2021-12-18,Bear Brand Powdered Milk 320g,13,Dairy,70.00,90.00
2021-12-18,Alaska Evap Milk 370ml,12,Dairy,32.00,42.00
2021-12-18,Ligo Sardines 155g,3,Canned Goods,18.00,25.00
2021-12-18,Sunsilk Shampoo Sachet,1,Body Care,5.00,8.00
2021-12-18,Biogesic 500mg Tablet,2,Medicine,4.00,7.00
2021-12-18,AA Batteries (pair),1,Household,35.00,55.00
2021-12-18,Sewing Needle Pack,0,Household,12.00,25.00
2021-12-19,Cooking Oil 1L,53,Pantry,60.00,75.00
2021-12-19,Bear Brand Powdered Milk 320g,21,Dairy,70.00,90.00
2021-12-19,Alaska Evap Milk 370ml,10,Dairy,32.00,42.00
2021-12-19,Ligo Sardines 155g,1,Canned Goods,18.00,25.00
2021-12-19,Sunsilk Shampoo Sachet,0,Body Care,5.00,8.00
2021-12-19,Biogesic 500mg Tablet,0,Medicine,4.00,7.00
2021-12-19,AA Batteries (pair),1,Household,35.00,55.00
2021-12-19,Sewing Needle Pack,0,Household,12.00,25.00
2021-12-20,Cooking Oil 1L,43,Pantry,60.00,75.00
2021-12-20,Bear Brand Powdered Milk 320g,20,Dairy,70.00,90.00
2021-12-20,Alaska Evap Milk 370ml,2,Dairy,32.00,42.00
2021-12-20,Ligo Sardines 155g,2,Canned Goods,18.00,25.00
2021-12-20,Sunsilk Shampoo Sachet,0,Body Care,5.00,8.00
2021-12-20,Biogesic 500mg Tablet,0,Medicine,4.00,7.00
2021-12-20,AA Batteries (pair),1,Household,35.00,55.00
2021-12-20,Sewing Needle Pack,0,Household,12.00,25.00
2021-12-21,Cooking Oil 1L,45,Pantry,60.00,75.00
2021-12-21,Bear Brand Powdered Milk 320g,15,Dairy,70.00,90.00
2021-12-21,Alaska Evap Milk 370ml,8,Dairy,32.00,42.00
2021-12-21,Ligo Sardines 155g,2,Canned Goods,18.00,25.00
2021-12-21,Sunsilk Shampoo Sachet,1,Body Care,5.00,8.00
2021-12-21,Biogesic 500mg Tablet,3,Medicine,4.00,7.00
2021-12-21,AA Batteries (pair),0,Household,35.00,55.00
2021-12-21,Sewing Needle Pack,0,Household,12.00,25.00
2021-12-22,Cooking Oil 1L,42,Pantry,60.00,75.00
2021-12-22,Bear Brand Powdered Milk 320g,15,Dairy,70.00,90.00
2021-12-22,Alaska Evap Milk 370ml,11,Dairy,32.00,42.00
2021-12-22,Ligo Sardines 155g,3,Canned Goods,18.00,25.00
2021-12-22,Sunsilk Shampoo Sachet,2,Body Care,5.00,8.00
2021-12-22,Biogesic 500mg Tablet,1,Medicine,4.00,7.00
2021-12-22,AA Batteries (pair),0,Household,35.00,55.00
2021-12-22,Sewing Needle Pack,0,Household,12.00,25.00
2021-12-23,Cooking Oil 1L,40,Pantry,60.00,75.00
2021-12-23,Bear Brand Powdered Milk 320g,19,Dairy,70.00,90.00
2021-12-23,Alaska Evap Milk 370ml,5,Dairy,32.00,42.00
2021-12-23,Ligo Sardines 155g,2,Canned Goods,18.00,25.00
2021-12-23,Sunsilk Shampoo Sachet,0,Body Care,5.00,8.00
2021-12-23,Biogesic 500mg Tablet,1,Medicine,4.00,7.00
2021-12-23,AA Batteries (pair),1,Household,35.00,55.00
2021-12-23,Sewing Needle Pack,0,Household,12.00,25.00
2021-12-24,Cooking Oil 1L,50,Pantry,60.00,75.00
2021-12-24,Bear Brand Powdered Milk 320g,24,Dairy,70.00,90.00
2021-12-24,Alaska Evap Milk 370ml,4,Dairy,32.00,42.00
2021-12-24,Ligo Sardines 155g,0,Canned Goods,18.00,25.00
2021-12-24,Sunsilk Shampoo Sachet,0,Body Care,5.00,8.00
2021-12-24,Biogesic 500mg Tablet,1,Medicine,4.00,7.00
2021-12-24,AA Batteries (pair),0,Household,35.00,55.00
2021-12-24,Sewing Needle Pack,0,Household,12.00,25.00
2021-12-25,Cooking Oil 1L,33,Pantry,60.00,75.00
2021-12-25,Bear Brand Powdered Milk 320g,10,Dairy,70.00,90.00
2021-12-25,Alaska Evap Milk 370ml,5,Dairy,32.00,42.00
2021-12-25,Ligo Sardines 155g,3,Canned Goods,18.00,25.00
2021-12-25,Sunsilk Shampoo Sachet,1,Body Care,5.00,8.00
2021-12-25,Biogesic 500mg Tablet,1,Medicine,4.00,7.00
2021-12-25,AA Batteries (pair),0,Household,35.00,55.00
2021-12-25,Sewing Needle Pack,0,Household,12.00,25.00
2021-12-26,Cooking Oil 1L,53,Pantry,60.00,75.00
2021-12-26,Bear Brand Powdered Milk 320g,29,Dairy,70.00,90.00
2021-12-26,Alaska Evap Milk 370ml,10,Dairy,32.00,42.00
2021-12-26,Ligo Sardines 155g,5,Canned Goods,18.00,25.00
2021-12-26,Sunsilk Shampoo Sachet,1,Body Care,5.00,8.00
2021-12-26,Biogesic 500mg Tablet,0,Medicine,4.00,7.00
2021-12-26,AA Batteries (pair),0,Household,35.00,55.00
2021-12-26,Sewing Needle Pack,0,Household,12.00,25.00
2021-12-27,Cooking Oil 1L,36,Pantry,60.00,75.00
2021-12-27,Bear Brand Powdered Milk 320g,22,Dairy,70.00,90.00
2021-12-27,Alaska Evap Milk 370ml,7,Dairy,32.00,42.00
2021-12-27,Ligo Sardines 155g,3,Canned Goods,18.00,25.00
2021-12-27,Sunsilk Shampoo Sachet,2,Body Care,5.00,8.00
2021-12-27,Biogesic 500mg Tablet,1,Medicine,4.00,7.00
2021-12-27,AA Batteries (pair),0,Household,35.00,55.00
2021-12-27,Sewing Needle Pack,0,Household,12.00,25.00
2021-12-28,Cooking Oil 1L,37,Pantry,60.00,75.00
2021-12-28,Bear Brand Powdered Milk 320g,15,Dairy,70.00,90.00
2021-12-28,Alaska Evap Milk 370ml,4,Dairy,32.00,42.00
2021-12-28,Ligo Sardines 155g,2,Canned Goods,18.00,25.00
2021-12-28,Sunsilk Shampoo Sachet,3,Body Care,5.00,8.00
2021-12-28,Biogesic 500mg Tablet,0,Medicine,4.00,7.00
2021-12-28,AA Batteries (pair),1,Household,35.00,55.00
2021-12-28,Sewing Needle Pack,0,Household,12.00,25.00
2021-12-29,Cooking Oil 1L,41,Pantry,60.00,75.00
2021-12-29,Bear Brand Powdered Milk 320g,24,Dairy,70.00,90.00
2021-12-29,Alaska Evap Milk 370ml,2,Dairy,32.00,42.00
2021-12-29,Ligo Sardines 155g,5,Canned Goods,18.00,25.00
2021-12-29,Sunsilk Shampoo Sachet,1,Body Care,5.00,8.00
2021-12-29,Biogesic 500mg Tablet,0,Medicine,4.00,7.00
2021-12-29,AA Batteries (pair),0,Household,35.00,55.00
2021-12-29,Sewing Needle Pack,0,Household,12.00,25.00
2021-12-30,Cooking Oil 1L,65,Pantry,60.00,75.00
2021-12-30,Bear Brand Powdered Milk 320g,15,Dairy,70.00,90.00
2021-12-30,Alaska Evap Milk 370ml,5,Dairy,32.00,42.00
2021-12-30,Ligo Sardines 155g,7,Canned Goods,18.00,25.00
2021-12-30,Sunsilk Shampoo Sachet,1,Body Care,5.00,8.00
2021-12-30,Biogesic 500mg Tablet,1,Medicine,4.00,7.00
2021-12-30,AA Batteries (pair),0,Household,35.00,55.00
2021-12-30,Sewing Needle Pack,0,Household,12.00,25.00
2021-12-31,Cooking Oil 1L,79,Pantry,60.00,75.00
2021-12-31,Bear Brand Powdered Milk 320g,49,Dairy,70.00,90.00
2021-12-31,Alaska Evap Milk 370ml,12,Dairy,32.00,42.00
2021-12-31,Ligo Sardines 155g,11,Canned Goods,18.00,25.00
2021-12-31,Sunsilk Shampoo Sachet,1,Body Care,5.00,8.00
2021-12-31,Biogesic 500mg Tablet,2,Medicine,4.00,7.00
2021-12-31,AA Batteries (pair),0,Household,35.00,55.00
2021-12-31,Sewing Needle Pack,0,Household,12.00,25.00
2022-01-01,Cooking Oil 1L,60,Pantry,60.00,75.00
2022-01-01,Bear Brand Powdered Milk 320g,31,Dairy,70.00,90.00
2022-01-01,Alaska Evap Milk 370ml,8,Dairy,32.00,42.00
2022-01-01,Ligo Sardines 155g,4,Canned Goods,18.00,25.00
2022-01-01,Sunsilk Shampoo Sachet,1,Body Care,5.00,8.00
2022-01-01,Biogesic 500mg Tablet,2,Medicine,4.00,7.00
2022-01-01,AA Batteries (pair),0,Household,35.00,55.00
2022-01-01,Sewing Needle Pack,0,Household,12.00,25.00
2022-01-02,Cooking Oil 1L,44,Pantry,60.00,75.00
2022-01-02,Bear Brand Powdered Milk 320g,18,Dairy,70.00,90.00
2022-01-02,Alaska Evap Milk 370ml,4,Dairy,32.00,42.00
2022-01-02,Ligo Sardines 155g,5,Canned Goods,18.00,25.00
2022-01-02,Sunsilk Shampoo Sachet,0,Body Care,5.00,8.00
2022-01-02,Biogesic 500mg Tablet,2,Medicine,4.00,7.00
2022-01-02,AA Batteries (pair),0,Household,35.00,55.00
2022-01-02,Sewing Needle Pack,0,Household,12.00,25.00
2022-01-03,Cooking Oil 1L,40,Pantry,60.00,75.00
2022-01-03,Bear Brand Powdered Milk 320g,12,Dairy,70.00,90.00
2022-01-03,Alaska Evap Milk 370ml,2,Dairy,32.00,42.00
2022-01-03,Ligo Sardines 155g,3,Canned Goods,18.00,25.00
2022-01-03,Sunsilk Shampoo Sachet,0,Body Care,5.00,8.00
2022-01-03,Biogesic 500mg Tablet,1,Medicine,4.00,7.00
2022-01-03,AA Batteries (pair),0,Household,35.00,55.00
2022-01-03,Sewing Needle Pack,0,Household,12.00,25.00
2022-01-04,Cooking Oil 1L,30,Pantry,60.00,75.00
2022-01-04,Bear Brand Powdered Milk 320g,8,Dairy,70.00,90.00
2022-01-04,Alaska Evap Milk 370ml,4,Dairy,32.00,42.00
2022-01-04,Ligo Sardines 155g,1,Canned Goods,18.00,25.00
2022-01-04,Sunsilk Shampoo Sachet,1,Body Care,5.00,8.00
2022-01-04,Biogesic 500mg Tablet,2,Medicine,4.00,7.00
2022-01-04,AA Batteries (pair),0,Household,35.00,55.00
2022-01-04,Sewing Needle Pack,0,Household,12.00,25.00
2022-01-05,Cooking Oil 1L,25,Pantry,60.00,75.00
2022-01-05,Bear Brand Powdered Milk 320g,16,Dairy,70.00,90.00
2022-01-05,Alaska Evap Milk 370ml,4,Dairy,32.00,42.00
2022-01-05,Ligo Sardines 155g,0,Canned Goods,18.00,25.00
2022-01-05,Sunsilk Shampoo Sachet,1,Body Care,5.00,8.00
2022-01-05,Biogesic 500mg Tablet,0,Medicine,4.00,7.00
2022-01-05,AA Batteries (pair),0,Household,35.00,55.00
2022-01-05,Sewing Needle Pack,0,Household,12.00,25.00
2022-01-06,Cooking Oil 1L,28,Pantry,60.00,75.00
2022-01-06,Bear Brand Powdered Milk 320g,9,Dairy,70.00,90.00
2022-01-06,Alaska Evap Milk 370ml,6,Dairy,32.00,42.00
2022-01-06,Ligo Sardines 155g,2,Canned Goods,18.00,25.00
2022-01-06,Sunsilk Shampoo Sachet,1,Body Care,5.00,8.00
2022-01-06,Biogesic 500mg Tablet,0,Medicine,4.00,7.00
2022-01-06,AA Batteries (pair),0,Household,35.00,55.00
2022-01-06,Sewing Needle Pack,0,Household,12.00,25.00
2022-01-07,Cooking Oil 1L,17,Pantry,60.00,75.00
2022-01-07,Bear Brand Powdered Milk 320g,11,Dairy,70.00,90.00
2022-01-07,Alaska Evap Milk 370ml,10,Dairy,32.00,42.00
2022-01-07,Ligo Sardines 155g,4,Canned Goods,18.00,25.00
2022-01-07,Sunsilk Shampoo Sachet,0,Body Care,5.00,8.00
2022-01-07,Biogesic 500mg Tablet,1,Medicine,4.00,7.00
2022-01-07,AA Batteries (pair),0,Household,35.00,55.00
2022-01-07,Sewing Needle Pack,0,Household,12.00,25.00
2022-01-08,Cooking Oil 1L,48,Pantry,60.00,75.00
2022-01-08,Bear Brand Powdered Milk 320g,12,Dairy,70.00,90.00
2022-01-08,Alaska Evap Milk 370ml,11,Dairy,32.00,42.00
2022-01-08,Ligo Sardines 155g,0,Canned Goods,18.00,25.00
2022-01-08,Sunsilk Shampoo Sachet,0,Body Care,5.00,8.00
2022-01-08,Biogesic 500mg Tablet,0,Medicine,4.00,7.00
2022-01-08,AA Batteries (pair),0,Household,35.00,55.00
2022-01-08,Sewing Needle Pack,0,Household,12.00,25.00
2022-01-09,Cooking Oil 1L,34,Pantry,60.00,75.00
2022-01-09,Bear Brand Powdered Milk 320g,18,Dairy,70.00,90.00
2022-01-09,Alaska Evap Milk 370ml,3,Dairy,32.00,42.00
2022-01-09,Ligo Sardines 155g,6,Canned Goods,18.00,25.00
2022-01-09,Sunsilk Shampoo Sachet,1,Body Care,5.00,8.00
2022-01-09,Biogesic 500mg Tablet,1,Medicine,4.00,7.00
2022-01-09,AA Batteries (pair),1,Household,35.00,55.00
2022-01-09,Sewing Needle Pack,0,Household,12.00,25.00
2022-01-10,Cooking Oil 1L,28,Pantry,60.00,75.00
2022-01-10,Bear Brand Powdered Milk 320g,5,Dairy,70.00,90.00
2022-01-10,Alaska Evap Milk 370ml,6,Dairy,32.00,42.00
2022-01-10,Ligo Sardines 155g,0,Canned Goods,18.00,25.00
2022-01-10,Sunsilk Shampoo Sachet,2,Body Care,5.00,8.00
2022-01-10,Biogesic 500mg Tablet,1,Medicine,4.00,7.00
2022-01-10,AA Batteries (pair),0,Household,35.00,55.00
2022-01-10,Sewing Needle Pack,0,Household,12.00,25.00
2022-01-11,Cooking Oil 1L,18,Pantry,60.00,75.00
2022-01-11,Bear Brand Powdered Milk 320g,12,Dairy,70.00,90.00
2022-01-11,Alaska Evap Milk 370ml,7,Dairy,32.00,42.00
2022-01-11,Ligo Sardines 155g,3,Canned Goods,18.00,25.00
2022-01-11,Sunsilk Shampoo Sachet,0,Body Care,5.00,8.00
2022-01-11,Biogesic 500mg Tablet,1,Medicine,4.00,7.00
2022-01-11,AA Batteries (pair),0,Household,35.00,55.00
2022-01-11,Sewing Needle Pack,0,Household,12.00,25.00
2022-01-12,Cooking Oil 1L,19,Pantry,60.00,75.00
2022-01-12,Bear Brand Powdered Milk 320g,13,Dairy,70.00,90.00
2022-01-12,Alaska Evap Milk 370ml,6,Dairy,32.00,42.00
2022-01-12,Ligo Sardines 155g,5,Canned Goods,18.00,25.00
2022-01-12,Sunsilk Shampoo Sachet,0,Body Care,5.00,8.00
2022-01-12,Biogesic 500mg Tablet,0,Medicine,4.00,7.00
2022-01-12,AA Batteries (pair),0,Household,35.00,55.00
2022-01-12,Sewing Needle Pack,0,Household,12.00,25.00
2022-01-13,Cooking Oil 1L,23,Pantry,60.00,75.00
2022-01-13,Bear Brand Powdered Milk 320g,12,Dairy,70.00,90.00
2022-01-13,Alaska Evap Milk 370ml,4,Dairy,32.00,42.00
2022-01-13,Ligo Sardines 155g,1,Canned Goods,18.00,25.00
2022-01-13,Sunsilk Shampoo Sachet,0,Body Care,5.00,8.00
2022-01-13,Biogesic 500mg Tablet,0,Medicine,4.00,7.00
2022-01-13,AA Batteries (pair),1,Household,35.00,55.00
2022-01-13,Sewing Needle Pack,1,Household,12.00,25.00
2022-01-14,Cooking Oil 1L,31,Pantry,60.00,75.00
2022-01-14,Bear Brand Powdered Milk 320g,15,Dairy,70.00,90.00
2022-01-14,Alaska Evap Milk 370ml,6,Dairy,32.00,42.00
2022-01-14,Ligo Sardines 155g,5,Canned Goods,18.00,25.00
2022-01-14,Sunsilk Shampoo Sachet,0,Body Care,5.00,8.00
2022-01-14,Biogesic 500mg Tablet,0,Medicine,4.00,7.00
2022-01-14,AA Batteries (pair),0,Household,35.00,55.00
2022-01-14,Sewing Needle Pack,0,Household,12.00,25.00
2022-01-15,Cooking Oil 1L,50,Pantry,60.00,75.00
2022-01-15,Bear Brand Powdered Milk 320g,12,Dairy,70.00,90.00
2022-01-15,Alaska Evap Milk 370ml,7,Dairy,32.00,42.00
2022-01-15,Ligo Sardines 155g,3,Canned Goods,18.00,25.00
2022-01-15,Sunsilk Shampoo Sachet,0,Body Care,5.00,8.00
2022-01-15,Biogesic 500mg Tablet,1,Medicine,4.00,7.00
2022-01-15,AA Batteries (pair),0,Household,35.00,55.00
2022-01-15,Sewing Needle Pack,1,Household,12.00,25.00
2022-01-16,Cooking Oil 1L,36,Pantry,60.00,75.00
2022-01-16,Bear Brand Powdered Milk 320g,18,Dairy,70.00,90.00
2022-01-16,Alaska Evap Milk 370ml,4,Dairy,32.00,42.00
2022-01-16,Ligo Sardines 155g,2,Canned Goods,18.00,25.00
2022-01-16,Sunsilk Shampoo Sachet,1,Body Care,5.00,8.00
2022-01-16,Biogesic 500mg Tablet,1,Medicine,4.00,7.00
2022-01-16,AA Batteries (pair),0,Household,35.00,55.00
2022-01-16,Sewing Needle Pack,0,Household,12.00,25.00
2022-01-17,Cooking Oil 1L,21,Pantry,60.00,75.00
2022-01-17,Bear Brand Powdered Milk 320g,5,Dairy,70.00,90.00
2022-01-17,Alaska Evap Milk 370ml,7,Dairy,32.00,42.00
2022-01-17,Ligo Sardines 155g,1,Canned Goods,18.00,25.00
2022-01-17,Sunsilk Shampoo Sachet,2,Body Care,5.00,8.00
2022-01-17,Biogesic 500mg Tablet,0,Medicine,4.00,7.00
2022-01-17,AA Batteries (pair),1,Household,35.00,55.00
2022-01-17,Sewing Needle Pack,0,Household,12.00,25.00
2022-01-18,Cooking Oil 1L,34,Pantry,60.00,75.00
2022-01-18,Bear Brand Powdered Milk 320g,15,Dairy,70.00,90.00
2022-01-18,Alaska Evap Milk 370ml,1,Dairy,32.00,42.00
2022-01-18,Ligo Sardines 155g,1,Canned Goods,18.00,25.00
2022-01-18,Sunsilk Shampoo Sachet,0,Body Care,5.00,8.00
2022-01-18,Biogesic 500mg Tablet,2,Medicine,4.00,7.00
2022-01-18,AA Batteries (pair),0,Household,35.00,55.00
2022-01-18,Sewing Needle Pack,0,Household,12.00,25.00
2022-01-19,Cooking Oil 1L,30,Pantry,60.00,75.00
2022-01-19,Bear Brand Powdered Milk 320g,16,Dairy,70.00,90.00
2022-01-19,Alaska Evap Milk 370ml,4,Dairy,32.00,42.00
2022-01-19,Ligo Sardines 155g,1,Canned Goods,18.00,25.00
2022-01-19,Sunsilk Shampoo Sachet,0,Body Care,5.00,8.00
2022-01-19,Biogesic 500mg Tablet,2,Medicine,4.00,7.00
2022-01-19,AA Batteries (pair),0,Household,35.00,55.00
2022-01-19,Sewing Needle Pack,0,Household,12.00,25.00
2022-01-20,Cooking Oil 1L,38,Pantry,60.00,75.00
2022-01-20,Bear Brand Powdered Milk 320g,9,Dairy,70.00,90.00
2022-01-20,Alaska Evap Milk 370ml,0,Dairy,32.00,42.00
2022-01-20,Ligo Sardines 155g,2,Canned Goods,18.00,25.00
2022-01-20,Sunsilk Shampoo Sachet,2,Body Care,5.00,8.00
2022-01-20,Biogesic 500mg Tablet,1,Medicine,4.00,7.00
2022-01-20,AA Batteries (pair),0,Household,35.00,55.00
2022-01-20,Sewing Needle Pack,0,Household,12.00,25.00
2022-01-21,Cooking Oil 1L,31,Pantry,60.00,75.00
2022-01-21,Bear Brand Powdered Milk 320g,15,Dairy,70.00,90.00
2022-01-21,Alaska Evap Milk 370ml,4,Dairy,32.00,42.00
2022-01-21,Ligo Sardines 155g,4,Canned Goods,18.00,25.00
2022-01-21,Sunsilk Shampoo Sachet,2,Body Care,5.00,8.00
2022-01-21,Biogesic 500mg Tablet,0,Medicine,4.00,7.00
2022-01-21,AA Batteries (pair),0,Household,35.00,55.00
2022-01-21,Sewing Needle Pack,0,Household,12.00,25.00
2022-01-22,Cooking Oil 1L,40,Pantry,60.00,75.00
2022-01-22,Bear Brand Powdered Milk 320g,12,Dairy,70.00,90.00
2022-01-22,Alaska Evap Milk 370ml,4,Dairy,32.00,42.00
2022-01-22,Ligo Sardines 155g,3,Canned Goods,18.00,25.00
2022-01-22,Sunsilk Shampoo Sachet,2,Body Care,5.00,8.00
2022-01-22,Biogesic 500mg Tablet,0,Medicine,4.00,7.00
2022-01-22,AA Batteries (pair),0,Household,35.00,55.00
2022-01-22,Sewing Needle Pack,0,Household,12.00,25.00
2022-01-23,Cooking Oil 1L,46,Pantry,60.00,75.00
2022-01-23,Bear Brand Powdered Milk 320g,10,Dairy,70.00,90.00
2022-01-23,Alaska Evap Milk 370ml,7,Dairy,32.00,42.00
2022-01-23,Ligo Sardines 155g,4,Canned Goods,18.00,25.00
2022-01-23,Sunsilk Shampoo Sachet,3,Body Care,5.00,8.00
2022-01-23,Biogesic 500mg Tablet,0,Medicine,4.00,7.00
2022-01-23,AA Batteries (pair),0,Household,35.00,55.00
2022-01-23,Sewing Needle Pack,1,Household,12.00,25.00
2022-01-24,Cooking Oil 1L,16,Pantry,60.00,75.00
2022-01-24,Bear Brand Powdered Milk 320g,15,Dairy,70.00,90.00
2022-01-24,Alaska Evap Milk 370ml,3,Dairy,32.00,42.00
2022-01-24,Ligo Sardines 155g,2,Canned Goods,18.00,25.00
2022-01-24,Sunsilk Shampoo Sachet,0,Body Care,5.00,8.00
2022-01-24,Biogesic 500mg Tablet,1,Medicine,4.00,7.00
2022-01-24,AA Batteries (pair),0,Household,35.00,55.00
2022-01-24,Sewing Needle Pack,0,Household,12.00,25.00
2022-01-25,Cooking Oil 1L,23,Pantry,60.00,75.00
2022-01-25,Bear Brand Powdered Milk 320g,14,Dairy,70.00,90.00
2022-01-25,Alaska Evap Milk 370ml,0,Dairy,32.00,42.00
2022-01-25,Ligo Sardines 155g,4,Canned Goods,18.00,25.00
2022-01-25,Sunsilk Shampoo Sachet,1,Body Care,5.00,8.00
2022-01-25,Biogesic 500mg Tablet,1,Medicine,4.00,7.00
2022-01-25,AA Batteries (pair),0,Household,35.00,55.00
2022-01-25,Sewing Needle Pack,0,Household,12.00,25.00
2022-01-26,Cooking Oil 1L,21,Pantry,60.00,75.00
2022-01-26,Bear Brand Powdered Milk 320g,13,Dairy,70.00,90.00
2022-01-26,Alaska Evap Milk 370ml,5,Dairy,32.00,42.00
2022-01-26,Ligo Sardines 155g,2,Canned Goods,18.00,25.00
2022-01-26,Sunsilk Shampoo Sachet,3,Body Care,5.00,8.00
2022-01-26,Biogesic 500mg Tablet,2,Medicine,4.00,7.00
2022-01-26,AA Batteries (pair),0,Household,35.00,55.00
2022-01-26,Sewing Needle Pack,0,Household,12.00,25.00
2022-01-27,Cooking Oil 1L,22,Pantry,60.00,75.00
2022-01-27,Bear Brand Powdered Milk 320g,20,Dairy,70.00,90.00
2022-01-27,Alaska Evap Milk 370ml,3,Dairy,32.00,42.00
2022-01-27,Ligo Sardines 155g,2,Canned Goods,18.00,25.00
2022-01-27,Sunsilk Shampoo Sachet,2,Body Care,5.00,8.00
2022-01-27,Biogesic 500mg Tablet,1,Medicine,4.00,7.00
2022-01-27,AA Batteries (pair),1,Household,35.00,55.00
2022-01-27,Sewing Needle Pack,0,Household,12.00,25.00
2022-01-28,Cooking Oil 1L,31,Pantry,60.00,75.00
2022-01-28,Bear Brand Powdered Milk 320g,24,Dairy,70.00,90.00
2022-01-28,Alaska Evap Milk 370ml,3,Dairy,32.00,42.00
2022-01-28,Ligo Sardines 155g,2,Canned Goods,18.00,25.00
2022-01-28,Sunsilk Shampoo Sachet,2,Body Care,5.00,8.00
2022-01-28,Biogesic 500mg Tablet,0,Medicine,4.00,7.00
2022-01-28,AA Batteries (pair),0,Household,35.00,55.00
2022-01-28,Sewing Needle Pack,0,Household,12.00,25.00
2022-01-29,Cooking Oil 1L,55,Pantry,60.00,75.00
2022-01-29,Bear Brand Powdered Milk 320g,10,Dairy,70.00,90.00
2022-01-29,Alaska Evap Milk 370ml,9,Dairy,32.00,42.00
2022-01-29,Ligo Sardines 155g,10,Canned Goods,18.00,25.00
2022-01-29,Sunsilk Shampoo Sachet,2,Body Care,5.00,8.00
2022-01-29,Biogesic 500mg Tablet,1,Medicine,4.00,7.00
2022-01-29,AA Batteries (pair),1,Household,35.00,55.00
2022-01-29,Sewing Needle Pack,0,Household,12.00,25.00
2022-01-30,Cooking Oil 1L,37,Pantry,60.00,75.00
2022-01-30,Bear Brand Powdered Milk 320g,24,Dairy,70.00,90.00
2022-01-30,Alaska Evap Milk 370ml,4,Dairy,32.00,42.00
2022-01-30,Ligo Sardines 155g,1,Canned Goods,18.00,25.00
2022-01-30,Sunsilk Shampoo Sachet,1,Body Care,5.00,8.00
2022-01-30,Biogesic 500mg Tablet,1,Medicine,4.00,7.00
2022-01-30,AA Batteries (pair),0,Household,35.00,55.00
2022-01-30,Sewing Needle Pack,0,Household,12.00,25.00
2022-01-31,Cooking Oil 1L,52,Pantry,60.00,75.00
2022-01-31,Bear Brand Powdered Milk 320g,13,Dairy,70.00,90.00
2022-01-31,Alaska Evap Milk 370ml,7,Dairy,32.00,42.00
2022-01-31,Ligo Sardines 155g,4,Canned Goods,18.00,25.00
2022-01-31,Sunsilk Shampoo Sachet,0,Body Care,5.00,8.00
2022-01-31,Biogesic 500mg Tablet,1,Medicine,4.00,7.00
2022-01-31,AA Batteries (pair),0,Household,35.00,55.00
2022-01-31,Sewing Needle Pack,1,Household,12.00,25.00
2022-02-01,Cooking Oil 1L,31,Pantry,60.00,75.00
2022-02-01,Bear Brand Powdered Milk 320g,8,Dairy,70.00,90.00
2022-02-01,Alaska Evap Milk 370ml,1,Dairy,32.00,42.00
2022-02-01,Ligo Sardines 155g,1,Canned Goods,18.00,25.00
2022-02-01,Sunsilk Shampoo Sachet,0,Body Care,5.00,8.00
2022-02-01,Biogesic 500mg Tablet,1,Medicine,4.00,7.00
2022-02-01,AA Batteries (pair),0,Household,35.00,55.00
2022-02-01,Sewing Needle Pack,0,Household,12.00,25.00
2022-02-02,Cooking Oil 1L,31,Pantry,60.00,75.00
2022-02-02,Bear Brand Powdered Milk 320g,8,Dairy,70.00,90.00
2022-02-02,Alaska Evap Milk 370ml,4,Dairy,32.00,42.00
2022-02-02,Ligo Sardines 155g,1,Canned Goods,18.00,25.00
2022-02-02,Sunsilk Shampoo Sachet,0,Body Care,5.00,8.00
2022-02-02,Biogesic 500mg Tablet,1,Medicine,4.00,7.00
2022-02-02,AA Batteries (pair),0,Household,35.00,55.00
2022-02-02,Sewing Needle Pack,0,Household,12.00,25.00
2022-02-03,Cooking Oil 1L,39,Pantry,60.00,75.00
2022-02-03,Bear Brand Powdered Milk 320g,11,Dairy,70.00,90.00
2022-02-03,Alaska Evap Milk 370ml,4,Dairy,32.00,42.00
2022-02-03,Ligo Sardines 155g,2,Canned Goods,18.00,25.00
2022-02-03,Sunsilk Shampoo Sachet,2,Body Care,5.00,8.00
2022-02-03,Biogesic 500mg Tablet,2,Medicine,4.00,7.00
2022-02-03,AA Batteries (pair),0,Household,35.00,55.00
2022-02-03,Sewing Needle Pack,0,Household,12.00,25.00
2022-02-04,Cooking Oil 1L,39,Pantry,60.00,75.00
2022-02-04,Bear Brand Powdered Milk 320g,21,Dairy,70.00,90.00
2022-02-04,Alaska Evap Milk 370ml,4,Dairy,32.00,42.00
2022-02-04,Ligo Sardines 155g,4,Canned Goods,18.00,25.00
2022-02-04,Sunsilk Shampoo Sachet,0,Body Care,5.00,8.00
2022-02-04,Biogesic 500mg Tablet,0,Medicine,4.00,7.00
2022-02-04,AA Batteries (pair),0,Household,35.00,55.00
2022-02-04,Sewing Needle Pack,1,Household,12.00,25.00
2022-02-05,Cooking Oil 1L,47,Pantry,60.00,75.00
2022-02-05,Bear Brand Powdered Milk 320g,16,Dairy,70.00,90.00
2022-02-05,Alaska Evap Milk 370ml,3,Dairy,32.00,42.00
2022-02-05,Ligo Sardines 155g,3,Canned Goods,18.00,25.00
2022-02-05,Sunsilk Shampoo Sachet,2,Body Care,5.00,8.00
2022-02-05,Biogesic 500mg Tablet,1,Medicine,4.00,7.00
2022-02-05,AA Batteries (pair),0,Household,35.00,55.00
2022-02-05,Sewing Needle Pack,0,Household,12.00,25.00
2022-02-06,Cooking Oil 1L,34,Pantry,60.00,75.00
2022-02-06,Bear Brand Powdered Milk 320g,17,Dairy,70.00,90.00
2022-02-06,Alaska Evap Milk 370ml,7,Dairy,32.00,42.00
2022-02-06,Ligo Sardines 155g,1,Canned Goods,18.00,25.00
2022-02-06,Sunsilk Shampoo Sachet,1,Body Care,5.00,8.00
2022-02-06,Biogesic 500mg Tablet,0,Medicine,4.00,7.00
2022-02-06,AA Batteries (pair),0,Household,35.00,55.00
2022-02-06,Sewing Needle Pack,0,Household,12.00,25.00
2022-02-07,Cooking Oil 1L,24,Pantry,60.00,75.00
2022-02-07,Bear Brand Powdered Milk 320g,20,Dairy,70.00,90.00
2022-02-07,Alaska Evap Milk 370ml,3,Dairy,32.00,42.00
2022-02-07,Ligo Sardines 155g,4,Canned Goods,18.00,25.00
2022-02-07,Sunsilk Shampoo Sachet,2,Body Care,5.00,8.00
2022-02-07,Biogesic 500mg Tablet,0,Medicine,4.00,7.00
2022-02-07,AA Batteries (pair),0,Household,35.00,55.00
2022-02-07,Sewing Needle Pack,0,Household,12.00,25.00
2022-02-08,Cooking Oil 1L,39,Pantry,60.00,75.00
2022-02-08,Bear Brand Powdered Milk 320g,11,Dairy,70.00,90.00
2022-02-08,Alaska Evap Milk 370ml,5,Dairy,32.00,42.00
2022-02-08,Ligo Sardines 155g,2,Canned Goods,18.00,25.00
2022-02-08,Sunsilk Shampoo Sachet,0,Body Care,5.00,8.00
2022-02-08,Biogesic 500mg Tablet,1,Medicine,4.00,7.00
2022-02-08,AA Batteries (pair),0,Household,35.00,55.00
2022-02-08,Sewing Needle Pack,0,Household,12.00,25.00
2022-02-09,Cooking Oil 1L,26,Pantry,60.00,75.00
2022-02-09,Bear Brand Powdered Milk 320g,16,Dairy,70.00,90.00
2022-02-09,Alaska Evap Milk 370ml,5,Dairy,32.00,42.00
2022-02-09,Ligo Sardines 155g,4,Canned Goods,18.00,25.00
2022-02-09,Sunsilk Shampoo Sachet,0,Body Care,5.00,8.00
2022-02-09,Biogesic 500mg Tablet,0,Medicine,4.00,7.00
2022-02-09,AA Batteries (pair),1,Household,35.00,55.00
2022-02-09,Sewing Needle Pack,0,Household,12.00,25.00
2022-02-10,Cooking Oil 1L,32,Pantry,60.00,75.00
2022-02-10,Bear Brand Powdered Milk 320g,14,Dairy,70.00,90.00
2022-02-10,Alaska Evap Milk 370ml,1,Dairy,32.00,42.00
2022-02-10,Ligo Sardines 155g,0,Canned Goods,18.00,25.00
2022-02-10,Sunsilk Shampoo Sachet,2,Body Care,5.00,8.00
2022-02-10,Biogesic 500mg Tablet,0,Medicine,4.00,7.00
2022-02-10,AA Batteries (pair),0,Household,35.00,55.00
2022-02-10,Sewing Needle Pack,0,Household,12.00,25.00
2022-02-11,Cooking Oil 1L,31,Pantry,60.00,75.00
2022-02-11,Bear Brand Powdered Milk 320g,12,Dairy,70.00,90.00
2022-02-11,Alaska Evap Milk 370ml,2,Dairy,32.00,42.00
2022-02-11,Ligo Sardines 155g,7,Canned Goods,18.00,25.00
2022-02-11,Sunsilk Shampoo Sachet,1,Body Care,5.00,8.00
2022-02-11,Biogesic 500mg Tablet,1,Medicine,4.00,7.00
2022-02-11,AA Batteries (pair),0,Household,35.00,55.00
2022-02-11,Sewing Needle Pack,0,Household,12.00,25.00
2022-02-12,Cooking Oil 1L,40,Pantry,60.00,75.00
2022-02-12,Bear Brand Powdered Milk 320g,12,Dairy,70.00,90.00
2022-02-12,Alaska Evap Milk 370ml,6,Dairy,32.00,42.00
2022-02-12,Ligo Sardines 155g,5,Canned Goods,18.00,25.00
2022-02-12,Sunsilk Shampoo Sachet,1,Body Care,5.00,8.00
2022-02-12,Biogesic 500mg Tablet,0,Medicine,4.00,7.00
2022-02-12,AA Batteries (pair),0,Household,35.00,55.00
2022-02-12,Sewing Needle Pack,0,Household,12.00,25.00
2022-02-13,Cooking Oil 1L,21,Pantry,60.00,75.00
2022-02-13,Bear Brand Powdered Milk 320g,7,Dairy,70.00,90.00
2022-02-13,Alaska Evap Milk 370ml,1,Dairy,32.00,42.00
2022-02-13,Ligo Sardines 155g,0,Canned Goods,18.00,25.00
2022-02-13,Sunsilk Shampoo Sachet,1,Body Care,5.00,8.00
2022-02-13,Biogesic 500mg Tablet,0,Medicine,4.00,7.00
2022-02-13,AA Batteries (pair),0,Household,35.00,55.00
2022-02-13,Sewing Needle Pack,0,Household,12.00,25.00
2022-02-14,Cooking Oil 1L,17,Pantry,60.00,75.00
2022-02-14,Bear Brand Powdered Milk 320g,5,Dairy,70.00,90.00
2022-02-14,Alaska Evap Milk 370ml,0,Dairy,32.00,42.00
2022-02-14,Ligo Sardines 155g,2,Canned Goods,18.00,25.00
2022-02-14,Sunsilk Shampoo Sachet,0,Body Care,5.00,8.00
2022-02-14,Biogesic 500mg Tablet,1,Medicine,4.00,7.00
2022-02-14,AA Batteries (pair),0,Household,35.00,55.00
2022-02-14,Sewing Needle Pack,0,Household,12.00,25.00
2022-02-15,Cooking Oil 1L,26,Pantry,60.00,75.00
2022-02-15,Bear Brand Powdered Milk 320g,18,Dairy,70.00,90.00
2022-02-15,Alaska Evap Milk 370ml,1,Dairy,32.00,42.00
2022-02-15,Ligo Sardines 155g,1,Canned Goods,18.00,25.00
2022-02-15,Sunsilk Shampoo Sachet,1,Body Care,5.00,8.00
2022-02-15,Biogesic 500mg Tablet,1,Medicine,4.00,7.00
2022-02-15,AA Batteries (pair),0,Household,35.00,55.00
2022-02-15,Sewing Needle Pack,0,Household,12.00,25.00
2022-02-16,Cooking Oil 1L,37,Pantry,60.00,75.00
2022-02-16,Bear Brand Powdered Milk 320g,18,Dairy,70.00,90.00
2022-02-16,Alaska Evap Milk 370ml,2,Dairy,32.00,42.00
2022-02-16,Ligo Sardines 155g,3,Canned Goods,18.00,25.00
2022-02-16,Sunsilk Shampoo Sachet,1,Body Care,5.00,8.00
2022-02-16,Biogesic 500mg Tablet,1,Medicine,4.00,7.00
2022-02-16,AA Batteries (pair),0,Household,35.00,55.00
2022-02-16,Sewing Needle Pack,2,Household,12.00,25.00
2022-02-17,Cooking Oil 1L,38,Pantry,60.00,75.00
2022-02-17,Bear Brand Powdered Milk 320g,15,Dairy,70.00,90.00
2022-02-17,Alaska Evap Milk 370ml,3,Dairy,32.00,42.00
2022-02-17,Ligo Sardines 155g,2,Canned Goods,18.00,25.00
2022-02-17,Sunsilk Shampoo Sachet,1,Body Care,5.00,8.00
2022-02-17,Biogesic 500mg Tablet,0,Medicine,4.00,7.00
2022-02-17,AA Batteries (pair),0,Household,35.00,55.00
2022-02-17,Sewing Needle Pack,0,Household,12.00,25.00
2022-02-18,Cooking Oil 1L,36,Pantry,60.00,75.00
2022-02-18,Bear Brand Powdered Milk 320g,10,Dairy,70.00,90.00
2022-02-18,Alaska Evap Milk 370ml,2,Dairy,32.00,42.00
2022-02-18,Ligo Sardines 155g,1,Canned Goods,18.00,25.00
2022-02-18,Sunsilk Shampoo Sachet,1,Body Care,5.00,8.00
2022-02-18,Biogesic 500mg Tablet,2,Medicine,4.00,7.00
2022-02-18,AA Batteries (pair),0,Household,35.00,55.00
2022-02-18,Sewing Needle Pack,0,Household,12.00,25.00
2022-02-19,Cooking Oil 1L,30,Pantry,60.00,75.00
2022-02-19,Bear Brand Powdered Milk 320g,20,Dairy,70.00,90.00
2022-02-19,Alaska Evap Milk 370ml,2,Dairy,32.00,42.00
2022-02-19,Ligo Sardines 155g,3,Canned Goods,18.00,25.00
2022-02-19,Sunsilk Shampoo Sachet,1,Body Care,5.00,8.00
2022-02-19,Biogesic 500mg Tablet,1,Medicine,4.00,7.00
2022-02-19,AA Batteries (pair),0,Household,35.00,55.00
2022-02-19,Sewing Needle Pack,0,Household,12.00,25.00
2022-02-20,Cooking Oil 1L,40,Pantry,60.00,75.00
2022-02-20,Bear Brand Powdered Milk 320g,17,Dairy,70.00,90.00
2022-02-20,Alaska Evap Milk 370ml,7,Dairy,32.00,42.00
2022-02-20,Ligo Sardines 155g,1,Canned Goods,18.00,25.00
2022-02-20,Sunsilk Shampoo Sachet,3,Body Care,5.00,8.00
2022-02-20,Biogesic 500mg Tablet,1,Medicine,4.00,7.00
2022-02-20,AA Batteries (pair),0,Household,35.00,55.00
2022-02-20,Sewing Needle Pack,0,Household,12.00,25.00
2022-02-21,Cooking Oil 1L,13,Pantry,60.00,75.00
2022-02-21,Bear Brand Powdered Milk 320g,12,Dairy,70.00,90.00
2022-02-21,Alaska Evap Milk 370ml,9,Dairy,32.00,42.00
2022-02-21,Ligo Sardines 155g,3,Canned Goods,18.00,25.00
2022-02-21,Sunsilk Shampoo Sachet,1,Body Care,5.00,8.00
2022-02-21,Biogesic 500mg Tablet,0,Medicine,4.00,7.00
2022-02-21,AA Batteries (pair),0,Household,35.00,55.00
2022-02-21,Sewing Needle Pack,1,Household,12.00,25.00
2022-02-22,Cooking Oil 1L,21,Pantry,60.00,75.00
2022-02-22,Bear Brand Powdered Milk 320g,7,Dairy,70.00,90.00
2022-02-22,Alaska Evap Milk 370ml,3,Dairy,32.00,42.00
2022-02-22,Ligo Sardines 155g,1,Canned Goods,18.00,25.00
2022-02-22,Sunsilk Shampoo Sachet,2,Body Care,5.00,8.00
2022-02-22,Biogesic 500mg Tablet,0,Medicine,4.00,7.00
2022-02-22,AA Batteries (pair),0,Household,35.00,55.00
2022-02-22,Sewing Needle Pack,0,Household,12.00,25.00
2022-02-23,Cooking Oil 1L,18,Pantry,60.00,75.00
2022-02-23,Bear Brand Powdered Milk 320g,12,Dairy,70.00,90.00
2022-02-23,Alaska Evap Milk 370ml,1,Dairy,32.00,42.00
2022-02-23,Ligo Sardines 155g,2,Canned Goods,18.00,25.00
2022-02-23,Sunsilk Shampoo Sachet,0,Body Care,5.00,8.00
2022-02-23,Biogesic 500mg Tablet,0,Medicine,4.00,7.00
2022-02-23,AA Batteries (pair),0,Household,35.00,55.00
2022-02-23,Sewing Needle Pack,0,Household,12.00,25.00
2022-02-24,Cooking Oil 1L,33,Pantry,60.00,75.00
2022-02-24,Bear Brand Powdered Milk 320g,15,Dairy,70.00,90.00
2022-02-24,Alaska Evap Milk 370ml,1,Dairy,32.00,42.00
2022-02-24,Ligo Sardines 155g,0,Canned Goods,18.00,25.00
2022-02-24,Sunsilk Shampoo Sachet,1,Body Care,5.00,8.00
2022-02-24,Biogesic 500mg Tablet,0,Medicine,4.00,7.00
2022-02-24,AA Batteries (pair),0,Household,35.00,55.00
2022-02-24,Sewing Needle Pack,1,Household,12.00,25.00
2022-02-25,Cooking Oil 1L,22,Pantry,60.00,75.00
2022-02-25,Bear Brand Powdered Milk 320g,13,Dairy,70.00,90.00
2022-02-25,Alaska Evap Milk 370ml,0,Dairy,32.00,42.00
2022-02-25,Ligo Sardines 155g,2,Canned Goods,18.00,25.00
2022-02-25,Sunsilk Shampoo Sachet,0,Body Care,5.00,8.00
2022-02-25,Biogesic 500mg Tablet,0,Medicine,4.00,7.00
2022-02-25,AA Batteries (pair),1,Household,35.00,55.00
2022-02-25,Sewing Needle Pack,0,Household,12.00,25.00
2022-02-26,Cooking Oil 1L,64,Pantry,60.00,75.00
2022-02-26,Bear Brand Powdered Milk 320g,29,Dairy,70.00,90.00
2022-02-26,Alaska Evap Milk 370ml,4,Dairy,32.00,42.00
2022-02-26,Ligo Sardines 155g,4,Canned Goods,18.00,25.00
2022-02-26,Sunsilk Shampoo Sachet,2,Body Care,5.00,8.00
2022-02-26,Biogesic 500mg Tablet,1,Medicine,4.00,7.00
2022-02-26,AA Batteries (pair),0,Household,35.00,55.00
2022-02-26,Sewing Needle Pack,0,Household,12.00,25.00
2022-02-27,Cooking Oil 1L,46,Pantry,60.00,75.00
2022-02-27,Bear Brand Powdered Milk 320g,33,Dairy,70.00,90.00
2022-02-27,Alaska Evap Milk 370ml,8,Dairy,32.00,42.00
2022-02-27,Ligo Sardines 155g,2,Canned Goods,18.00,25.00
2022-02-27,Sunsilk Shampoo Sachet,1,Body Care,5.00,8.00
2022-02-27,Biogesic 500mg Tablet,1,Medicine,4.00,7.00
2022-02-27,AA Batteries (pair),1,Household,35.00,55.00
2022-02-27,Sewing Needle Pack,0,Household,12.00,25.00
2022-02-28,Cooking Oil 1L,31,Pantry,60.00,75.00
2022-02-28,Bear Brand Powdered Milk 320g,25,Dairy,70.00,90.00
2022-02-28,Alaska Evap Milk 370ml,3,Dairy,32.00,42.00
2022-02-28,Ligo Sardines 155g,1,Canned Goods,18.00,25.00
2022-02-28,Sunsilk Shampoo Sachet,1,Body Care,5.00,8.00
2022-02-28,Biogesic 500mg Tablet,0,Medicine,4.00,7.00
2022-02-28,AA Batteries (pair),0,Household,35.00,55.00
2022-02-28,Sewing Needle Pack,0,Household,12.00,25.00
2022-03-01,Cooking Oil 1L,21,Pantry,60.00,75.00
2022-03-01,Bear Brand Powdered Milk 320g,8,Dairy,70.00,90.00
2022-03-01,Alaska Evap Milk 370ml,7,Dairy,32.00,42.00
2022-03-01,Ligo Sardines 155g,4,Canned Goods,18.00,25.00
2022-03-01,Sunsilk Shampoo Sachet,0,Body Care,5.00,8.00
2022-03-01,Biogesic 500mg Tablet,1,Medicine,4.00,7.00
2022-03-01,AA Batteries (pair),1,Household,35.00,55.00
2022-03-01,Sewing Needle Pack,0,Household,12.00,25.00
2022-03-02,Cooking Oil 1L,36,Pantry,60.00,75.00
2022-03-02,Bear Brand Powdered Milk 320g,13,Dairy,70.00,90.00
2022-03-02,Alaska Evap Milk 370ml,2,Dairy,32.00,42.00
2022-03-02,Ligo Sardines 155g,0,Canned Goods,18.00,25.00
2022-03-02,Sunsilk Shampoo Sachet,0,Body Care,5.00,8.00
2022-03-02,Biogesic 500mg Tablet,2,Medicine,4.00,7.00
2022-03-02,AA Batteries (pair),0,Household,35.00,55.00
2022-03-02,Sewing Needle Pack,0,Household,12.00,25.00
2022-03-03,Cooking Oil 1L,40,Pantry,60.00,75.00
2022-03-03,Bear Brand Powdered Milk 320g,12,Dairy,70.00,90.00
2022-03-03,Alaska Evap Milk 370ml,6,Dairy,32.00,42.00
2022-03-03,Ligo Sardines 155g,5,Canned Goods,18.00,25.00
2022-03-03,Sunsilk Shampoo Sachet,0,Body Care,5.00,8.00
2022-03-03,Biogesic 500mg Tablet,0,Medicine,4.00,7.00
2022-03-03,AA Batteries (pair),0,Household,35.00,55.00
2022-03-03,Sewing Needle Pack,0,Household,12.00,25.00
2022-03-04,Cooking Oil 1L,36,Pantry,60.00,75.00
2022-03-04,Bear Brand Powdered Milk 320g,14,Dairy,70.00,90.00
2022-03-04,Alaska Evap Milk 370ml,7,Dairy,32.00,42.00
2022-03-04,Ligo Sardines 155g,6,Canned Goods,18.00,25.00
2022-03-04,Sunsilk Shampoo Sachet,1,Body Care,5.00,8.00
2022-03-04,Biogesic 500mg Tablet,1,Medicine,4.00,7.00
2022-03-04,AA Batteries (pair),0,Household,35.00,55.00
2022-03-04,Sewing Needle Pack,1,Household,12.00,25.00
2022-03-05,Cooking Oil 1L,23,Pantry,60.00,75.00
2022-03-05,Bear Brand Powdered Milk 320g,19,Dairy,70.00,90.00
2022-03-05,Alaska Evap Milk 370ml,6,Dairy,32.00,42.00
2022-03-05,Ligo Sardines 155g,2,Canned Goods,18.00,25.00
2022-03-05,Sunsilk Shampoo Sachet,1,Body Care,5.00,8.00
2022-03-05,Biogesic 500mg Tablet,1,Medicine,4.00,7.00
2022-03-05,AA Batteries (pair),0,Household,35.00,55.00
2022-03-05,Sewing Needle Pack,0,Household,12.00,25.00
2022-03-06,Cooking Oil 1L,22,Pantry,60.00,75.00
2022-03-06,Bear Brand Powdered Milk 320g,5,Dairy,70.00,90.00
2022-03-06,Alaska Evap Milk 370ml,4,Dairy,32.00,42.00
2022-03-06,Ligo Sardines 155g,3,Canned Goods,18.00,25.00
2022-03-06,Sunsilk Shampoo Sachet,3,Body Care,5.00,8.00
2022-03-06,Biogesic 500mg Tablet,0,Medicine,4.00,7.00
2022-03-06,AA Batteries (pair),0,Household,35.00,55.00
2022-03-06,Sewing Needle Pack,0,Household,12.00,25.00
2022-03-07,Cooking Oil 1L,30,Pantry,60.00,75.00
2022-03-07,Bear Brand Powdered Milk 320g,15,Dairy,70.00,90.00
2022-03-07,Alaska Evap Milk 370ml,4,Dairy,32.00,42.00
2022-03-07,Ligo Sardines 155g,1,Canned Goods,18.00,25.00
2022-03-07,Sunsilk Shampoo Sachet,1,Body Care,5.00,8.00
2022-03-07,Biogesic 500mg Tablet,1,Medicine,4.00,7.00
2022-03-07,AA Batteries (pair),0,Household,35.00,55.00
2022-03-07,Sewing Needle Pack,0,Household,12.00,25.00
2022-03-08,Cooking Oil 1L,17,Pantry,60.00,75.00
2022-03-08,Bear Brand Powdered Milk 320g,15,Dairy,70.00,90.00
2022-03-08,Alaska Evap Milk 370ml,5,Dairy,32.00,42.00
2022-03-08,Ligo Sardines 155g,2,Canned Goods,18.00,25.00
2022-03-08,Sunsilk Shampoo Sachet,0,Body Care,5.00,8.00
2022-03-08,Biogesic 500mg Tablet,0,Medicine,4.00,7.00
2022-03-08,AA Batteries (pair),0,Household,35.00,55.00
2022-03-08,Sewing Needle Pack,0,Household,12.00,25.00
2022-03-09,Cooking Oil 1L,36,Pantry,60.00,75.00
2022-03-09,Bear Brand Powdered Milk 320g,12,Dairy,70.00,90.00
2022-03-09,Alaska Evap Milk 370ml,3,Dairy,32.00,42.00
2022-03-09,Ligo Sardines 155g,3,Canned Goods,18.00,25.00
2022-03-09,Sunsilk Shampoo Sachet,3,Body Care,5.00,8.00
2022-03-09,Biogesic 500mg Tablet,0,Medicine,4.00,7.00
2022-03-09,AA Batteries (pair),0,Household,35.00,55.00
2022-03-09,Sewing Needle Pack,0,Household,12.00,25.00
2022-03-10,Cooking Oil 1L,37,Pantry,60.00,75.00
2022-03-10,Bear Brand Powdered Milk 320g,10,Dairy,70.00,90.00
2022-03-10,Alaska Evap Milk 370ml,1,Dairy,32.00,42.00
2022-03-10,Ligo Sardines 155g,0,Canned Goods,18.00,25.00
2022-03-10,Sunsilk Shampoo Sachet,0,Body Care,5.00,8.00
2022-03-10,Biogesic 500mg Tablet,0,Medicine,4.00,7.00
2022-03-10,AA Batteries (pair),0,Household,35.00,55.00
2022-03-10,Sewing Needle Pack,0,Household,12.00,25.00
2022-03-11,Cooking Oil 1L,27,Pantry,60.00,75.00
2022-03-11,Bear Brand Powdered Milk 320g,13,Dairy,70.00,90.00
2022-03-11,Alaska Evap Milk 370ml,3,Dairy,32.00,42.00
2022-03-11,Ligo Sardines 155g,1,Canned Goods,18.00,25.00
2022-03-11,Sunsilk Shampoo Sachet,0,Body Care,5.00,8.00
2022-03-11,Biogesic 500mg Tablet,0,Medicine,4.00,7.00
2022-03-11,AA Batteries (pair),0,Household,35.00,55.00
2022-03-11,Sewing Needle Pack,0,Household,12.00,25.00
2022-03-12,Cooking Oil 1L,37,Pantry,60.00,75.00
2022-03-12,Bear Brand Powdered Milk 320g,18,Dairy,70.00,90.00
2022-03-12,Alaska Evap Milk 370ml,4,Dairy,32.00,42.00
2022-03-12,Ligo Sardines 155g,3,Canned Goods,18.00,25.00
2022-03-12,Sunsilk Shampoo Sachet,1,Body Care,5.00,8.00
2022-03-12,Biogesic 500mg Tablet,0,Medicine,4.00,7.00
2022-03-12,AA Batteries (pair),1,Household,35.00,55.00
2022-03-12,Sewing Needle Pack,0,Household,12.00,25.00
2022-03-13,Cooking Oil 1L,37,Pantry,60.00,75.00
2022-03-13,Bear Brand Powdered Milk 320g,14,Dairy,70.00,90.00
2022-03-13,Alaska Evap Milk 370ml,1,Dairy,32.00,42.00
2022-03-13,Ligo Sardines 155g,2,Canned Goods,18.00,25.00
2022-03-13,Sunsilk Shampoo Sachet,0,Body Care,5.00,8.00
2022-03-13,Biogesic 500mg Tablet,0,Medicine,4.00,7.00
2022-03-13,AA Batteries (pair),0,Household,35.00,55.00
2022-03-13,Sewing Needle Pack,0,Household,12.00,25.00
2022-03-14,Cooking Oil 1L,23,Pantry,60.00,75.00
2022-03-14,Bear Brand Powdered Milk 320g,23,Dairy,70.00,90.00
2022-03-14,Alaska Evap Milk 370ml,6,Dairy,32.00,42.00
2022-03-14,Ligo Sardines 155g,0,Canned Goods,18.00,25.00
2022-03-14,Sunsilk Shampoo Sachet,1,Body Care,5.00,8.00
2022-03-14,Biogesic 500mg Tablet,1,Medicine,4.00,7.00
2022-03-14,AA Batteries (pair),1,Household,35.00,55.00
2022-03-14,Sewing Needle Pack,0,Household,12.00,25.00
2022-03-15,Cooking Oil 1L,26,Pantry,60.00,75.00
2022-03-15,Bear Brand Powdered Milk 320g,19,Dairy,70.00,90.00
2022-03-15,Alaska Evap Milk 370ml,3,Dairy,32.00,42.00
2022-03-15,Ligo Sardines 155g,1,Canned Goods,18.00,25.00
2022-03-15,Sunsilk Shampoo Sachet,2,Body Care,5.00,8.00
2022-03-15,Biogesic 500mg Tablet,0,Medicine,4.00,7.00
2022-03-15,AA Batteries (pair),0,Household,35.00,55.00
2022-03-15,Sewing Needle Pack,0,Household,12.00,25.00
2022-03-16,Cooking Oil 1L,29,Pantry,60.00,75.00
2022-03-16,Bear Brand Powdered Milk 320g,17,Dairy,70.00,90.00
2022-03-16,Alaska Evap Milk 370ml,4,Dairy,32.00,42.00
2022-03-16,Ligo Sardines 155g,1,Canned Goods,18.00,25.00
2022-03-16,Sunsilk Shampoo Sachet,0,Body Care,5.00,8.00
2022-03-16,Biogesic 500mg Tablet,1,Medicine,4.00,7.00
2022-03-16,AA Batteries (pair),0,Household,35.00,55.00
2022-03-16,Sewing Needle Pack,0,Household,12.00,25.00
2022-03-17,Cooking Oil 1L,18,Pantry,60.00,75.00
2022-03-17,Bear Brand Powdered Milk 320g,16,Dairy,70.00,90.00
2022-03-17,Alaska Evap Milk 370ml,2,Dairy,32.00,42.00
2022-03-17,Ligo Sardines 155g,4,Canned Goods,18.00,25.00
2022-03-17,Sunsilk Shampoo Sachet,0,Body Care,5.00,8.00
2022-03-17,Biogesic 500mg Tablet,0,Medicine,4.00,7.00
2022-03-17,AA Batteries (pair),0,Household,35.00,55.00
2022-03-17,Sewing Needle Pack,0,Household,12.00,25.00
2022-03-18,Cooking Oil 1L,50,Pantry,60.00,75.00
2022-03-18,Bear Brand Powdered Milk 320g,21,Dairy,70.00,90.00
2022-03-18,Alaska Evap Milk 370ml,3,Dairy,32.00,42.00
2022-03-18,Ligo Sardines 155g,5,Canned Goods,18.00,25.00
2022-03-18,Sunsilk Shampoo Sachet,1,Body Care,5.00,8.00
2022-03-18,Biogesic 500mg Tablet,0,Medicine,4.00,7.00
2022-03-18,AA Batteries (pair),0,Household,35.00,55.00
2022-03-18,Sewing Needle Pack,0,Household,12.00,25.00
2022-03-19,Cooking Oil 1L,37,Pantry,60.00,75.00
2022-03-19,Bear Brand Powdered Milk 320g,20,Dairy,70.00,90.00
2022-03-19,Alaska Evap Milk 370ml,3,Dairy,32.00,42.00
2022-03-19,Ligo Sardines 155g,4,Canned Goods,18.00,25.00
2022-03-19,Sunsilk Shampoo Sachet,1,Body Care,5.00,8.00
2022-03-19,Biogesic 500mg Tablet,0,Medicine,4.00,7.00
2022-03-19,AA Batteries (pair),0,Household,35.00,55.00
2022-03-19,Sewing Needle Pack,0,Household,12.00,25.00
2022-03-20,Cooking Oil 1L,45,Pantry,60.00,75.00
2022-03-20,Bear Brand Powdered Milk 320g,7,Dairy,70.00,90.00
2022-03-20,Alaska Evap Milk 370ml,2,Dairy,32.00,42.00
2022-03-20,Ligo Sardines 155g,1,Canned Goods,18.00,25.00
2022-03-20,Sunsilk Shampoo Sachet,1,Body Care,5.00,8.00
2022-03-20,Biogesic 500mg Tablet,1,Medicine,4.00,7.00
2022-03-20,AA Batteries (pair),1,Household,35.00,55.00
2022-03-20,Sewing Needle Pack,0,Household,12.00,25.00
2022-03-21,Cooking Oil 1L,23,Pantry,60.00,75.00
2022-03-21,Bear Brand Powdered Milk 320g,14,Dairy,70.00,90.00
2022-03-21,Alaska Evap Milk 370ml,2,Dairy,32.00,42.00
2022-03-21,Ligo Sardines 155g,0,Canned Goods,18.00,25.00
2022-03-21,Sunsilk Shampoo Sachet,1,Body Care,5.00,8.00
2022-03-21,Biogesic 500mg Tablet,0,Medicine,4.00,7.00
2022-03-21,AA Batteries (pair),0,Household,35.00,55.00
2022-03-21,Sewing Needle Pack,0,Household,12.00,25.00
2022-03-22,Cooking Oil 1L,11,Pantry,60.00,75.00
2022-03-22,Bear Brand Powdered Milk 320g,9,Dairy,70.00,90.00
2022-03-22,Alaska Evap Milk 370ml,2,Dairy,32.00,42.00
2022-03-22,Ligo Sardines 155g,1,Canned Goods,18.00,25.00
2022-03-22,Sunsilk Shampoo Sachet,1,Body Care,5.00,8.00
2022-03-22,Biogesic 500mg Tablet,0,Medicine,4.00,7.00
2022-03-22,AA Batteries (pair),0,Household,35.00,55.00
2022-03-22,Sewing Needle Pack,0,Household,12.00,25.00
2022-03-23,Cooking Oil 1L,27,Pantry,60.00,75.00
2022-03-23,Bear Brand Powdered Milk 320g,18,Dairy,70.00,90.00
2022-03-23,Alaska Evap Milk 370ml,2,Dairy,32.00,42.00
2022-03-23,Ligo Sardines 155g,0,Canned Goods,18.00,25.00
2022-03-23,Sunsilk Shampoo Sachet,2,Body Care,5.00,8.00
2022-03-23,Biogesic 500mg Tablet,2,Medicine,4.00,7.00
2022-03-23,AA Batteries (pair),0,Household,35.00,55.00
2022-03-23,Sewing Needle Pack,0,Household,12.00,25.00
2022-03-24,Cooking Oil 1L,28,Pantry,60.00,75.00
2022-03-24,Bear Brand Powdered Milk 320g,19,Dairy,70.00,90.00
2022-03-24,Alaska Evap Milk 370ml,3,Dairy,32.00,42.00
2022-03-24,Ligo Sardines 155g,1,Canned Goods,18.00,25.00
2022-03-24,Sunsilk Shampoo Sachet,0,Body Care,5.00,8.00
2022-03-24,Biogesic 500mg Tablet,1,Medicine,4.00,7.00
2022-03-24,AA Batteries (pair),0,Household,35.00,55.00
2022-03-24,Sewing Needle Pack,0,Household,12.00,25.00
2022-03-25,Cooking Oil 1L,25,Pantry,60.00,75.00
2022-03-25,Bear Brand Powdered Milk 320g,18,Dairy,70.00,90.00
2022-03-25,Alaska Evap Milk 370ml,3,Dairy,32.00,42.00
2022-03-25,Ligo Sardines 155g,2,Canned Goods,18.00,25.00
2022-03-25,Sunsilk Shampoo Sachet,1,Body Care,5.00,8.00
2022-03-25,Biogesic 500mg Tablet,2,Medicine,4.00,7.00
2022-03-25,AA Batteries (pair),0,Household,35.00,55.00
2022-03-25,Sewing Needle Pack,0,Household,12.00,25.00
2022-03-26,Cooking Oil 1L,50,Pantry,60.00,75.00
2022-03-26,Bear Brand Powdered Milk 320g,23,Dairy,70.00,90.00
2022-03-26,Alaska Evap Milk 370ml,8,Dairy,32.00,42.00
2022-03-26,Ligo Sardines 155g,2,Canned Goods,18.00,25.00
2022-03-26,Sunsilk Shampoo Sachet,1,Body Care,5.00,8.00
2022-03-26,Biogesic 500mg Tablet,0,Medicine,4.00,7.00
2022-03-26,AA Batteries (pair),0,Household,35.00,55.00
2022-03-26,Sewing Needle Pack,0,Household,12.00,25.00
2022-03-27,Cooking Oil 1L,29,Pantry,60.00,75.00
2022-03-27,Bear Brand Powdered Milk 320g,20,Dairy,70.00,90.00
2022-03-27,Alaska Evap Milk 370ml,7,Dairy,32.00,42.00
2022-03-27,Ligo Sardines 155g,3,Canned Goods,18.00,25.00
2022-03-27,Sunsilk Shampoo Sachet,0,Body Care,5.00,8.00
2022-03-27,Biogesic 500mg Tablet,0,Medicine,4.00,7.00
2022-03-27,AA Batteries (pair),0,Household,35.00,55.00
2022-03-27,Sewing Needle Pack,0,Household,12.00,25.00
2022-03-28,Cooking Oil 1L,26,Pantry,60.00,75.00
2022-03-28,Bear Brand Powdered Milk 320g,11,Dairy,70.00,90.00
2022-03-28,Alaska Evap Milk 370ml,1,Dairy,32.00,42.00
2022-03-28,Ligo Sardines 155g,2,Canned Goods,18.00,25.00
2022-03-28,Sunsilk Shampoo Sachet,3,Body Care,5.00,8.00
2022-03-28,Biogesic 500mg Tablet,1,Medicine,4.00,7.00
2022-03-28,AA Batteries (pair),4,Household,35.00,55.00
2022-03-28,Sewing Needle Pack,0,Household,12.00,25.00
2022-03-29,Cooking Oil 1L,31,Pantry,60.00,75.00
2022-03-29,Bear Brand Powdered Milk 320g,19,Dairy,70.00,90.00
2022-03-29,Alaska Evap Milk 370ml,6,Dairy,32.00,42.00
2022-03-29,Ligo Sardines 155g,3,Canned Goods,18.00,25.00
2022-03-29,Sunsilk Shampoo Sachet,3,Body Care,5.00,8.00
2022-03-29,Biogesic 500mg Tablet,0,Medicine,4.00,7.00
2022-03-29,AA Batteries (pair),0,Household,35.00,55.00
2022-03-29,Sewing Needle Pack,0,Household,12.00,25.00
2022-03-30,Cooking Oil 1L,51,Pantry,60.00,75.00
2022-03-30,Bear Brand Powdered Milk 320g,15,Dairy,70.00,90.00
2022-03-30,Alaska Evap Milk 370ml,2,Dairy,32.00,42.00
2022-03-30,Ligo Sardines 155g,3,Canned Goods,18.00,25.00
2022-03-30,Sunsilk Shampoo Sachet,2,Body Care,5.00,8.00
2022-03-30,Biogesic 500mg Tablet,0,Medicine,4.00,7.00
2022-03-30,AA Batteries (pair),0,Household,35.00,55.00
2022-03-30,Sewing Needle Pack,0,Household,12.00,25.00
2022-03-31,Cooking Oil 1L,49,Pantry,60.00,75.00
2022-03-31,Bear Brand Powdered Milk 320g,28,Dairy,70.00,90.00
2022-03-31,Alaska Evap Milk 370ml,3,Dairy,32.00,42.00
2022-03-31,Ligo Sardines 155g,0,Canned Goods,18.00,25.00
2022-03-31,Sunsilk Shampoo Sachet,4,Body Care,5.00,8.00
2022-03-31,Biogesic 500mg Tablet,0,Medicine,4.00,7.00
2022-03-31,AA Batteries (pair),0,Household,35.00,55.00
2022-03-31,Sewing Needle Pack,0,Household,12.00,25.00
2022-04-01,Cooking Oil 1L,59,Pantry,60.00,75.00
2022-04-01,Bear Brand Powdered Milk 320g,23,Dairy,70.00,90.00
2022-04-01,Alaska Evap Milk 370ml,6,Dairy,32.00,42.00
2022-04-01,Ligo Sardines 155g,2,Canned Goods,18.00,25.00
2022-04-01,Sunsilk Shampoo Sachet,0,Body Care,5.00,8.00
2022-04-01,Biogesic 500mg Tablet,1,Medicine,4.00,7.00
2022-04-01,AA Batteries (pair),0,Household,35.00,55.00
2022-04-01,Sewing Needle Pack,0,Household,12.00,25.00
2022-04-02,Cooking Oil 1L,35,Pantry,60.00,75.00
2022-04-02,Bear Brand Powdered Milk 320g,10,Dairy,70.00,90.00
2022-04-02,Alaska Evap Milk 370ml,4,Dairy,32.00,42.00
2022-04-02,Ligo Sardines 155g,0,Canned Goods,18.00,25.00
2022-04-02,Sunsilk Shampoo Sachet,2,Body Care,5.00,8.00
2022-04-02,Biogesic 500mg Tablet,0,Medicine,4.00,7.00
2022-04-02,AA Batteries (pair),1,Household,35.00,55.00
2022-04-02,Sewing Needle Pack,0,Household,12.00,25.00
2022-04-03,Cooking Oil 1L,27,Pantry,60.00,75.00
2022-04-03,Bear Brand Powdered Milk 320g,6,Dairy,70.00,90.00
2022-04-03,Alaska Evap Milk 370ml,5,Dairy,32.00,42.00
2022-04-03,Ligo Sardines 155g,3,Canned Goods,18.00,25.00
2022-04-03,Sunsilk Shampoo Sachet,0,Body Care,5.00,8.00
2022-04-03,Biogesic 500mg Tablet,1,Medicine,4.00,7.00
2022-04-03,AA Batteries (pair),0,Household,35.00,55.00
2022-04-03,Sewing Needle Pack,0,Household,12.00,25.00
2022-04-04,Cooking Oil 1L,25,Pantry,60.00,75.00
2022-04-04,Bear Brand Powdered Milk 320g,14,Dairy,70.00,90.00
2022-04-04,Alaska Evap Milk 370ml,2,Dairy,32.00,42.00
2022-04-04,Ligo Sardines 155g,1,Canned Goods,18.00,25.00
2022-04-04,Sunsilk Shampoo Sachet,1,Body Care,5.00,8.00
2022-04-04,Biogesic 500mg Tablet,0,Medicine,4.00,7.00
2022-04-04,AA Batteries (pair),0,Household,35.00,55.00
2022-04-04,Sewing Needle Pack,1,Household,12.00,25.00
2022-04-05,Cooking Oil 1L,47,Pantry,60.00,75.00
2022-04-05,Bear Brand Powdered Milk 320g,15,Dairy,70.00,90.00
2022-04-05,Alaska Evap Milk 370ml,5,Dairy,32.00,42.00
2022-04-05,Ligo Sardines 155g,1,Canned Goods,18.00,25.00
2022-04-05,Sunsilk Shampoo Sachet,0,Body Care,5.00,8.00
2022-04-05,Biogesic 500mg Tablet,1,Medicine,4.00,7.00
2022-04-05,AA Batteries (pair),0,Household,35.00,55.00
2022-04-05,Sewing Needle Pack,0,Household,12.00,25.00
2022-04-06,Cooking Oil 1L,23,Pantry,60.00,75.00
2022-04-06,Bear Brand Powdered Milk 320g,16,Dairy,70.00,90.00
2022-04-06,Alaska Evap Milk 370ml,2,Dairy,32.00,42.00
2022-04-06,Ligo Sardines 155g,1,Canned Goods,18.00,25.00
2022-04-06,Sunsilk Shampoo Sachet,0,Body Care,5.00,8.00
2022-04-06,Biogesic 500mg Tablet,0,Medicine,4.00,7.00
2022-04-06,AA Batteries (pair),0,Household,35.00,55.00
2022-04-06,Sewing Needle Pack,0,Household,12.00,25.00
2022-04-07,Cooking Oil 1L,29,Pantry,60.00,75.00
2022-04-07,Bear Brand Powdered Milk 320g,16,Dairy,70.00,90.00
2022-04-07,Alaska Evap Milk 370ml,6,Dairy,32.00,42.00
2022-04-07,Ligo Sardines 155g,1,Canned Goods,18.00,25.00
2022-04-07,Sunsilk Shampoo Sachet,1,Body Care,5.00,8.00
2022-04-07,Biogesic 500mg Tablet,0,Medicine,4.00,7.00
2022-04-07,AA Batteries (pair),0,Household,35.00,55.00
2022-04-07,Sewing Needle Pack,0,Household,12.00,25.00
2022-04-08,Cooking Oil 1L,33,Pantry,60.00,75.00
2022-04-08,Bear Brand Powdered Milk 320g,20,Dairy,70.00,90.00
2022-04-08,Alaska Evap Milk 370ml,5,Dairy,32.00,42.00
2022-04-08,Ligo Sardines 155g,1,Canned Goods,18.00,25.00
2022-04-08,Sunsilk Shampoo Sachet,1,Body Care,5.00,8.00
2022-04-08,Biogesic 500mg Tablet,0,Medicine,4.00,7.00
2022-04-08,AA Batteries (pair),0,Household,35.00,55.00
2022-04-08,Sewing Needle Pack,0,Household,12.00,25.00
2022-04-09,Cooking Oil 1L,58,Pantry,60.00,75.00
2022-04-09,Bear Brand Powdered Milk 320g,26,Dairy,70.00,90.00
2022-04-09,Alaska Evap Milk 370ml,1,Dairy,32.00,42.00
2022-04-09,Ligo Sardines 155g,3,Canned Goods,18.00,25.00
2022-04-09,Sunsilk Shampoo Sachet,2,Body Care,5.00,8.00
2022-04-09,Biogesic 500mg Tablet,0,Medicine,4.00,7.00
2022-04-09,AA Batteries (pair),0,Household,35.00,55.00
2022-04-09,Sewing Needle Pack,0,Household,12.00,25.00
2022-04-10,Cooking Oil 1L,44,Pantry,60.00,75.00
2022-04-10,Bear Brand Powdered Milk 320g,21,Dairy,70.00,90.00
2022-04-10,Alaska Evap Milk 370ml,9,Dairy,32.00,42.00
2022-04-10,Ligo Sardines 155g,2,Canned Goods,18.00,25.00
2022-04-10,Sunsilk Shampoo Sachet,0,Body Care,5.00,8.00
2022-04-10,Biogesic 500mg Tablet,0,Medicine,4.00,7.00
2022-04-10,AA Batteries (pair),0,Household,35.00,55.00
2022-04-10,Sewing Needle Pack,0,Household,12.00,25.00
2022-04-11,Cooking Oil 1L,33,Pantry,60.00,75.00
2022-04-11,Bear Brand Powdered Milk 320g,22,Dairy,70.00,90.00
2022-04-11,Alaska Evap Milk 370ml,4,Dairy,32.00,42.00
2022-04-11,Ligo Sardines 155g,1,Canned Goods,18.00,25.00
2022-04-11,Sunsilk Shampoo Sachet,0,Body Care,5.00,8.00
2022-04-11,Biogesic 500mg Tablet,0,Medicine,4.00,7.00
2022-04-11,AA Batteries (pair),0,Household,35.00,55.00
2022-04-11,Sewing Needle Pack,0,Household,12.00,25.00
2022-04-12,Cooking Oil 1L,18,Pantry,60.00,75.00
2022-04-12,Bear Brand Powdered Milk 320g,18,Dairy,70.00,90.00
2022-04-12,Alaska Evap Milk 370ml,5,Dairy,32.00,42.00
2022-04-12,Ligo Sardines 155g,4,Canned Goods,18.00,25.00
2022-04-12,Sunsilk Shampoo Sachet,1,Body Care,5.00,8.00
2022-04-12,Biogesic 500mg Tablet,0,Medicine,4.00,7.00
2022-04-12,AA Batteries (pair),0,Household,35.00,55.00
2022-04-12,Sewing Needle Pack,0,Household,12.00,25.00
2022-04-13,Cooking Oil 1L,32,Pantry,60.00,75.00
2022-04-13,Bear Brand Powdered Milk 320g,8,Dairy,70.00,90.00
2022-04-13,Alaska Evap Milk 370ml,2,Dairy,32.00,42.00
2022-04-13,Ligo Sardines 155g,0,Canned Goods,18.00,25.00
2022-04-13,Sunsilk Shampoo Sachet,0,Body Care,5.00,8.00
2022-04-13,Biogesic 500mg Tablet,0,Medicine,4.00,7.00
2022-04-13,AA Batteries (pair),0,Household,35.00,55.00
2022-04-13,Sewing Needle Pack,0,Household,12.00,25.00
2022-04-14,Cooking Oil 1L,22,Pantry,60.00,75.00
2022-04-14,Bear Brand Powdered Milk 320g,13,Dairy,70.00,90.00
2022-04-14,Alaska Evap Milk 370ml,1,Dairy,32.00,42.00
2022-04-14,Ligo Sardines 155g,5,Canned Goods,18.00,25.00
2022-04-14,Sunsilk Shampoo Sachet,3,Body Care,5.00,8.00
2022-04-14,Biogesic 500mg Tablet,0,Medicine,4.00,7.00
2022-04-14,AA Batteries (pair),0,Household,35.00,55.00
2022-04-14,Sewing Needle Pack,0,Household,12.00,25.00
2022-04-15,Cooking Oil 1L,38,Pantry,60.00,75.00
2022-04-15,Bear Brand Powdered Milk 320g,22,Dairy,70.00,90.00
2022-04-15,Alaska Evap Milk 370ml,8,Dairy,32.00,42.00
2022-04-15,Ligo Sardines 155g,10,Canned Goods,18.00,25.00
2022-04-15,Sunsilk Shampoo Sachet,3,Body Care,5.00,8.00
2022-04-15,Biogesic 500mg Tablet,1,Medicine,4.00,7.00
2022-04-15,AA Batteries (pair),0,Household,35.00,55.00
2022-04-15,Sewing Needle Pack,0,Household,12.00,25.00
2022-04-16,Cooking Oil 1L,25,Pantry,60.00,75.00
2022-04-16,Bear Brand Powdered Milk 320g,21,Dairy,70.00,90.00
2022-04-16,Alaska Evap Milk 370ml,6,Dairy,32.00,42.00
2022-04-16,Ligo Sardines 155g,3,Canned Goods,18.00,25.00
2022-04-16,Sunsilk Shampoo Sachet,0,Body Care,5.00,8.00
2022-04-16,Biogesic 500mg Tablet,0,Medicine,4.00,7.00
2022-04-16,AA Batteries (pair),0,Household,35.00,55.00
2022-04-16,Sewing Needle Pack,0,Household,12.00,25.00
2022-04-17,Cooking Oil 1L,37,Pantry,60.00,75.00
2022-04-17,Bear Brand Powdered Milk 320g,29,Dairy,70.00,90.00
2022-04-17,Alaska Evap Milk 370ml,9,Dairy,32.00,42.00
2022-04-17,Ligo Sardines 155g,4,Canned Goods,18.00,25.00
2022-04-17,Sunsilk Shampoo Sachet,2,Body Care,5.00,8.00
2022-04-17,Biogesic 500mg Tablet,0,Medicine,4.00,7.00
2022-04-17,AA Batteries (pair),0,Household,35.00,55.00
2022-04-17,Sewing Needle Pack,1,Household,12.00,25.00
2022-04-18,Cooking Oil 1L,34,Pantry,60.00,75.00
2022-04-18,Bear Brand Powdered Milk 320g,5,Dairy,70.00,90.00
2022-04-18,Alaska Evap Milk 370ml,3,Dairy,32.00,42.00
2022-04-18,Ligo Sardines 155g,3,Canned Goods,18.00,25.00
2022-04-18,Sunsilk Shampoo Sachet,2,Body Care,5.00,8.00
2022-04-18,Biogesic 500mg Tablet,0,Medicine,4.00,7.00
2022-04-18,AA Batteries (pair),0,Household,35.00,55.00
2022-04-18,Sewing Needle Pack,0,Household,12.00,25.00
2022-04-19,Cooking Oil 1L,17,Pantry,60.00,75.00
2022-04-19,Bear Brand Powdered Milk 320g,14,Dairy,70.00,90.00
2022-04-19,Alaska Evap Milk 370ml,4,Dairy,32.00,42.00
2022-04-19,Ligo Sardines 155g,1,Canned Goods,18.00,25.00
2022-04-19,Sunsilk Shampoo Sachet,3,Body Care,5.00,8.00
2022-04-19,Biogesic 500mg Tablet,0,Medicine,4.00,7.00
2022-04-19,AA Batteries (pair),0,Household,35.00,55.00
2022-04-19,Sewing Needle Pack,0,Household,12.00,25.00
2022-04-20,Cooking Oil 1L,21,Pantry,60.00,75.00
2022-04-20,Bear Brand Powdered Milk 320g,6,Dairy,70.00,90.00
2022-04-20,Alaska Evap Milk 370ml,3,Dairy,32.00,42.00
2022-04-20,Ligo Sardines 155g,2,Canned Goods,18.00,25.00
2022-04-20,Sunsilk Shampoo Sachet,2,Body Care,5.00,8.00
2022-04-20,Biogesic 500mg Tablet,2,Medicine,4.00,7.00
2022-04-20,AA Batteries (pair),0,Household,35.00,55.00
2022-04-20,Sewing Needle Pack,0,Household,12.00,25.00
2022-04-21,Cooking Oil 1L,28,Pantry,60.00,75.00
2022-04-21,Bear Brand Powdered Milk 320g,15,Dairy,70.00,90.00
2022-04-21,Alaska Evap Milk 370ml,4,Dairy,32.00,42.00
2022-04-21,Ligo Sardines 155g,3,Canned Goods,18.00,25.00
2022-04-21,Sunsilk Shampoo Sachet,2,Body Care,5.00,8.00
2022-04-21,Biogesic 500mg Tablet,0,Medicine,4.00,7.00
2022-04-21,AA Batteries (pair),0,Household,35.00,55.00
2022-04-21,Sewing Needle Pack,0,Household,12.00,25.00
2022-04-22,Cooking Oil 1L,46,Pantry,60.00,75.00
2022-04-22,Bear Brand Powdered Milk 320g,13,Dairy,70.00,90.00
2022-04-22,Alaska Evap Milk 370ml,1,Dairy,32.00,42.00
2022-04-22,Ligo Sardines 155g,4,Canned Goods,18.00,25.00
2022-04-22,Sunsilk Shampoo Sachet,2,Body Care,5.00,8.00
2022-04-22,Biogesic 500mg Tablet,2,Medicine,4.00,7.00
2022-04-22,AA Batteries (pair),1,Household,35.00,55.00
2022-04-22,Sewing Needle Pack,0,Household,12.00,25.00
2022-04-23,Cooking Oil 1L,38,Pantry,60.00,75.00
2022-04-23,Bear Brand Powdered Milk 320g,20,Dairy,70.00,90.00
2022-04-23,Alaska Evap Milk 370ml,8,Dairy,32.00,42.00
2022-04-23,Ligo Sardines 155g,2,Canned Goods,18.00,25.00
2022-04-23,Sunsilk Shampoo Sachet,0,Body Care,5.00,8.00
2022-04-23,Biogesic 500mg Tablet,1,Medicine,4.00,7.00
2022-04-23,AA Batteries (pair),0,Household,35.00,55.00
2022-04-23,Sewing Needle Pack,0,Household,12.00,25.00
2022-04-24,Cooking Oil 1L,40,Pantry,60.00,75.00
2022-04-24,Bear Brand Powdered Milk 320g,12,Dairy,70.00,90.00
2022-04-24,Alaska Evap Milk 370ml,3,Dairy,32.00,42.00
2022-04-24,Ligo Sardines 155g,5,Canned Goods,18.00,25.00
2022-04-24,Sunsilk Shampoo Sachet,2,Body Care,5.00,8.00
2022-04-24,Biogesic 500mg Tablet,0,Medicine,4.00,7.00
2022-04-24,AA Batteries (pair),1,Household,35.00,55.00
2022-04-24,Sewing Needle Pack,0,Household,12.00,25.00
2022-04-25,Cooking Oil 1L,36,Pantry,60.00,75.00
2022-04-25,Bear Brand Powdered Milk 320g,20,Dairy,70.00,90.00
2022-04-25,Alaska Evap Milk 370ml,4,Dairy,32.00,42.00
2022-04-25,Ligo Sardines 155g,2,Canned Goods,18.00,25.00
2022-04-25,Sunsilk Shampoo Sachet,1,Body Care,5.00,8.00
2022-04-25,Biogesic 500mg Tablet,0,Medicine,4.00,7.00
2022-04-25,AA Batteries (pair),0,Household,35.00,55.00
2022-04-25,Sewing Needle Pack,0,Household,12.00,25.00
2022-04-26,Cooking Oil 1L,19,Pantry,60.00,75.00
2022-04-26,Bear Brand Powdered Milk 320g,16,Dairy,70.00,90.00
2022-04-26,Alaska Evap Milk 370ml,1,Dairy,32.00,42.00
2022-04-26,Ligo Sardines 155g,1,Canned Goods,18.00,25.00
2022-04-26,Sunsilk Shampoo Sachet,0,Body Care,5.00,8.00
2022-04-26,Biogesic 500mg Tablet,0,Medicine,4.00,7.00
2022-04-26,AA Batteries (pair),0,Household,35.00,55.00
2022-04-26,Sewing Needle Pack,0,Household,12.00,25.00
2022-04-27,Cooking Oil 1L,31,Pantry,60.00,75.00
2022-04-27,Bear Brand Powdered Milk 320g,13,Dairy,70.00,90.00
2022-04-27,Alaska Evap Milk 370ml,5,Dairy,32.00,42.00
2022-04-27,Ligo Sardines 155g,1,Canned Goods,18.00,25.00
2022-04-27,Sunsilk Shampoo Sachet,1,Body Care,5.00,8.00
2022-04-27,Biogesic 500mg Tablet,0,Medicine,4.00,7.00
2022-04-27,AA Batteries (pair),0,Household,35.00,55.00
2022-04-27,Sewing Needle Pack,0,Household,12.00,25.00
2022-04-28,Cooking Oil 1L,36,Pantry,60.00,75.00
2022-04-28,Bear Brand Powdered Milk 320g,22,Dairy,70.00,90.00
2022-04-28,Alaska Evap Milk 370ml,4,Dairy,32.00,42.00
2022-04-28,Ligo Sardines 155g,2,Canned Goods,18.00,25.00
2022-04-28,Sunsilk Shampoo Sachet,2,Body Care,5.00,8.00
2022-04-28,Biogesic 500mg Tablet,0,Medicine,4.00,7.00
2022-04-28,AA Batteries (pair),0,Household,35.00,55.00
2022-04-28,Sewing Needle Pack,0,Household,12.00,25.00
2022-04-29,Cooking Oil 1L,32,Pantry,60.00,75.00
2022-04-29,Bear Brand Powdered Milk 320g,19,Dairy,70.00,90.00
2022-04-29,Alaska Evap Milk 370ml,9,Dairy,32.00,42.00
2022-04-29,Ligo Sardines 155g,1,Canned Goods,18.00,25.00
2022-04-29,Sunsilk Shampoo Sachet,0,Body Care,5.00,8.00
2022-04-29,Biogesic 500mg Tablet,0,Medicine,4.00,7.00
2022-04-29,AA Batteries (pair),0,Household,35.00,55.00
2022-04-29,Sewing Needle Pack,0,Household,12.00,25.00
2022-04-30,Cooking Oil 1L,73,Pantry,60.00,75.00
2022-04-30,Bear Brand Powdered Milk 320g,14,Dairy,70.00,90.00
2022-04-30,Alaska Evap Milk 370ml,4,Dairy,32.00,42.00
2022-04-30,Ligo Sardines 155g,4,Canned Goods,18.00,25.00
2022-04-30,Sunsilk Shampoo Sachet,1,Body Care,5.00,8.00
2022-04-30,Biogesic 500mg Tablet,0,Medicine,4.00,7.00
2022-04-30,AA Batteries (pair),0,Household,35.00,55.00
2022-04-30,Sewing Needle Pack,0,Household,12.00,25.00
2022-05-01,Cooking Oil 1L,46,Pantry,60.00,75.00
2022-05-01,Bear Brand Powdered Milk 320g,9,Dairy,70.00,90.00
2022-05-01,Alaska Evap Milk 370ml,2,Dairy,32.00,42.00
2022-05-01,Ligo Sardines 155g,2,Canned Goods,18.00,25.00
2022-05-01,Sunsilk Shampoo Sachet,0,Body Care,5.00,8.00
2022-05-01,Biogesic 500mg Tablet,0,Medicine,4.00,7.00
2022-05-01,AA Batteries (pair),0,Household,35.00,55.00
2022-05-01,Sewing Needle Pack,0,Household,12.00,25.00
2022-05-02,Cooking Oil 1L,23,Pantry,60.00,75.00
2022-05-02,Bear Brand Powdered Milk 320g,17,Dairy,70.00,90.00
2022-05-02,Alaska Evap Milk 370ml,3,Dairy,32.00,42.00
2022-05-02,Ligo Sardines 155g,0,Canned Goods,18.00,25.00
2022-05-02,Sunsilk Shampoo Sachet,4,Body Care,5.00,8.00
2022-05-02,Biogesic 500mg Tablet,0,Medicine,4.00,7.00
2022-05-02,AA Batteries (pair),0,Household,35.00,55.00
2022-05-02,Sewing Needle Pack,0,Household,12.00,25.00
2022-05-03,Cooking Oil 1L,35,Pantry,60.00,75.00
2022-05-03,Bear Brand Powdered Milk 320g,17,Dairy,70.00,90.00
2022-05-03,Alaska Evap Milk 370ml,2,Dairy,32.00,42.00
2022-05-03,Ligo Sardines 155g,1,Canned Goods,18.00,25.00
2022-05-03,Sunsilk Shampoo Sachet,0,Body Care,5.00,8.00
2022-05-03,Biogesic 500mg Tablet,0,Medicine,4.00,7.00
2022-05-03,AA Batteries (pair),1,Household,35.00,55.00
2022-05-03,Sewing Needle Pack,0,Household,12.00,25.00
2022-05-04,Cooking Oil 1L,21,Pantry,60.00,75.00
2022-05-04,Bear Brand Powdered Milk 320g,15,Dairy,70.00,90.00
2022-05-04,Alaska Evap Milk 370ml,6,Dairy,32.00,42.00
2022-05-04,Ligo Sardines 155g,1,Canned Goods,18.00,25.00
2022-05-04,Sunsilk Shampoo Sachet,0,Body Care,5.00,8.00
2022-05-04,Biogesic 500mg Tablet,1,Medicine,4.00,7.00
2022-05-04,AA Batteries (pair),0,Household,35.00,55.00
2022-05-04,Sewing Needle Pack,0,Household,12.00,25.00
2022-05-05,Cooking Oil 1L,26,Pantry,60.00,75.00
2022-05-05,Bear Brand Powdered Milk 320g,10,Dairy,70.00,90.00
2022-05-05,Alaska Evap Milk 370ml,4,Dairy,32.00,42.00
2022-05-05,Ligo Sardines 155g,2,Canned Goods,18.00,25.00
2022-05-05,Sunsilk Shampoo Sachet,0,Body Care,5.00,8.00
2022-05-05,Biogesic 500mg Tablet,1,Medicine,4.00,7.00
2022-05-05,AA Batteries (pair),1,Household,35.00,55.00
2022-05-05,Sewing Needle Pack,0,Household,12.00,25.00
2022-05-06,Cooking Oil 1L,44,Pantry,60.00,75.00
2022-05-06,Bear Brand Powdered Milk 320g,8,Dairy,70.00,90.00
2022-05-06,Alaska Evap Milk 370ml,2,Dairy,32.00,42.00
2022-05-06,Ligo Sardines 155g,2,Canned Goods,18.00,25.00
2022-05-06,Sunsilk Shampoo Sachet,0,Body Care,5.00,8.00
2022-05-06,Biogesic 500mg Tablet,0,Medicine,4.00,7.00
2022-05-06,AA Batteries (pair),0,Household,35.00,55.00
2022-05-06,Sewing Needle Pack,0,Household,12.00,25.00
2022-05-07,Cooking Oil 1L,60,Pantry,60.00,75.00
2022-05-07,Bear Brand Powdered Milk 320g,14,Dairy,70.00,90.00
2022-05-07,Alaska Evap Milk 370ml,8,Dairy,32.00,42.00
2022-05-07,Ligo Sardines 155g,3,Canned Goods,18.00,25.00
2022-05-07,Sunsilk Shampoo Sachet,1,Body Care,5.00,8.00
2022-05-07,Biogesic 500mg Tablet,2,Medicine,4.00,7.00
2022-05-07,AA Batteries (pair),1,Household,35.00,55.00
2022-05-07,Sewing Needle Pack,0,Household,12.00,25.00
2022-05-08,Cooking Oil 1L,44,Pantry,60.00,75.00
2022-05-08,Bear Brand Powdered Milk 320g,14,Dairy,70.00,90.00
2022-05-08,Alaska Evap Milk 370ml,2,Dairy,32.00,42.00
2022-05-08,Ligo Sardines 155g,4,Canned Goods,18.00,25.00
2022-05-08,Sunsilk Shampoo Sachet,1,Body Care,5.00,8.00
2022-05-08,Biogesic 500mg Tablet,0,Medicine,4.00,7.00
2022-05-08,AA Batteries (pair),0,Household,35.00,55.00
2022-05-08,Sewing Needle Pack,0,Household,12.00,25.00
2022-05-09,Cooking Oil 1L,9,Pantry,60.00,75.00
2022-05-09,Bear Brand Powdered Milk 320g,9,Dairy,70.00,90.00
2022-05-09,Alaska Evap Milk 370ml,2,Dairy,32.00,42.00
2022-05-09,Ligo Sardines 155g,0,Canned Goods,18.00,25.00
2022-05-09,Sunsilk Shampoo Sachet,0,Body Care,5.00,8.00
2022-05-09,Biogesic 500mg Tablet,0,Medicine,4.00,7.00
2022-05-09,AA Batteries (pair),0,Household,35.00,55.00
2022-05-09,Sewing Needle Pack,0,Household,12.00,25.00
2022-05-10,Cooking Oil 1L,12,Pantry,60.00,75.00
2022-05-10,Bear Brand Powdered Milk 320g,9,Dairy,70.00,90.00
2022-05-10,Alaska Evap Milk 370ml,5,Dairy,32.00,42.00
2022-05-10,Ligo Sardines 155g,2,Canned Goods,18.00,25.00
2022-05-10,Sunsilk Shampoo Sachet,1,Body Care,5.00,8.00
2022-05-10,Biogesic 500mg Tablet,1,Medicine,4.00,7.00
2022-05-10,AA Batteries (pair),0,Household,35.00,55.00
2022-05-10,Sewing Needle Pack,0,Household,12.00,25.00
2022-05-11,Cooking Oil 1L,23,Pantry,60.00,75.00
2022-05-11,Bear Brand Powdered Milk 320g,6,Dairy,70.00,90.00
2022-05-11,Alaska Evap Milk 370ml,2,Dairy,32.00,42.00
2022-05-11,Ligo Sardines 155g,2,Canned Goods,18.00,25.00
2022-05-11,Sunsilk Shampoo Sachet,2,Body Care,5.00,8.00
2022-05-11,Biogesic 500mg Tablet,1,Medicine,4.00,7.00
2022-05-11,AA Batteries (pair),0,Household,35.00,55.00
2022-05-11,Sewing Needle Pack,0,Household,12.00,25.00
2022-05-12,Cooking Oil 1L,28,Pantry,60.00,75.00
2022-05-12,Bear Brand Powdered Milk 320g,10,Dairy,70.00,90.00
2022-05-12,Alaska Evap Milk 370ml,3,Dairy,32.00,42.00
2022-05-12,Ligo Sardines 155g,0,Canned Goods,18.00,25.00
2022-05-12,Sunsilk Shampoo Sachet,0,Body Care,5.00,8.00
2022-05-12,Biogesic 500mg Tablet,1,Medicine,4.00,7.00
2022-05-12,AA Batteries (pair),1,Household,35.00,55.00
2022-05-12,Sewing Needle Pack,1,Household,12.00,25.00
2022-05-13,Cooking Oil 1L,36,Pantry,60.00,75.00
2022-05-13,Bear Brand Powdered Milk 320g,18,Dairy,70.00,90.00
2022-05-13,Alaska Evap Milk 370ml,2,Dairy,32.00,42.00
2022-05-13,Ligo Sardines 155g,4,Canned Goods,18.00,25.00
2022-05-13,Sunsilk Shampoo Sachet,0,Body Care,5.00,8.00
2022-05-13,Biogesic 500mg Tablet,2,Medicine,4.00,7.00
2022-05-13,AA Batteries (pair),0,Household,35.00,55.00
2022-05-13,Sewing Needle Pack,1,Household,12.00,25.00
2022-05-14,Cooking Oil 1L,43,Pantry,60.00,75.00
2022-05-14,Bear Brand Powdered Milk 320g,13,Dairy,70.00,90.00
2022-05-14,Alaska Evap Milk 370ml,10,Dairy,32.00,42.00
2022-05-14,Ligo Sardines 155g,6,Canned Goods,18.00,25.00
2022-05-14,Sunsilk Shampoo Sachet,0,Body Care,5.00,8.00
2022-05-14,Biogesic 500mg Tablet,0,Medicine,4.00,7.00
2022-05-14,AA Batteries (pair),0,Household,35.00,55.00
2022-05-14,Sewing Needle Pack,0,Household,12.00,25.00
2022-05-15,Cooking Oil 1L,29,Pantry,60.00,75.00
2022-05-15,Bear Brand Powdered Milk 320g,23,Dairy,70.00,90.00
2022-05-15,Alaska Evap Milk 370ml,5,Dairy,32.00,42.00
2022-05-15,Ligo Sardines 155g,0,Canned Goods,18.00,25.00
2022-05-15,Sunsilk Shampoo Sachet,1,Body Care,5.00,8.00
2022-05-15,Biogesic 500mg Tablet,0,Medicine,4.00,7.00
2022-05-15,AA Batteries (pair),0,Household,35.00,55.00
2022-05-15,Sewing Needle Pack,0,Household,12.00,25.00
2022-05-16,Cooking Oil 1L,22,Pantry,60.00,75.00
2022-05-16,Bear Brand Powdered Milk 320g,15,Dairy,70.00,90.00
2022-05-16,Alaska Evap Milk 370ml,4,Dairy,32.00,42.00
2022-05-16,Ligo Sardines 155g,4,Canned Goods,18.00,25.00
2022-05-16,Sunsilk Shampoo Sachet,1,Body Care,5.00,8.00
2022-05-16,Biogesic 500mg Tablet,1,Medicine,4.00,7.00
2022-05-16,AA Batteries (pair),0,Household,35.00,55.00
2022-05-16,Sewing Needle Pack,0,Household,12.00,25.00
2022-05-17,Cooking Oil 1L,17,Pantry,60.00,75.00
2022-05-17,Bear Brand Powdered Milk 320g,12,Dairy,70.00,90.00
2022-05-17,Alaska Evap Milk 370ml,3,Dairy,32.00,42.00
2022-05-17,Ligo Sardines 155g,3,Canned Goods,18.00,25.00
2022-05-17,Sunsilk Shampoo Sachet,0,Body Care,5.00,8.00
2022-05-17,Biogesic 500mg Tablet,0,Medicine,4.00,7.00
2022-05-17,AA Batteries (pair),0,Household,35.00,55.00
2022-05-17,Sewing Needle Pack,0,Household,12.00,25.00
2022-05-18,Cooking Oil 1L,16,Pantry,60.00,75.00
2022-05-18,Bear Brand Powdered Milk 320g,10,Dairy,70.00,90.00
2022-05-18,Alaska Evap Milk 370ml,1,Dairy,32.00,42.00
2022-05-18,Ligo Sardines 155g,0,Canned Goods,18.00,25.00
2022-05-18,Sunsilk Shampoo Sachet,0,Body Care,5.00,8.00
2022-05-18,Biogesic 500mg Tablet,1,Medicine,4.00,7.00
2022-05-18,AA Batteries (pair),1,Household,35.00,55.00
2022-05-18,Sewing Needle Pack,0,Household,12.00,25.00
2022-05-19,Cooking Oil 1L,35,Pantry,60.00,75.00
2022-05-19,Bear Brand Powdered Milk 320g,17,Dairy,70.00,90.00
2022-05-19,Alaska Evap Milk 370ml,7,Dairy,32.00,42.00
2022-05-19,Ligo Sardines 155g,1,Canned Goods,18.00,25.00
2022-05-19,Sunsilk Shampoo Sachet,0,Body Care,5.00,8.00
2022-05-19,Biogesic 500mg Tablet,0,Medicine,4.00,7.00
2022-05-19,AA Batteries (pair),1,Household,35.00,55.00
2022-05-19,Sewing Needle Pack,1,Household,12.00,25.00
2022-05-20,Cooking Oil 1L,23,Pantry,60.00,75.00
2022-05-20,Bear Brand Powdered Milk 320g,16,Dairy,70.00,90.00
2022-05-20,Alaska Evap Milk 370ml,6,Dairy,32.00,42.00
2022-05-20,Ligo Sardines 155g,3,Canned Goods,18.00,25.00
2022-05-20,Sunsilk Shampoo Sachet,1,Body Care,5.00,8.00
2022-05-20,Biogesic 500mg Tablet,2,Medicine,4.00,7.00
2022-05-20,AA Batteries (pair),0,Household,35.00,55.00
2022-05-20,Sewing Needle Pack,0,Household,12.00,25.00
2022-05-21,Cooking Oil 1L,47,Pantry,60.00,75.00
2022-05-21,Bear Brand Powdered Milk 320g,19,Dairy,70.00,90.00
2022-05-21,Alaska Evap Milk 370ml,4,Dairy,32.00,42.00
2022-05-21,Ligo Sardines 155g,2,Canned Goods,18.00,25.00
2022-05-21,Sunsilk Shampoo Sachet,2,Body Care,5.00,8.00
2022-05-21,Biogesic 500mg Tablet,0,Medicine,4.00,7.00
2022-05-21,AA Batteries (pair),1,Household,35.00,55.00
2022-05-21,Sewing Needle Pack,1,Household,12.00,25.00
2022-05-22,Cooking Oil 1L,19,Pantry,60.00,75.00
2022-05-22,Bear Brand Powdered Milk 320g,12,Dairy,70.00,90.00
2022-05-22,Alaska Evap Milk 370ml,3,Dairy,32.00,42.00
2022-05-22,Ligo Sardines 155g,2,Canned Goods,18.00,25.00
2022-05-22,Sunsilk Shampoo Sachet,0,Body Care,5.00,8.00
2022-05-22,Biogesic 500mg Tablet,0,Medicine,4.00,7.00
2022-05-22,AA Batteries (pair),0,Household,35.00,55.00
2022-05-22,Sewing Needle Pack,0,Household,12.00,25.00
2022-05-23,Cooking Oil 1L,23,Pantry,60.00,75.00
2022-05-23,Bear Brand Powdered Milk 320g,8,Dairy,70.00,90.00
2022-05-23,Alaska Evap Milk 370ml,5,Dairy,32.00,42.00
2022-05-23,Ligo Sardines 155g,9,Canned Goods,18.00,25.00
2022-05-23,Sunsilk Shampoo Sachet,2,Body Care,5.00,8.00
2022-05-23,Biogesic 500mg Tablet,0,Medicine,4.00,7.00
2022-05-23,AA Batteries (pair),0,Household,35.00,55.00
2022-05-23,Sewing Needle Pack,0,Household,12.00,25.00
2022-05-24,Cooking Oil 1L,28,Pantry,60.00,75.00
2022-05-24,Bear Brand Powdered Milk 320g,3,Dairy,70.00,90.00
2022-05-24,Alaska Evap Milk 370ml,3,Dairy,32.00,42.00
2022-05-24,Ligo Sardines 155g,0,Canned Goods,18.00,25.00
2022-05-24,Sunsilk Shampoo Sachet,1,Body Care,5.00,8.00
2022-05-24,Biogesic 500mg Tablet,1,Medicine,4.00,7.00
2022-05-24,AA Batteries (pair),1,Household,35.00,55.00
2022-05-24,Sewing Needle Pack,0,Household,12.00,25.00
2022-05-25,Cooking Oil 1L,32,Pantry,60.00,75.00
2022-05-25,Bear Brand Powdered Milk 320g,8,Dairy,70.00,90.00
2022-05-25,Alaska Evap Milk 370ml,3,Dairy,32.00,42.00
2022-05-25,Ligo Sardines 155g,1,Canned Goods,18.00,25.00
2022-05-25,Sunsilk Shampoo Sachet,1,Body Care,5.00,8.00
2022-05-25,Biogesic 500mg Tablet,1,Medicine,4.00,7.00
2022-05-25,AA Batteries (pair),0,Household,35.00,55.00
2022-05-25,Sewing Needle Pack,0,Household,12.00,25.00
2022-05-26,Cooking Oil 1L,30,Pantry,60.00,75.00
2022-05-26,Bear Brand Powdered Milk 320g,5,Dairy,70.00,90.00
2022-05-26,Alaska Evap Milk 370ml,2,Dairy,32.00,42.00
2022-05-26,Ligo Sardines 155g,2,Canned Goods,18.00,25.00
2022-05-26,Sunsilk Shampoo Sachet,1,Body Care,5.00,8.00
2022-05-26,Biogesic 500mg Tablet,1,Medicine,4.00,7.00
2022-05-26,AA Batteries (pair),0,Household,35.00,55.00
2022-05-26,Sewing Needle Pack,0,Household,12.00,25.00
2022-05-27,Cooking Oil 1L,39,Pantry,60.00,75.00
2022-05-27,Bear Brand Powdered Milk 320g,9,Dairy,70.00,90.00
2022-05-27,Alaska Evap Milk 370ml,6,Dairy,32.00,42.00
2022-05-27,Ligo Sardines 155g,1,Canned Goods,18.00,25.00
2022-05-27,Sunsilk Shampoo Sachet,1,Body Care,5.00,8.00
2022-05-27,Biogesic 500mg Tablet,0,Medicine,4.00,7.00
2022-05-27,AA Batteries (pair),0,Household,35.00,55.00
2022-05-27,Sewing Needle Pack,1,Household,12.00,25.00
2022-05-28,Cooking Oil 1L,45,Pantry,60.00,75.00
2022-05-28,Bear Brand Powdered Milk 320g,13,Dairy,70.00,90.00
2022-05-28,Alaska Evap Milk 370ml,4,Dairy,32.00,42.00
2022-05-28,Ligo Sardines 155g,1,Canned Goods,18.00,25.00
2022-05-28,Sunsilk Shampoo Sachet,0,Body Care,5.00,8.00
2022-05-28,Biogesic 500mg Tablet,0,Medicine,4.00,7.00
2022-05-28,AA Batteries (pair),0,Household,35.00,55.00
2022-05-28,Sewing Needle Pack,0,Household,12.00,25.00
2022-05-29,Cooking Oil 1L,41,Pantry,60.00,75.00
2022-05-29,Bear Brand Powdered Milk 320g,13,Dairy,70.00,90.00
2022-05-29,Alaska Evap Milk 370ml,5,Dairy,32.00,42.00
2022-05-29,Ligo Sardines 155g,4,Canned Goods,18.00,25.00
2022-05-29,Sunsilk Shampoo Sachet,0,Body Care,5.00,8.00
2022-05-29,Biogesic 500mg Tablet,0,Medicine,4.00,7.00
2022-05-29,AA Batteries (pair),0,Household,35.00,55.00
2022-05-29,Sewing Needle Pack,0,Household,12.00,25.00
2022-05-30,Cooking Oil 1L,44,Pantry,60.00,75.00
2022-05-30,Bear Brand Powdered Milk 320g,11,Dairy,70.00,90.00
2022-05-30,Alaska Evap Milk 370ml,5,Dairy,32.00,42.00
2022-05-30,Ligo Sardines 155g,4,Canned Goods,18.00,25.00
2022-05-30,Sunsilk Shampoo Sachet,1,Body Care,5.00,8.00
2022-05-30,Biogesic 500mg Tablet,1,Medicine,4.00,7.00
2022-05-30,AA Batteries (pair),0,Household,35.00,55.00
2022-05-30,Sewing Needle Pack,0,Household,12.00,25.00
2022-05-31,Cooking Oil 1L,27,Pantry,60.00,75.00
2022-05-31,Bear Brand Powdered Milk 320g,15,Dairy,70.00,90.00
2022-05-31,Alaska Evap Milk 370ml,6,Dairy,32.00,42.00
2022-05-31,Ligo Sardines 155g,0,Canned Goods,18.00,25.00
2022-05-31,Sunsilk Shampoo Sachet,2,Body Care,5.00,8.00
2022-05-31,Biogesic 500mg Tablet,0,Medicine,4.00,7.00
2022-05-31,AA Batteries (pair),0,Household,35.00,55.00
2022-05-31,Sewing Needle Pack,0,Household,12.00,25.00
2022-06-01,Cooking Oil 1L,29,Pantry,60.00,75.00
2022-06-01,Bear Brand Powdered Milk 320g,31,Dairy,70.00,90.00
2022-06-01,Alaska Evap Milk 370ml,4,Dairy,32.00,42.00
2022-06-01,Ligo Sardines 155g,1,Canned Goods,18.00,25.00
2022-06-01,Sunsilk Shampoo Sachet,0,Body Care,5.00,8.00
2022-06-01,Biogesic 500mg Tablet,1,Medicine,4.00,7.00
2022-06-01,AA Batteries (pair),0,Household,35.00,55.00
2022-06-01,Sewing Needle Pack,0,Household,12.00,25.00
2022-06-02,Cooking Oil 1L,27,Pantry,60.00,75.00
2022-06-02,Bear Brand Powdered Milk 320g,9,Dairy,70.00,90.00
2022-06-02,Alaska Evap Milk 370ml,6,Dairy,32.00,42.00
2022-06-02,Ligo Sardines 155g,1,Canned Goods,18.00,25.00
2022-06-02,Sunsilk Shampoo Sachet,0,Body Care,5.00,8.00
2022-06-02,Biogesic 500mg Tablet,0,Medicine,4.00,7.00
2022-06-02,AA Batteries (pair),1,Household,35.00,55.00
2022-06-02,Sewing Needle Pack,0,Household,12.00,25.00
2022-06-03,Cooking Oil 1L,40,Pantry,60.00,75.00
2022-06-03,Bear Brand Powdered Milk 320g,16,Dairy,70.00,90.00
2022-06-03,Alaska Evap Milk 370ml,3,Dairy,32.00,42.00
2022-06-03,Ligo Sardines 155g,3,Canned Goods,18.00,25.00
2022-06-03,Sunsilk Shampoo Sachet,2,Body Care,5.00,8.00
2022-06-03,Biogesic 500mg Tablet,0,Medicine,4.00,7.00
2022-06-03,AA Batteries (pair),1,Household,35.00,55.00
2022-06-03,Sewing Needle Pack,0,Household,12.00,25.00
2022-06-04,Cooking Oil 1L,40,Pantry,60.00,75.00
2022-06-04,Bear Brand Powdered Milk 320g,15,Dairy,70.00,90.00
2022-06-04,Alaska Evap Milk 370ml,3,Dairy,32.00,42.00
2022-06-04,Ligo Sardines 155g,5,Canned Goods,18.00,25.00
2022-06-04,Sunsilk Shampoo Sachet,0,Body Care,5.00,8.00
2022-06-04,Biogesic 500mg Tablet,1,Medicine,4.00,7.00
2022-06-04,AA Batteries (pair),0,Household,35.00,55.00
2022-06-04,Sewing Needle Pack,0,Household,12.00,25.00
2022-06-05,Cooking Oil 1L,20,Pantry,60.00,75.00
2022-06-05,Bear Brand Powdered Milk 320g,24,Dairy,70.00,90.00
2022-06-05,Alaska Evap Milk 370ml,6,Dairy,32.00,42.00
2022-06-05,Ligo Sardines 155g,0,Canned Goods,18.00,25.00
2022-06-05,Sunsilk Shampoo Sachet,1,Body Care,5.00,8.00
2022-06-05,Biogesic 500mg Tablet,1,Medicine,4.00,7.00
2022-06-05,AA Batteries (pair),0,Household,35.00,55.00
2022-06-05,Sewing Needle Pack,0,Household,12.00,25.00
2022-06-06,Cooking Oil 1L,38,Pantry,60.00,75.00
2022-06-06,Bear Brand Powdered Milk 320g,8,Dairy,70.00,90.00
2022-06-06,Alaska Evap Milk 370ml,3,Dairy,32.00,42.00
2022-06-06,Ligo Sardines 155g,1,Canned Goods,18.00,25.00
2022-06-06,Sunsilk Shampoo Sachet,0,Body Care,5.00,8.00
2022-06-06,Biogesic 500mg Tablet,0,Medicine,4.00,7.00
2022-06-06,AA Batteries (pair),0,Household,35.00,55.00
2022-06-06,Sewing Needle Pack,0,Household,12.00,25.00
2022-06-07,Cooking Oil 1L,19,Pantry,60.00,75.00
2022-06-07,Bear Brand Powdered Milk 320g,9,Dairy,70.00,90.00
2022-06-07,Alaska Evap Milk 370ml,6,Dairy,32.00,42.00
2022-06-07,Ligo Sardines 155g,1,Canned Goods,18.00,25.00
2022-06-07,Sunsilk Shampoo Sachet,2,Body Care,5.00,8.00
2022-06-07,Biogesic 500mg Tablet,1,Medicine,4.00,7.00
2022-06-07,AA Batteries (pair),0,Household,35.00,55.00
2022-06-07,Sewing Needle Pack,0,Household,12.00,25.00
2022-06-08,Cooking Oil 1L,31,Pantry,60.00,75.00
2022-06-08,Bear Brand Powdered Milk 320g,7,Dairy,70.00,90.00
2022-06-08,Alaska Evap Milk 370ml,1,Dairy,32.00,42.00
2022-06-08,Ligo Sardines 155g,1,Canned Goods,18.00,25.00
2022-06-08,Sunsilk Shampoo Sachet,2,Body Care,5.00,8.00
2022-06-08,Biogesic 500mg Tablet,0,Medicine,4.00,7.00
2022-06-08,AA Batteries (pair),0,Household,35.00,55.00
2022-06-08,Sewing Needle Pack,0,Household,12.00,25.00
2022-06-09,Cooking Oil 1L,26,Pantry,60.00,75.00
2022-06-09,Bear Brand Powdered Milk 320g,16,Dairy,70.00,90.00
2022-06-09,Alaska Evap Milk 370ml,0,Dairy,32.00,42.00
2022-06-09,Ligo Sardines 155g,6,Canned Goods,18.00,25.00
2022-06-09,Sunsilk Shampoo Sachet,3,Body Care,5.00,8.00
2022-06-09,Biogesic 500mg Tablet,0,Medicine,4.00,7.00
2022-06-09,AA Batteries (pair),0,Household,35.00,55.00
2022-06-09,Sewing Needle Pack,1,Household,12.00,25.00
2022-06-10,Cooking Oil 1L,36,Pantry,60.00,75.00
2022-06-10,Bear Brand Powdered Milk 320g,17,Dairy,70.00,90.00
2022-06-10,Alaska Evap Milk 370ml,3,Dairy,32.00,42.00
2022-06-10,Ligo Sardines 155g,1,Canned Goods,18.00,25.00
2022-06-10,Sunsilk Shampoo Sachet,0,Body Care,5.00,8.00
2022-06-10,Biogesic 500mg Tablet,0,Medicine,4.00,7.00
2022-06-10,AA Batteries (pair),0,Household,35.00,55.00
2022-06-10,Sewing Needle Pack,0,Household,12.00,25.00
2022-06-11,Cooking Oil 1L,32,Pantry,60.00,75.00
2022-06-11,Bear Brand Powdered Milk 320g,18,Dairy,70.00,90.00
2022-06-11,Alaska Evap Milk 370ml,4,Dairy,32.00,42.00
2022-06-11,Ligo Sardines 155g,3,Canned Goods,18.00,25.00
2022-06-11,Sunsilk Shampoo Sachet,0,Body Care,5.00,8.00
2022-06-11,Biogesic 500mg Tablet,0,Medicine,4.00,7.00
2022-06-11,AA Batteries (pair),0,Household,35.00,55.00
2022-06-11,Sewing Needle Pack,0,Household,12.00,25.00
2022-06-12,Cooking Oil 1L,26,Pantry,60.00,75.00
2022-06-12,Bear Brand Powdered Milk 320g,15,Dairy,70.00,90.00
2022-06-12,Alaska Evap Milk 370ml,6,Dairy,32.00,42.00
2022-06-12,Ligo Sardines 155g,1,Canned Goods,18.00,25.00
2022-06-12,Sunsilk Shampoo Sachet,0,Body Care,5.00,8.00
2022-06-12,Biogesic 500mg Tablet,0,Medicine,4.00,7.00
2022-06-12,AA Batteries (pair),0,Household,35.00,55.00
2022-06-12,Sewing Needle Pack,0,Household,12.00,25.00
2022-06-13,Cooking Oil 1L,26,Pantry,60.00,75.00
2022-06-13,Bear Brand Powdered Milk 320g,9,Dairy,70.00,90.00
2022-06-13,Alaska Evap Milk 370ml,7,Dairy,32.00,42.00
2022-06-13,Ligo Sardines 155g,1,Canned Goods,18.00,25.00
2022-06-13,Sunsilk Shampoo Sachet,0,Body Care,5.00,8.00
2022-06-13,Biogesic 500mg Tablet,0,Medicine,4.00,7.00
2022-06-13,AA Batteries (pair),0,Household,35.00,55.00
2022-06-13,Sewing Needle Pack,0,Household,12.00,25.00
2022-06-14,Cooking Oil 1L,32,Pantry,60.00,75.00
2022-06-14,Bear Brand Powdered Milk 320g,16,Dairy,70.00,90.00
2022-06-14,Alaska Evap Milk 370ml,1,Dairy,32.00,42.00
2022-06-14,Ligo Sardines 155g,1,Canned Goods,18.00,25.00
2022-06-14,Sunsilk Shampoo Sachet,0,Body Care,5.00,8.00
2022-06-14,Biogesic 500mg Tablet,1,Medicine,4.00,7.00
2022-06-14,AA Batteries (pair),0,Household,35.00,55.00
2022-06-14,Sewing Needle Pack,0,Household,12.00,25.00
2022-06-15,Cooking Oil 1L,24,Pantry,60.00,75.00
2022-06-15,Bear Brand Powdered Milk 320g,19,Dairy,70.00,90.00
2022-06-15,Alaska Evap Milk 370ml,4,Dairy,32.00,42.00
2022-06-15,Ligo Sardines 155g,0,Canned Goods,18.00,25.00
2022-06-15,Sunsilk Shampoo Sachet,2,Body Care,5.00,8.00
2022-06-15,Biogesic 500mg Tablet,0,Medicine,4.00,7.00
2022-06-15,AA Batteries (pair),1,Household,35.00,55.00
2022-06-15,Sewing Needle Pack,0,Household,12.00,25.00
2022-06-16,Cooking Oil 1L,17,Pantry,60.00,75.00
2022-06-16,Bear Brand Powdered Milk 320g,14,Dairy,70.00,90.00
2022-06-16,Alaska Evap Milk 370ml,4,Dairy,32.00,42.00
2022-06-16,Ligo Sardines 155g,3,Canned Goods,18.00,25.00
2022-06-16,Sunsilk Shampoo Sachet,0,Body Care,5.00,8.00
2022-06-16,Biogesic 500mg Tablet,1,Medicine,4.00,7.00
2022-06-16,AA Batteries (pair),1,Household,35.00,55.00
2022-06-16,Sewing Needle Pack,0,Household,12.00,25.00
2022-06-17,Cooking Oil 1L,35,Pantry,60.00,75.00
2022-06-17,Bear Brand Powdered Milk 320g,13,Dairy,70.00,90.00
2022-06-17,Alaska Evap Milk 370ml,1,Dairy,32.00,42.00
2022-06-17,Ligo Sardines 155g,3,Canned Goods,18.00,25.00
2022-06-17,Sunsilk Shampoo Sachet,0,Body Care,5.00,8.00
2022-06-17,Biogesic 500mg Tablet,1,Medicine,4.00,7.00
2022-06-17,AA Batteries (pair),1,Household,35.00,55.00
2022-06-17,Sewing Needle Pack,0,Household,12.00,25.00
2022-06-18,Cooking Oil 1L,47,Pantry,60.00,75.00
2022-06-18,Bear Brand Powdered Milk 320g,10,Dairy,70.00,90.00
2022-06-18,Alaska Evap Milk 370ml,4,Dairy,32.00,42.00
2022-06-18,Ligo Sardines 155g,3,Canned Goods,18.00,25.00
2022-06-18,Sunsilk Shampoo Sachet,0,Body Care,5.00,8.00
2022-06-18,Biogesic 500mg Tablet,1,Medicine,4.00,7.00
2022-06-18,AA Batteries (pair),0,Household,35.00,55.00
2022-06-18,Sewing Needle Pack,0,Household,12.00,25.00
2022-06-19,Cooking Oil 1L,26,Pantry,60.00,75.00
2022-06-19,Bear Brand Powdered Milk 320g,23,Dairy,70.00,90.00
2022-06-19,Alaska Evap Milk 370ml,2,Dairy,32.00,42.00
2022-06-19,Ligo Sardines 155g,2,Canned Goods,18.00,25.00
2022-06-19,Sunsilk Shampoo Sachet,0,Body Care,5.00,8.00
2022-06-19,Biogesic 500mg Tablet,2,Medicine,4.00,7.00
2022-06-19,AA Batteries (pair),0,Household,35.00,55.00
2022-06-19,Sewing Needle Pack,0,Household,12.00,25.00
2022-06-20,Cooking Oil 1L,23,Pantry,60.00,75.00
2022-06-20,Bear Brand Powdered Milk 320g,16,Dairy,70.00,90.00
2022-06-20,Alaska Evap Milk 370ml,2,Dairy,32.00,42.00
2022-06-20,Ligo Sardines 155g,3,Canned Goods,18.00,25.00
2022-06-20,Sunsilk Shampoo Sachet,0,Body Care,5.00,8.00
2022-06-20,Biogesic 500mg Tablet,0,Medicine,4.00,7.00
2022-06-20,AA Batteries (pair),0,Household,35.00,55.00
2022-06-20,Sewing Needle Pack,0,Household,12.00,25.00
2022-06-21,Cooking Oil 1L,35,Pantry,60.00,75.00
2022-06-21,Bear Brand Powdered Milk 320g,9,Dairy,70.00,90.00
2022-06-21,Alaska Evap Milk 370ml,1,Dairy,32.00,42.00
2022-06-21,Ligo Sardines 155g,0,Canned Goods,18.00,25.00
2022-06-21,Sunsilk Shampoo Sachet,2,Body Care,5.00,8.00
2022-06-21,Biogesic 500mg Tablet,2,Medicine,4.00,7.00
2022-06-21,AA Batteries (pair),2,Household,35.00,55.00
2022-06-21,Sewing Needle Pack,0,Household,12.00,25.00
2022-06-22,Cooking Oil 1L,29,Pantry,60.00,75.00
2022-06-22,Bear Brand Powdered Milk 320g,14,Dairy,70.00,90.00
2022-06-22,Alaska Evap Milk 370ml,3,Dairy,32.00,42.00
2022-06-22,Ligo Sardines 155g,4,Canned Goods,18.00,25.00
2022-06-22,Sunsilk Shampoo Sachet,0,Body Care,5.00,8.00
2022-06-22,Biogesic 500mg Tablet,0,Medicine,4.00,7.00
2022-06-22,AA Batteries (pair),1,Household,35.00,55.00
2022-06-22,Sewing Needle Pack,0,Household,12.00,25.00
2022-06-23,Cooking Oil 1L,29,Pantry,60.00,75.00
2022-06-23,Bear Brand Powdered Milk 320g,8,Dairy,70.00,90.00
2022-06-23,Alaska Evap Milk 370ml,3,Dairy,32.00,42.00
2022-06-23,Ligo Sardines 155g,0,Canned Goods,18.00,25.00
2022-06-23,Sunsilk Shampoo Sachet,1,Body Care,5.00,8.00
2022-06-23,Biogesic 500mg Tablet,1,Medicine,4.00,7.00
2022-06-23,AA Batteries (pair),0,Household,35.00,55.00
2022-06-23,Sewing Needle Pack,0,Household,12.00,25.00
2022-06-24,Cooking Oil 1L,25,Pantry,60.00,75.00
2022-06-24,Bear Brand Powdered Milk 320g,13,Dairy,70.00,90.00
2022-06-24,Alaska Evap Milk 370ml,4,Dairy,32.00,42.00
2022-06-24,Ligo Sardines 155g,1,Canned Goods,18.00,25.00
2022-06-24,Sunsilk Shampoo Sachet,1,Body Care,5.00,8.00
2022-06-24,Biogesic 500mg Tablet,0,Medicine,4.00,7.00
2022-06-24,AA Batteries (pair),0,Household,35.00,55.00
2022-06-24,Sewing Needle Pack,0,Household,12.00,25.00
2022-06-25,Cooking Oil 1L,42,Pantry,60.00,75.00
2022-06-25,Bear Brand Powdered Milk 320g,24,Dairy,70.00,90.00
2022-06-25,Alaska Evap Milk 370ml,8,Dairy,32.00,42.00
2022-06-25,Ligo Sardines 155g,1,Canned Goods,18.00,25.00
2022-06-25,Sunsilk Shampoo Sachet,0,Body Care,5.00,8.00
2022-06-25,Biogesic 500mg Tablet,0,Medicine,4.00,7.00
2022-06-25,AA Batteries (pair),0,Household,35.00,55.00
2022-06-25,Sewing Needle Pack,1,Household,12.00,25.00
2022-06-26,Cooking Oil 1L,26,Pantry,60.00,75.00
2022-06-26,Bear Brand Powdered Milk 320g,19,Dairy,70.00,90.00
2022-06-26,Alaska Evap Milk 370ml,4,Dairy,32.00,42.00
2022-06-26,Ligo Sardines 155g,0,Canned Goods,18.00,25.00
2022-06-26,Sunsilk Shampoo Sachet,2,Body Care,5.00,8.00
2022-06-26,Biogesic 500mg Tablet,2,Medicine,4.00,7.00
2022-06-26,AA Batteries (pair),0,Household,35.00,55.00
2022-06-26,Sewing Needle Pack,0,Household,12.00,25.00
2022-06-27,Cooking Oil 1L,25,Pantry,60.00,75.00
2022-06-27,Bear Brand Powdered Milk 320g,6,Dairy,70.00,90.00
2022-06-27,Alaska Evap Milk 370ml,6,Dairy,32.00,42.00
2022-06-27,Ligo Sardines 155g,0,Canned Goods,18.00,25.00
2022-06-27,Sunsilk Shampoo Sachet,0,Body Care,5.00,8.00
2022-06-27,Biogesic 500mg Tablet,1,Medicine,4.00,7.00
2022-06-27,AA Batteries (pair),0,Household,35.00,55.00
2022-06-27,Sewing Needle Pack,0,Household,12.00,25.00
2022-06-28,Cooking Oil 1L,54,Pantry,60.00,75.00
2022-06-28,Bear Brand Powdered Milk 320g,12,Dairy,70.00,90.00
2022-06-28,Alaska Evap Milk 370ml,6,Dairy,32.00,42.00
2022-06-28,Ligo Sardines 155g,1,Canned Goods,18.00,25.00
2022-06-28,Sunsilk Shampoo Sachet,1,Body Care,5.00,8.00
2022-06-28,Biogesic 500mg Tablet,0,Medicine,4.00,7.00
2022-06-28,AA Batteries (pair),1,Household,35.00,55.00
2022-06-28,Sewing Needle Pack,0,Household,12.00,25.00
2022-06-29,Cooking Oil 1L,55,Pantry,60.00,75.00
2022-06-29,Bear Brand Powdered Milk 320g,17,Dairy,70.00,90.00
2022-06-29,Alaska Evap Milk 370ml,2,Dairy,32.00,42.00
2022-06-29,Ligo Sardines 155g,2,Canned Goods,18.00,25.00
2022-06-29,Sunsilk Shampoo Sachet,4,Body Care,5.00,8.00
2022-06-29,Biogesic 500mg Tablet,0,Medicine,4.00,7.00
2022-06-29,AA Batteries (pair),0,Household,35.00,55.00
2022-06-29,Sewing Needle Pack,0,Household,12.00,25.00
2022-06-30,Cooking Oil 1L,38,Pantry,60.00,75.00
2022-06-30,Bear Brand Powdered Milk 320g,11,Dairy,70.00,90.00
2022-06-30,Alaska Evap Milk 370ml,9,Dairy,32.00,42.00
2022-06-30,Ligo Sardines 155g,1,Canned Goods,18.00,25.00
2022-06-30,Sunsilk Shampoo Sachet,3,Body Care,5.00,8.00
2022-06-30,Biogesic 500mg Tablet,1,Medicine,4.00,7.00
2022-06-30,AA Batteries (pair),0,Household,35.00,55.00
2022-06-30,Sewing Needle Pack,0,Household,12.00,25.00
2022-07-01,Cooking Oil 1L,28,Pantry,60.00,75.00
2022-07-01,Bear Brand Powdered Milk 320g,19,Dairy,70.00,90.00
2022-07-01,Alaska Evap Milk 370ml,4,Dairy,32.00,42.00
2022-07-01,Ligo Sardines 155g,2,Canned Goods,18.00,25.00
2022-07-01,Sunsilk Shampoo Sachet,0,Body Care,5.00,8.00
2022-07-01,Biogesic 500mg Tablet,0,Medicine,4.00,7.00
2022-07-01,AA Batteries (pair),2,Household,35.00,55.00
2022-07-01,Sewing Needle Pack,1,Household,12.00,25.00
2022-07-02,Cooking Oil 1L,53,Pantry,60.00,75.00
2022-07-02,Bear Brand Powdered Milk 320g,19,Dairy,70.00,90.00
2022-07-02,Alaska Evap Milk 370ml,6,Dairy,32.00,42.00
2022-07-02,Ligo Sardines 155g,1,Canned Goods,18.00,25.00
2022-07-02,Sunsilk Shampoo Sachet,2,Body Care,5.00,8.00
2022-07-02,Biogesic 500mg Tablet,0,Medicine,4.00,7.00
2022-07-02,AA Batteries (pair),0,Household,35.00,55.00
2022-07-02,Sewing Needle Pack,1,Household,12.00,25.00
2022-07-03,Cooking Oil 1L,21,Pantry,60.00,75.00
2022-07-03,Bear Brand Powdered Milk 320g,30,Dairy,70.00,90.00
2022-07-03,Alaska Evap Milk 370ml,5,Dairy,32.00,42.00
2022-07-03,Ligo Sardines 155g,2,Canned Goods,18.00,25.00
2022-07-03,Sunsilk Shampoo Sachet,3,Body Care,5.00,8.00
2022-07-03,Biogesic 500mg Tablet,0,Medicine,4.00,7.00
2022-07-03,AA Batteries (pair),1,Household,35.00,55.00
2022-07-03,Sewing Needle Pack,0,Household,12.00,25.00
2022-07-04,Cooking Oil 1L,46,Pantry,60.00,75.00
2022-07-04,Bear Brand Powdered Milk 320g,18,Dairy,70.00,90.00
2022-07-04,Alaska Evap Milk 370ml,0,Dairy,32.00,42.00
2022-07-04,Ligo Sardines 155g,0,Canned Goods,18.00,25.00
2022-07-04,Sunsilk Shampoo Sachet,0,Body Care,5.00,8.00
2022-07-04,Biogesic 500mg Tablet,1,Medicine,4.00,7.00
2022-07-04,AA Batteries (pair),2,Household,35.00,55.00
2022-07-04,Sewing Needle Pack,0,Household,12.00,25.00
2022-07-05,Cooking Oil 1L,21,Pantry,60.00,75.00
2022-07-05,Bear Brand Powdered Milk 320g,21,Dairy,70.00,90.00
2022-07-05,Alaska Evap Milk 370ml,3,Dairy,32.00,42.00
2022-07-05,Ligo Sardines 155g,1,Canned Goods,18.00,25.00
2022-07-05,Sunsilk Shampoo Sachet,2,Body Care,5.00,8.00
2022-07-05,Biogesic 500mg Tablet,1,Medicine,4.00,7.00
2022-07-05,AA Batteries (pair),0,Household,35.00,55.00
2022-07-05,Sewing Needle Pack,1,Household,12.00,25.00
2022-07-06,Cooking Oil 1L,20,Pantry,60.00,75.00
2022-07-06,Bear Brand Powdered Milk 320g,17,Dairy,70.00,90.00
2022-07-06,Alaska Evap Milk 370ml,5,Dairy,32.00,42.00
2022-07-06,Ligo Sardines 155g,1,Canned Goods,18.00,25.00
2022-07-06,Sunsilk Shampoo Sachet,1,Body Care,5.00,8.00
2022-07-06,Biogesic 500mg Tablet,1,Medicine,4.00,7.00
2022-07-06,AA Batteries (pair),1,Household,35.00,55.00
2022-07-06,Sewing Needle Pack,0,Household,12.00,25.00
2022-07-07,Cooking Oil 1L,28,Pantry,60.00,75.00
2022-07-07,Bear Brand Powdered Milk 320g,10,Dairy,70.00,90.00
2022-07-07,Alaska Evap Milk 370ml,4,Dairy,32.00,42.00
2022-07-07,Ligo Sardines 155g,0,Canned Goods,18.00,25.00
2022-07-07,Sunsilk Shampoo Sachet,0,Body Care,5.00,8.00
2022-07-07,Biogesic 500mg Tablet,1,Medicine,4.00,7.00
2022-07-07,AA Batteries (pair),1,Household,35.00,55.00
2022-07-07,Sewing Needle Pack,0,Household,12.00,25.00
2022-07-08,Cooking Oil 1L,20,Pantry,60.00,75.00
2022-07-08,Bear Brand Powdered Milk 320g,10,Dairy,70.00,90.00
2022-07-08,Alaska Evap Milk 370ml,4,Dairy,32.00,42.00
2022-07-08,Ligo Sardines 155g,2,Canned Goods,18.00,25.00
2022-07-08,Sunsilk Shampoo Sachet,2,Body Care,5.00,8.00
2022-07-08,Biogesic 500mg Tablet,2,Medicine,4.00,7.00
2022-07-08,AA Batteries (pair),0,Household,35.00,55.00
2022-07-08,Sewing Needle Pack,1,Household,12.00,25.00
2022-07-09,Cooking Oil 1L,48,Pantry,60.00,75.00
2022-07-09,Bear Brand Powdered Milk 320g,18,Dairy,70.00,90.00
2022-07-09,Alaska Evap Milk 370ml,1,Dairy,32.00,42.00
2022-07-09,Ligo Sardines 155g,2,Canned Goods,18.00,25.00
2022-07-09,Sunsilk Shampoo Sachet,2,Body Care,5.00,8.00
2022-07-09,Biogesic 500mg Tablet,0,Medicine,4.00,7.00
2022-07-09,AA Batteries (pair),0,Household,35.00,55.00
2022-07-09,Sewing Needle Pack,0,Household,12.00,25.00
2022-07-10,Cooking Oil 1L,36,Pantry,60.00,75.00
2022-07-10,Bear Brand Powdered Milk 320g,20,Dairy,70.00,90.00
2022-07-10,Alaska Evap Milk 370ml,7,Dairy,32.00,42.00
2022-07-10,Ligo Sardines 155g,5,Canned Goods,18.00,25.00
2022-07-10,Sunsilk Shampoo Sachet,0,Body Care,5.00,8.00
2022-07-10,Biogesic 500mg Tablet,1,Medicine,4.00,7.00
2022-07-10,AA Batteries (pair),0,Household,35.00,55.00
2022-07-10,Sewing Needle Pack,1,Household,12.00,25.00
2022-07-11,Cooking Oil 1L,53,Pantry,60.00,75.00
2022-07-11,Bear Brand Powdered Milk 320g,9,Dairy,70.00,90.00
2022-07-11,Alaska Evap Milk 370ml,6,Dairy,32.00,42.00
2022-07-11,Ligo Sardines 155g,0,Canned Goods,18.00,25.00
2022-07-11,Sunsilk Shampoo Sachet,0,Body Care,5.00,8.00
2022-07-11,Biogesic 500mg Tablet,0,Medicine,4.00,7.00
2022-07-11,AA Batteries (pair),0,Household,35.00,55.00
2022-07-11,Sewing Needle Pack,0,Household,12.00,25.00
2022-07-12,Cooking Oil 1L,26,Pantry,60.00,75.00
2022-07-12,Bear Brand Powdered Milk 320g,13,Dairy,70.00,90.00
2022-07-12,Alaska Evap Milk 370ml,4,Dairy,32.00,42.00
2022-07-12,Ligo Sardines 155g,1,Canned Goods,18.00,25.00
2022-07-12,Sunsilk Shampoo Sachet,0,Body Care,5.00,8.00
2022-07-12,Biogesic 500mg Tablet,1,Medicine,4.00,7.00
2022-07-12,AA Batteries (pair),0,Household,35.00,55.00
2022-07-12,Sewing Needle Pack,0,Household,12.00,25.00
2022-07-13,Cooking Oil 1L,17,Pantry,60.00,75.00
2022-07-13,Bear Brand Powdered Milk 320g,9,Dairy,70.00,90.00
2022-07-13,Alaska Evap Milk 370ml,1,Dairy,32.00,42.00
2022-07-13,Ligo Sardines 155g,1,Canned Goods,18.00,25.00
2022-07-13,Sunsilk Shampoo Sachet,0,Body Care,5.00,8.00
2022-07-13,Biogesic 500mg Tablet,0,Medicine,4.00,7.00
2022-07-13,AA Batteries (pair),0,Household,35.00,55.00
2022-07-13,Sewing Needle Pack,0,Household,12.00,25.00
2022-07-14,Cooking Oil 1L,30,Pantry,60.00,75.00
2022-07-14,Bear Brand Powdered Milk 320g,11,Dairy,70.00,90.00
2022-07-14,Alaska Evap Milk 370ml,4,Dairy,32.00,42.00
2022-07-14,Ligo Sardines 155g,0,Canned Goods,18.00,25.00
2022-07-14,Sunsilk Shampoo Sachet,3,Body Care,5.00,8.00
2022-07-14,Biogesic 500mg Tablet,0,Medicine,4.00,7.00
2022-07-14,AA Batteries (pair),0,Household,35.00,55.00
2022-07-14,Sewing Needle Pack,0,Household,12.00,25.00
2022-07-15,Cooking Oil 1L,42,Pantry,60.00,75.00
2022-07-15,Bear Brand Powdered Milk 320g,21,Dairy,70.00,90.00
2022-07-15,Alaska Evap Milk 370ml,4,Dairy,32.00,42.00
2022-07-15,Ligo Sardines 155g,0,Canned Goods,18.00,25.00
2022-07-15,Sunsilk Shampoo Sachet,1,Body Care,5.00,8.00
2022-07-15,Biogesic 500mg Tablet,0,Medicine,4.00,7.00
2022-07-15,AA Batteries (pair),0,Household,35.00,55.00
2022-07-15,Sewing Needle Pack,0,Household,12.00,25.00
2022-07-16,Cooking Oil 1L,32,Pantry,60.00,75.00
2022-07-16,Bear Brand Powdered Milk 320g,17,Dairy,70.00,90.00
2022-07-16,Alaska Evap Milk 370ml,4,Dairy,32.00,42.00
2022-07-16,Ligo Sardines 155g,3,Canned Goods,18.00,25.00
2022-07-16,Sunsilk Shampoo Sachet,0,Body Care,5.00,8.00
2022-07-16,Biogesic 500mg Tablet,1,Medicine,4.00,7.00
2022-07-16,AA Batteries (pair),0,Household,35.00,55.00
2022-07-16,Sewing Needle Pack,0,Household,12.00,25.00
2022-07-17,Cooking Oil 1L,25,Pantry,60.00,75.00
2022-07-17,Bear Brand Powdered Milk 320g,9,Dairy,70.00,90.00
2022-07-17,Alaska Evap Milk 370ml,2,Dairy,32.00,42.00
2022-07-17,Ligo Sardines 155g,1,Canned Goods,18.00,25.00
2022-07-17,Sunsilk Shampoo Sachet,2,Body Care,5.00,8.00
2022-07-17,Biogesic 500mg Tablet,1,Medicine,4.00,7.00
2022-07-17,AA Batteries (pair),0,Household,35.00,55.00
2022-07-17,Sewing Needle Pack,0,Household,12.00,25.00
2022-07-18,Cooking Oil 1L,28,Pantry,60.00,75.00
2022-07-18,Bear Brand Powdered Milk 320g,13,Dairy,70.00,90.00
2022-07-18,Alaska Evap Milk 370ml,1,Dairy,32.00,42.00
2022-07-18,Ligo Sardines 155g,0,Canned Goods,18.00,25.00
2022-07-18,Sunsilk Shampoo Sachet,1,Body Care,5.00,8.00
2022-07-18,Biogesic 500mg Tablet,1,Medicine,4.00,7.00
2022-07-18,AA Batteries (pair),0,Household,35.00,55.00
2022-07-18,Sewing Needle Pack,0,Household,12.00,25.00
2022-07-19,Cooking Oil 1L,26,Pantry,60.00,75.00
2022-07-19,Bear Brand Powdered Milk 320g,13,Dairy,70.00,90.00
2022-07-19,Alaska Evap Milk 370ml,2,Dairy,32.00,42.00
2022-07-19,Ligo Sardines 155g,2,Canned Goods,18.00,25.00
2022-07-19,Sunsilk Shampoo Sachet,1,Body Care,5.00,8.00
2022-07-19,Biogesic 500mg Tablet,0,Medicine,4.00,7.00
2022-07-19,AA Batteries (pair),1,Household,35.00,55.00
2022-07-19,Sewing Needle Pack,0,Household,12.00,25.00
2022-07-20,Cooking Oil 1L,36,Pantry,60.00,75.00
2022-07-20,Bear Brand Powdered Milk 320g,16,Dairy,70.00,90.00
2022-07-20,Alaska Evap Milk 370ml,1,Dairy,32.00,42.00
2022-07-20,Ligo Sardines 155g,0,Canned Goods,18.00,25.00
2022-07-20,Sunsilk Shampoo Sachet,0,Body Care,5.00,8.00
2022-07-20,Biogesic 500mg Tablet,0,Medicine,4.00,7.00
2022-07-20,AA Batteries (pair),0,Household,35.00,55.00
2022-07-20,Sewing Needle Pack,0,Household,12.00,25.00
2022-07-21,Cooking Oil 1L,29,Pantry,60.00,75.00
2022-07-21,Bear Brand Powdered Milk 320g,15,Dairy,70.00,90.00
2022-07-21,Alaska Evap Milk 370ml,2,Dairy,32.00,42.00
2022-07-21,Ligo Sardines 155g,0,Canned Goods,18.00,25.00
2022-07-21,Sunsilk Shampoo Sachet,1,Body Care,5.00,8.00
2022-07-21,Biogesic 500mg Tablet,0,Medicine,4.00,7.00
2022-07-21,AA Batteries (pair),1,Household,35.00,55.00
2022-07-21,Sewing Needle Pack,0,Household,12.00,25.00
2022-07-22,Cooking Oil 1L,30,Pantry,60.00,75.00
2022-07-22,Bear Brand Powdered Milk 320g,13,Dairy,70.00,90.00
2022-07-22,Alaska Evap Milk 370ml,8,Dairy,32.00,42.00
2022-07-22,Ligo Sardines 155g,1,Canned Goods,18.00,25.00
2022-07-22,Sunsilk Shampoo Sachet,0,Body Care,5.00,8.00
2022-07-22,Biogesic 500mg Tablet,0,Medicine,4.00,7.00
2022-07-22,AA Batteries (pair),0,Household,35.00,55.00
2022-07-22,Sewing Needle Pack,0,Household,12.00,25.00
2022-07-23,Cooking Oil 1L,43,Pantry,60.00,75.00
2022-07-23,Bear Brand Powdered Milk 320g,15,Dairy,70.00,90.00
2022-07-23,Alaska Evap Milk 370ml,3,Dairy,32.00,42.00
2022-07-23,Ligo Sardines 155g,2,Canned Goods,18.00,25.00
2022-07-23,Sunsilk Shampoo Sachet,1,Body Care,5.00,8.00
2022-07-23,Biogesic 500mg Tablet,0,Medicine,4.00,7.00
2022-07-23,AA Batteries (pair),0,Household,35.00,55.00
2022-07-23,Sewing Needle Pack,0,Household,12.00,25.00
2022-07-24,Cooking Oil 1L,35,Pantry,60.00,75.00
2022-07-24,Bear Brand Powdered Milk 320g,13,Dairy,70.00,90.00
2022-07-24,Alaska Evap Milk 370ml,9,Dairy,32.00,42.00
2022-07-24,Ligo Sardines 155g,1,Canned Goods,18.00,25.00
2022-07-24,Sunsilk Shampoo Sachet,1,Body Care,5.00,8.00
2022-07-24,Biogesic 500mg Tablet,0,Medicine,4.00,7.00
2022-07-24,AA Batteries (pair),0,Household,35.00,55.00
2022-07-24,Sewing Needle Pack,1,Household,12.00,25.00
2022-07-25,Cooking Oil 1L,19,Pantry,60.00,75.00
2022-07-25,Bear Brand Powdered Milk 320g,16,Dairy,70.00,90.00
2022-07-25,Alaska Evap Milk 370ml,5,Dairy,32.00,42.00
2022-07-25,Ligo Sardines 155g,1,Canned Goods,18.00,25.00
2022-07-25,Sunsilk Shampoo Sachet,1,Body Care,5.00,8.00
2022-07-25,Biogesic 500mg Tablet,1,Medicine,4.00,7.00
2022-07-25,AA Batteries (pair),0,Household,35.00,55.00
2022-07-25,Sewing Needle Pack,0,Household,12.00,25.00
2022-07-26,Cooking Oil 1L,25,Pantry,60.00,75.00
2022-07-26,Bear Brand Powdered Milk 320g,10,Dairy,70.00,90.00
2022-07-26,Alaska Evap Milk 370ml,5,Dairy,32.00,42.00
2022-07-26,Ligo Sardines 155g,0,Canned Goods,18.00,25.00
2022-07-26,Sunsilk Shampoo Sachet,1,Body Care,5.00,8.00
2022-07-26,Biogesic 500mg Tablet,0,Medicine,4.00,7.00
2022-07-26,AA Batteries (pair),0,Household,35.00,55.00
2022-07-26,Sewing Needle Pack,0,Household,12.00,25.00
2022-07-27,Cooking Oil 1L,32,Pantry,60.00,75.00
2022-07-27,Bear Brand Powdered Milk 320g,26,Dairy,70.00,90.00
2022-07-27,Alaska Evap Milk 370ml,3,Dairy,32.00,42.00
2022-07-27,Ligo Sardines 155g,5,Canned Goods,18.00,25.00
2022-07-27,Sunsilk Shampoo Sachet,0,Body Care,5.00,8.00
2022-07-27,Biogesic 500mg Tablet,0,Medicine,4.00,7.00
2022-07-27,AA Batteries (pair),0,Household,35.00,55.00
2022-07-27,Sewing Needle Pack,0,Household,12.00,25.00
2022-07-28,Cooking Oil 1L,7,Pantry,60.00,75.00
2022-07-28,Bear Brand Powdered Milk 320g,8,Dairy,70.00,90.00
2022-07-28,Alaska Evap Milk 370ml,4,Dairy,32.00,42.00
2022-07-28,Ligo Sardines 155g,2,Canned Goods,18.00,25.00
2022-07-28,Sunsilk Shampoo Sachet,3,Body Care,5.00,8.00
2022-07-28,Biogesic 500mg Tablet,0,Medicine,4.00,7.00
2022-07-28,AA Batteries (pair),0,Household,35.00,55.00
2022-07-28,Sewing Needle Pack,0,Household,12.00,25.00
2022-07-29,Cooking Oil 1L,77,Pantry,60.00,75.00
2022-07-29,Bear Brand Powdered Milk 320g,15,Dairy,70.00,90.00
2022-07-29,Alaska Evap Milk 370ml,3,Dairy,32.00,42.00
2022-07-29,Ligo Sardines 155g,1,Canned Goods,18.00,25.00
2022-07-29,Sunsilk Shampoo Sachet,2,Body Care,5.00,8.00
2022-07-29,Biogesic 500mg Tablet,2,Medicine,4.00,7.00
2022-07-29,AA Batteries (pair),1,Household,35.00,55.00
2022-07-29,Sewing Needle Pack,0,Household,12.00,25.00
2022-07-30,Cooking Oil 1L,67,Pantry,60.00,75.00
2022-07-30,Bear Brand Powdered Milk 320g,21,Dairy,70.00,90.00
2022-07-30,Alaska Evap Milk 370ml,7,Dairy,32.00,42.00
2022-07-30,Ligo Sardines 155g,5,Canned Goods,18.00,25.00
2022-07-30,Sunsilk Shampoo Sachet,1,Body Care,5.00,8.00
2022-07-30,Biogesic 500mg Tablet,0,Medicine,4.00,7.00
2022-07-30,AA Batteries (pair),0,Household,35.00,55.00
2022-07-30,Sewing Needle Pack,0,Household,12.00,25.00
2022-07-31,Cooking Oil 1L,47,Pantry,60.00,75.00
2022-07-31,Bear Brand Powdered Milk 320g,17,Dairy,70.00,90.00
2022-07-31,Alaska Evap Milk 370ml,6,Dairy,32.00,42.00
2022-07-31,Ligo Sardines 155g,2,Canned Goods,18.00,25.00
2022-07-31,Sunsilk Shampoo Sachet,1,Body Care,5.00,8.00
2022-07-31,Biogesic 500mg Tablet,3,Medicine,4.00,7.00
2022-07-31,AA Batteries (pair),0,Household,35.00,55.00
2022-07-31,Sewing Needle Pack,2,Household,12.00,25.00
2022-08-01,Cooking Oil 1L,25,Pantry,60.00,75.00
2022-08-01,Bear Brand Powdered Milk 320g,19,Dairy,70.00,90.00
2022-08-01,Alaska Evap Milk 370ml,3,Dairy,32.00,42.00
2022-08-01,Ligo Sardines 155g,1,Canned Goods,18.00,25.00
2022-08-01,Sunsilk Shampoo Sachet,1,Body Care,5.00,8.00
2022-08-01,Biogesic 500mg Tablet,0,Medicine,4.00,7.00
2022-08-01,AA Batteries (pair),0,Household,35.00,55.00
2022-08-01,Sewing Needle Pack,0,Household,12.00,25.00
2022-08-02,Cooking Oil 1L,14,Pantry,60.00,75.00
2022-08-02,Bear Brand Powdered Milk 320g,10,Dairy,70.00,90.00
2022-08-02,Alaska Evap Milk 370ml,2,Dairy,32.00,42.00
2022-08-02,Ligo Sardines 155g,0,Canned Goods,18.00,25.00
2022-08-02,Sunsilk Shampoo Sachet,0,Body Care,5.00,8.00
2022-08-02,Biogesic 500mg Tablet,0,Medicine,4.00,7.00
2022-08-02,AA Batteries (pair),1,Household,35.00,55.00
2022-08-02,Sewing Needle Pack,0,Household,12.00,25.00
2022-08-03,Cooking Oil 1L,22,Pantry,60.00,75.00
2022-08-03,Bear Brand Powdered Milk 320g,14,Dairy,70.00,90.00
2022-08-03,Alaska Evap Milk 370ml,3,Dairy,32.00,42.00
2022-08-03,Ligo Sardines 155g,1,Canned Goods,18.00,25.00
2022-08-03,Sunsilk Shampoo Sachet,1,Body Care,5.00,8.00
2022-08-03,Biogesic 500mg Tablet,0,Medicine,4.00,7.00
2022-08-03,AA Batteries (pair),0,Household,35.00,55.00
2022-08-03,Sewing Needle Pack,0,Household,12.00,25.00
2022-08-04,Cooking Oil 1L,15,Pantry,60.00,75.00
2022-08-04,Bear Brand Powdered Milk 320g,13,Dairy,70.00,90.00
2022-08-04,Alaska Evap Milk 370ml,2,Dairy,32.00,42.00
2022-08-04,Ligo Sardines 155g,0,Canned Goods,18.00,25.00
2022-08-04,Sunsilk Shampoo Sachet,0,Body Care,5.00,8.00
2022-08-04,Biogesic 500mg Tablet,0,Medicine,4.00,7.00
2022-08-04,AA Batteries (pair),0,Household,35.00,55.00
2022-08-04,Sewing Needle Pack,0,Household,12.00,25.00
2022-08-05,Cooking Oil 1L,30,Pantry,60.00,75.00
2022-08-05,Bear Brand Powdered Milk 320g,10,Dairy,70.00,90.00
2022-08-05,Alaska Evap Milk 370ml,8,Dairy,32.00,42.00
2022-08-05,Ligo Sardines 155g,3,Canned Goods,18.00,25.00
2022-08-05,Sunsilk Shampoo Sachet,1,Body Care,5.00,8.00
2022-08-05,Biogesic 500mg Tablet,1,Medicine,4.00,7.00
2022-08-05,AA Batteries (pair),1,Household,35.00,55.00
2022-08-05,Sewing Needle Pack,0,Household,12.00,25.00
2022-08-06,Cooking Oil 1L,65,Pantry,60.00,75.00
2022-08-06,Bear Brand Powdered Milk 320g,17,Dairy,70.00,90.00
2022-08-06,Alaska Evap Milk 370ml,2,Dairy,32.00,42.00
2022-08-06,Ligo Sardines 155g,3,Canned Goods,18.00,25.00
2022-08-06,Sunsilk Shampoo Sachet,2,Body Care,5.00,8.00
2022-08-06,Biogesic 500mg Tablet,0,Medicine,4.00,7.00
2022-08-06,AA Batteries (pair),0,Household,35.00,55.00
2022-08-06,Sewing Needle Pack,0,Household,12.00,25.00
2022-08-07,Cooking Oil 1L,27,Pantry,60.00,75.00
2022-08-07,Bear Brand Powdered Milk 320g,14,Dairy,70.00,90.00
2022-08-07,Alaska Evap Milk 370ml,4,Dairy,32.00,42.00
2022-08-07,Ligo Sardines 155g,0,Canned Goods,18.00,25.00
2022-08-07,Sunsilk Shampoo Sachet,3,Body Care,5.00,8.00
2022-08-07,Biogesic 500mg Tablet,0,Medicine,4.00,7.00
2022-08-07,AA Batteries (pair),0,Household,35.00,55.00
2022-08-07,Sewing Needle Pack,0,Household,12.00,25.00
2022-08-08,Cooking Oil 1L,21,Pantry,60.00,75.00
2022-08-08,Bear Brand Powdered Milk 320g,11,Dairy,70.00,90.00
2022-08-08,Alaska Evap Milk 370ml,4,Dairy,32.00,42.00
2022-08-08,Ligo Sardines 155g,1,Canned Goods,18.00,25.00
2022-08-08,Sunsilk Shampoo Sachet,2,Body Care,5.00,8.00
2022-08-08,Biogesic 500mg Tablet,0,Medicine,4.00,7.00
2022-08-08,AA Batteries (pair),0,Household,35.00,55.00
2022-08-08,Sewing Needle Pack,0,Household,12.00,25.00
2022-08-09,Cooking Oil 1L,23,Pantry,60.00,75.00
2022-08-09,Bear Brand Powdered Milk 320g,17,Dairy,70.00,90.00
2022-08-09,Alaska Evap Milk 370ml,5,Dairy,32.00,42.00
2022-08-09,Ligo Sardines 155g,2,Canned Goods,18.00,25.00
2022-08-09,Sunsilk Shampoo Sachet,0,Body Care,5.00,8.00
2022-08-09,Biogesic 500mg Tablet,0,Medicine,4.00,7.00
2022-08-09,AA Batteries (pair),0,Household,35.00,55.00
2022-08-09,Sewing Needle Pack,0,Household,12.00,25.00
2022-08-10,Cooking Oil 1L,25,Pantry,60.00,75.00
2022-08-10,Bear Brand Powdered Milk 320g,10,Dairy,70.00,90.00
2022-08-10,Alaska Evap Milk 370ml,3,Dairy,32.00,42.00
2022-08-10,Ligo Sardines 155g,2,Canned Goods,18.00,25.00
2022-08-10,Sunsilk Shampoo Sachet,1,Body Care,5.00,8.00
2022-08-10,Biogesic 500mg Tablet,0,Medicine,4.00,7.00
2022-08-10,AA Batteries (pair),0,Household,35.00,55.00
2022-08-10,Sewing Needle Pack,0,Household,12.00,25.00
2022-08-11,Cooking Oil 1L,24,Pantry,60.00,75.00
2022-08-11,Bear Brand Powdered Milk 320g,17,Dairy,70.00,90.00
2022-08-11,Alaska Evap Milk 370ml,4,Dairy,32.00,42.00
2022-08-11,Ligo Sardines 155g,4,Canned Goods,18.00,25.00
2022-08-11,Sunsilk Shampoo Sachet,4,Body Care,5.00,8.00
2022-08-11,Biogesic 500mg Tablet,3,Medicine,4.00,7.00
2022-08-11,AA Batteries (pair),0,Household,35.00,55.00
2022-08-11,Sewing Needle Pack,0,Household,12.00,25.00
2022-08-12,Cooking Oil 1L,35,Pantry,60.00,75.00
2022-08-12,Bear Brand Powdered Milk 320g,12,Dairy,70.00,90.00
2022-08-12,Alaska Evap Milk 370ml,6,Dairy,32.00,42.00
2022-08-12,Ligo Sardines 155g,3,Canned Goods,18.00,25.00
2022-08-12,Sunsilk Shampoo Sachet,1,Body Care,5.00,8.00
2022-08-12,Biogesic 500mg Tablet,1,Medicine,4.00,7.00
2022-08-12,AA Batteries (pair),1,Household,35.00,55.00
2022-08-12,Sewing Needle Pack,0,Household,12.00,25.00
2022-08-13,Cooking Oil 1L,33,Pantry,60.00,75.00
2022-08-13,Bear Brand Powdered Milk 320g,11,Dairy,70.00,90.00
2022-08-13,Alaska Evap Milk 370ml,3,Dairy,32.00,42.00
2022-08-13,Ligo Sardines 155g,0,Canned Goods,18.00,25.00
2022-08-13,Sunsilk Shampoo Sachet,0,Body Care,5.00,8.00
2022-08-13,Biogesic 500mg Tablet,0,Medicine,4.00,7.00
2022-08-13,AA Batteries (pair),1,Household,35.00,55.00
2022-08-13,Sewing Needle Pack,0,Household,12.00,25.00
2022-08-14,Cooking Oil 1L,37,Pantry,60.00,75.00
2022-08-14,Bear Brand Powdered Milk 320g,13,Dairy,70.00,90.00
2022-08-14,Alaska Evap Milk 370ml,3,Dairy,32.00,42.00
2022-08-14,Ligo Sardines 155g,6,Canned Goods,18.00,25.00
2022-08-14,Sunsilk Shampoo Sachet,1,Body Care,5.00,8.00
2022-08-14,Biogesic 500mg Tablet,0,Medicine,4.00,7.00
2022-08-14,AA Batteries (pair),0,Household,35.00,55.00
2022-08-14,Sewing Needle Pack,0,Household,12.00,25.00
2022-08-15,Cooking Oil 1L,18,Pantry,60.00,75.00
2022-08-15,Bear Brand Powdered Milk 320g,7,Dairy,70.00,90.00
2022-08-15,Alaska Evap Milk 370ml,0,Dairy,32.00,42.00
2022-08-15,Ligo Sardines 155g,1,Canned Goods,18.00,25.00
2022-08-15,Sunsilk Shampoo Sachet,1,Body Care,5.00,8.00
2022-08-15,Biogesic 500mg Tablet,0,Medicine,4.00,7.00
2022-08-15,AA Batteries (pair),0,Household,35.00,55.00
2022-08-15,Sewing Needle Pack,0,Household,12.00,25.00
2022-08-16,Cooking Oil 1L,36,Pantry,60.00,75.00
2022-08-16,Bear Brand Powdered Milk 320g,16,Dairy,70.00,90.00
2022-08-16,Alaska Evap Milk 370ml,6,Dairy,32.00,42.00
2022-08-16,Ligo Sardines 155g,0,Canned Goods,18.00,25.00
2022-08-16,Sunsilk Shampoo Sachet,0,Body Care,5.00,8.00
2022-08-16,Biogesic 500mg Tablet,0,Medicine,4.00,7.00
2022-08-16,AA Batteries (pair),1,Household,35.00,55.00
2022-08-16,Sewing Needle Pack,0,Household,12.00,25.00
2022-08-17,Cooking Oil 1L,13,Pantry,60.00,75.00
2022-08-17,Bear Brand Powdered Milk 320g,13,Dairy,70.00,90.00
2022-08-17,Alaska Evap Milk 370ml,4,Dairy,32.00,42.00
2022-08-17,Ligo Sardines 155g,0,Canned Goods,18.00,25.00
2022-08-17,Sunsilk Shampoo Sachet,0,Body Care,5.00,8.00
2022-08-17,Biogesic 500mg Tablet,1,Medicine,4.00,7.00
2022-08-17,AA Batteries (pair),0,Household,35.00,55.00
2022-08-17,Sewing Needle Pack,0,Household,12.00,25.00
2022-08-18,Cooking Oil 1L,25,Pantry,60.00,75.00
2022-08-18,Bear Brand Powdered Milk 320g,16,Dairy,70.00,90.00
2022-08-18,Alaska Evap Milk 370ml,4,Dairy,32.00,42.00
2022-08-18,Ligo Sardines 155g,1,Canned Goods,18.00,25.00
2022-08-18,Sunsilk Shampoo Sachet,0,Body Care,5.00,8.00
2022-08-18,Biogesic 500mg Tablet,0,Medicine,4.00,7.00
2022-08-18,AA Batteries (pair),0,Household,35.00,55.00
2022-08-18,Sewing Needle Pack,0,Household,12.00,25.00
2022-08-19,Cooking Oil 1L,42,Pantry,60.00,75.00
2022-08-19,Bear Brand Powdered Milk 320g,19,Dairy,70.00,90.00
2022-08-19,Alaska Evap Milk 370ml,4,Dairy,32.00,42.00
2022-08-19,Ligo Sardines 155g,6,Canned Goods,18.00,25.00
2022-08-19,Sunsilk Shampoo Sachet,1,Body Care,5.00,8.00
2022-08-19,Biogesic 500mg Tablet,1,Medicine,4.00,7.00
2022-08-19,AA Batteries (pair),1,Household,35.00,55.00
2022-08-19,Sewing Needle Pack,0,Household,12.00,25.00
2022-08-20,Cooking Oil 1L,34,Pantry,60.00,75.00
2022-08-20,Bear Brand Powdered Milk 320g,21,Dairy,70.00,90.00
2022-08-20,Alaska Evap Milk 370ml,7,Dairy,32.00,42.00
2022-08-20,Ligo Sardines 155g,6,Canned Goods,18.00,25.00
2022-08-20,Sunsilk Shampoo Sachet,1,Body Care,5.00,8.00
2022-08-20,Biogesic 500mg Tablet,0,Medicine,4.00,7.00
2022-08-20,AA Batteries (pair),0,Household,35.00,55.00
2022-08-20,Sewing Needle Pack,0,Household,12.00,25.00
2022-08-21,Cooking Oil 1L,38,Pantry,60.00,75.00
2022-08-21,Bear Brand Powdered Milk 320g,9,Dairy,70.00,90.00
2022-08-21,Alaska Evap Milk 370ml,3,Dairy,32.00,42.00
2022-08-21,Ligo Sardines 155g,1,Canned Goods,18.00,25.00
2022-08-21,Sunsilk Shampoo Sachet,2,Body Care,5.00,8.00
2022-08-21,Biogesic 500mg Tablet,3,Medicine,4.00,7.00
2022-08-21,AA Batteries (pair),0,Household,35.00,55.00
2022-08-21,Sewing Needle Pack,0,Household,12.00,25.00
2022-08-22,Cooking Oil 1L,39,Pantry,60.00,75.00
2022-08-22,Bear Brand Powdered Milk 320g,7,Dairy,70.00,90.00
2022-08-22,Alaska Evap Milk 370ml,4,Dairy,32.00,42.00
2022-08-22,Ligo Sardines 155g,2,Canned Goods,18.00,25.00
2022-08-22,Sunsilk Shampoo Sachet,1,Body Care,5.00,8.00
2022-08-22,Biogesic 500mg Tablet,0,Medicine,4.00,7.00
2022-08-22,AA Batteries (pair),0,Household,35.00,55.00
2022-08-22,Sewing Needle Pack,0,Household,12.00,25.00
2022-08-23,Cooking Oil 1L,42,Pantry,60.00,75.00
2022-08-23,Bear Brand Powdered Milk 320g,4,Dairy,70.00,90.00
2022-08-23,Alaska Evap Milk 370ml,5,Dairy,32.00,42.00
2022-08-23,Ligo Sardines 155g,2,Canned Goods,18.00,25.00
2022-08-23,Sunsilk Shampoo Sachet,1,Body Care,5.00,8.00
2022-08-23,Biogesic 500mg Tablet,1,Medicine,4.00,7.00
2022-08-23,AA Batteries (pair),0,Household,35.00,55.00
2022-08-23,Sewing Needle Pack,1,Household,12.00,25.00
2022-08-24,Cooking Oil 1L,20,Pantry,60.00,75.00
2022-08-24,Bear Brand Powdered Milk 320g,10,Dairy,70.00,90.00
2022-08-24,Alaska Evap Milk 370ml,1,Dairy,32.00,42.00
2022-08-24,Ligo Sardines 155g,2,Canned Goods,18.00,25.00
2022-08-24,Sunsilk Shampoo Sachet,1,Body Care,5.00,8.00
2022-08-24,Biogesic 500mg Tablet,0,Medicine,4.00,7.00
2022-08-24,AA Batteries (pair),0,Household,35.00,55.00
2022-08-24,Sewing Needle Pack,0,Household,12.00,25.00
2022-08-25,Cooking Oil 1L,38,Pantry,60.00,75.00
2022-08-25,Bear Brand Powdered Milk 320g,16,Dairy,70.00,90.00
2022-08-25,Alaska Evap Milk 370ml,6,Dairy,32.00,42.00
2022-08-25,Ligo Sardines 155g,4,Canned Goods,18.00,25.00
2022-08-25,Sunsilk Shampoo Sachet,3,Body Care,5.00,8.00
2022-08-25,Biogesic 500mg Tablet,1,Medicine,4.00,7.00
2022-08-25,AA Batteries (pair),0,Household,35.00,55.00
2022-08-25,Sewing Needle Pack,1,Household,12.00,25.00
2022-08-26,Cooking Oil 1L,44,Pantry,60.00,75.00
2022-08-26,Bear Brand Powdered Milk 320g,26,Dairy,70.00,90.00
2022-08-26,Alaska Evap Milk 370ml,0,Dairy,32.00,42.00
2022-08-26,Ligo Sardines 155g,1,Canned Goods,18.00,25.00
2022-08-26,Sunsilk Shampoo Sachet,1,Body Care,5.00,8.00
2022-08-26,Biogesic 500mg Tablet,0,Medicine,4.00,7.00
2022-08-26,AA Batteries (pair),0,Household,35.00,55.00
2022-08-26,Sewing Needle Pack,1,Household,12.00,25.00
2022-08-27,Cooking Oil 1L,51,Pantry,60.00,75.00
2022-08-27,Bear Brand Powdered Milk 320g,7,Dairy,70.00,90.00
2022-08-27,Alaska Evap Milk 370ml,5,Dairy,32.00,42.00
2022-08-27,Ligo Sardines 155g,4,Canned Goods,18.00,25.00
2022-08-27,Sunsilk Shampoo Sachet,0,Body Care,5.00,8.00
2022-08-27,Biogesic 500mg Tablet,1,Medicine,4.00,7.00
2022-08-27,AA Batteries (pair),1,Household,35.00,55.00
2022-08-27,Sewing Needle Pack,0,Household,12.00,25.00
2022-08-28,Cooking Oil 1L,30,Pantry,60.00,75.00
2022-08-28,Bear Brand Powdered Milk 320g,11,Dairy,70.00,90.00
2022-08-28,Alaska Evap Milk 370ml,5,Dairy,32.00,42.00
2022-08-28,Ligo Sardines 155g,2,Canned Goods,18.00,25.00
2022-08-28,Sunsilk Shampoo Sachet,0,Body Care,5.00,8.00
2022-08-28,Biogesic 500mg Tablet,0,Medicine,4.00,7.00
2022-08-28,AA Batteries (pair),1,Household,35.00,55.00
2022-08-28,Sewing Needle Pack,0,Household,12.00,25.00
2022-08-29,Cooking Oil 1L,38,Pantry,60.00,75.00
2022-08-29,Bear Brand Powdered Milk 320g,15,Dairy,70.00,90.00
2022-08-29,Alaska Evap Milk 370ml,7,Dairy,32.00,42.00
2022-08-29,Ligo Sardines 155g,3,Canned Goods,18.00,25.00
2022-08-29,Sunsilk Shampoo Sachet,0,Body Care,5.00,8.00
2022-08-29,Biogesic 500mg Tablet,0,Medicine,4.00,7.00
2022-08-29,AA Batteries (pair),0,Household,35.00,55.00
2022-08-29,Sewing Needle Pack,0,Household,12.00,25.00
2022-08-30,Cooking Oil 1L,39,Pantry,60.00,75.00
2022-08-30,Bear Brand Powdered Milk 320g,14,Dairy,70.00,90.00
2022-08-30,Alaska Evap Milk 370ml,2,Dairy,32.00,42.00
2022-08-30,Ligo Sardines 155g,4,Canned Goods,18.00,25.00
2022-08-30,Sunsilk Shampoo Sachet,1,Body Care,5.00,8.00
2022-08-30,Biogesic 500mg Tablet,0,Medicine,4.00,7.00
2022-08-30,AA Batteries (pair),0,Household,35.00,55.00
2022-08-30,Sewing Needle Pack,0,Household,12.00,25.00
2022-08-31,Cooking Oil 1L,34,Pantry,60.00,75.00
2022-08-31,Bear Brand Powdered Milk 320g,14,Dairy,70.00,90.00
2022-08-31,Alaska Evap Milk 370ml,6,Dairy,32.00,42.00
2022-08-31,Ligo Sardines 155g,1,Canned Goods,18.00,25.00
2022-08-31,Sunsilk Shampoo Sachet,0,Body Care,5.00,8.00
2022-08-31,Biogesic 500mg Tablet,1,Medicine,4.00,7.00
2022-08-31,AA Batteries (pair),0,Household,35.00,55.00
2022-08-31,Sewing Needle Pack,0,Household,12.00,25.00
2022-09-01,Cooking Oil 1L,31,Pantry,60.00,75.00
2022-09-01,Bear Brand Powdered Milk 320g,16,Dairy,70.00,90.00
2022-09-01,Alaska Evap Milk 370ml,0,Dairy,32.00,42.00
2022-09-01,Ligo Sardines 155g,2,Canned Goods,18.00,25.00
2022-09-01,Sunsilk Shampoo Sachet,2,Body Care,5.00,8.00
2022-09-01,Biogesic 500mg Tablet,1,Medicine,4.00,7.00
2022-09-01,AA Batteries (pair),0,Household,35.00,55.00
2022-09-01,Sewing Needle Pack,0,Household,12.00,25.00
2022-09-02,Cooking Oil 1L,36,Pantry,60.00,75.00
2022-09-02,Bear Brand Powdered Milk 320g,16,Dairy,70.00,90.00
2022-09-02,Alaska Evap Milk 370ml,5,Dairy,32.00,42.00
2022-09-02,Ligo Sardines 155g,1,Canned Goods,18.00,25.00
2022-09-02,Sunsilk Shampoo Sachet,3,Body Care,5.00,8.00
2022-09-02,Biogesic 500mg Tablet,0,Medicine,4.00,7.00
2022-09-02,AA Batteries (pair),1,Household,35.00,55.00
2022-09-02,Sewing Needle Pack,0,Household,12.00,25.00
2022-09-03,Cooking Oil 1L,45,Pantry,60.00,75.00
2022-09-03,Bear Brand Powdered Milk 320g,10,Dairy,70.00,90.00
2022-09-03,Alaska Evap Milk 370ml,6,Dairy,32.00,42.00
2022-09-03,Ligo Sardines 155g,2,Canned Goods,18.00,25.00
2022-09-03,Sunsilk Shampoo Sachet,0,Body Care,5.00,8.00
2022-09-03,Biogesic 500mg Tablet,0,Medicine,4.00,7.00
2022-09-03,AA Batteries (pair),0,Household,35.00,55.00
2022-09-03,Sewing Needle Pack,0,Household,12.00,25.00
2022-09-04,Cooking Oil 1L,32,Pantry,60.00,75.00
2022-09-04,Bear Brand Powdered Milk 320g,10,Dairy,70.00,90.00
2022-09-04,Alaska Evap Milk 370ml,2,Dairy,32.00,42.00
2022-09-04,Ligo Sardines 155g,4,Canned Goods,18.00,25.00
2022-09-04,Sunsilk Shampoo Sachet,0,Body Care,5.00,8.00
2022-09-04,Biogesic 500mg Tablet,2,Medicine,4.00,7.00
2022-09-04,AA Batteries (pair),0,Household,35.00,55.00
2022-09-04,Sewing Needle Pack,1,Household,12.00,25.00
2022-09-05,Cooking Oil 1L,18,Pantry,60.00,75.00
2022-09-05,Bear Brand Powdered Milk 320g,11,Dairy,70.00,90.00
2022-09-05,Alaska Evap Milk 370ml,2,Dairy,32.00,42.00
2022-09-05,Ligo Sardines 155g,1,Canned Goods,18.00,25.00
2022-09-05,Sunsilk Shampoo Sachet,0,Body Care,5.00,8.00
2022-09-05,Biogesic 500mg Tablet,1,Medicine,4.00,7.00
2022-09-05,AA Batteries (pair),0,Household,35.00,55.00
2022-09-05,Sewing Needle Pack,0,Household,12.00,25.00
2022-09-06,Cooking Oil 1L,33,Pantry,60.00,75.00
2022-09-06,Bear Brand Powdered Milk 320g,11,Dairy,70.00,90.00
2022-09-06,Alaska Evap Milk 370ml,1,Dairy,32.00,42.00
2022-09-06,Ligo Sardines 155g,2,Canned Goods,18.00,25.00
2022-09-06,Sunsilk Shampoo Sachet,1,Body Care,5.00,8.00
2022-09-06,Biogesic 500mg Tablet,1,Medicine,4.00,7.00
2022-09-06,AA Batteries (pair),0,Household,35.00,55.00
2022-09-06,Sewing Needle Pack,0,Household,12.00,25.00
2022-09-07,Cooking Oil 1L,23,Pantry,60.00,75.00
2022-09-07,Bear Brand Powdered Milk 320g,19,Dairy,70.00,90.00
2022-09-07,Alaska Evap Milk 370ml,5,Dairy,32.00,42.00
2022-09-07,Ligo Sardines 155g,0,Canned Goods,18.00,25.00
2022-09-07,Sunsilk Shampoo Sachet,1,Body Care,5.00,8.00
2022-09-07,Biogesic 500mg Tablet,0,Medicine,4.00,7.00
2022-09-07,AA Batteries (pair),0,Household,35.00,55.00
2022-09-07,Sewing Needle Pack,0,Household,12.00,25.00
2022-09-08,Cooking Oil 1L,14,Pantry,60.00,75.00
2022-09-08,Bear Brand Powdered Milk 320g,19,Dairy,70.00,90.00
2022-09-08,Alaska Evap Milk 370ml,4,Dairy,32.00,42.00
2022-09-08,Ligo Sardines 155g,1,Canned Goods,18.00,25.00
2022-09-08,Sunsilk Shampoo Sachet,2,Body Care,5.00,8.00
2022-09-08,Biogesic 500mg Tablet,1,Medicine,4.00,7.00
2022-09-08,AA Batteries (pair),0,Household,35.00,55.00
2022-09-08,Sewing Needle Pack,0,Household,12.00,25.00
2022-09-09,Cooking Oil 1L,51,Pantry,60.00,75.00
2022-09-09,Bear Brand Powdered Milk 320g,8,Dairy,70.00,90.00
2022-09-09,Alaska Evap Milk 370ml,9,Dairy,32.00,42.00
2022-09-09,Ligo Sardines 155g,4,Canned Goods,18.00,25.00
2022-09-09,Sunsilk Shampoo Sachet,1,Body Care,5.00,8.00
2022-09-09,Biogesic 500mg Tablet,0,Medicine,4.00,7.00
2022-09-09,AA Batteries (pair),0,Household,35.00,55.00
2022-09-09,Sewing Needle Pack,0,Household,12.00,25.00
2022-09-10,Cooking Oil 1L,40,Pantry,60.00,75.00
2022-09-10,Bear Brand Powdered Milk 320g,16,Dairy,70.00,90.00
2022-09-10,Alaska Evap Milk 370ml,5,Dairy,32.00,42.00
2022-09-10,Ligo Sardines 155g,3,Canned Goods,18.00,25.00
2022-09-10,Sunsilk Shampoo Sachet,2,Body Care,5.00,8.00
2022-09-10,Biogesic 500mg Tablet,0,Medicine,4.00,7.00
2022-09-10,AA Batteries (pair),0,Household,35.00,55.00
2022-09-10,Sewing Needle Pack,1,Household,12.00,25.00
2022-09-11,Cooking Oil 1L,31,Pantry,60.00,75.00
2022-09-11,Bear Brand Powdered Milk 320g,25,Dairy,70.00,90.00
2022-09-11,Alaska Evap Milk 370ml,8,Dairy,32.00,42.00
2022-09-11,Ligo Sardines 155g,4,Canned Goods,18.00,25.00
2022-09-11,Sunsilk Shampoo Sachet,0,Body Care,5.00,8.00
2022-09-11,Biogesic 500mg Tablet,1,Medicine,4.00,7.00
2022-09-11,AA Batteries (pair),0,Household,35.00,55.00
2022-09-11,Sewing Needle Pack,0,Household,12.00,25.00
2022-09-12,Cooking Oil 1L,29,Pantry,60.00,75.00
2022-09-12,Bear Brand Powdered Milk 320g,4,Dairy,70.00,90.00
2022-09-12,Alaska Evap Milk 370ml,2,Dairy,32.00,42.00
2022-09-12,Ligo Sardines 155g,3,Canned Goods,18.00,25.00
2022-09-12,Sunsilk Shampoo Sachet,1,Body Care,5.00,8.00
2022-09-12,Biogesic 500mg Tablet,1,Medicine,4.00,7.00
2022-09-12,AA Batteries (pair),0,Household,35.00,55.00
2022-09-12,Sewing Needle Pack,0,Household,12.00,25.00
2022-09-13,Cooking Oil 1L,22,Pantry,60.00,75.00
2022-09-13,Bear Brand Powdered Milk 320g,14,Dairy,70.00,90.00
2022-09-13,Alaska Evap Milk 370ml,6,Dairy,32.00,42.00
2022-09-13,Ligo Sardines 155g,2,Canned Goods,18.00,25.00
2022-09-13,Sunsilk Shampoo Sachet,1,Body Care,5.00,8.00
2022-09-13,Biogesic 500mg Tablet,1,Medicine,4.00,7.00
2022-09-13,AA Batteries (pair),0,Household,35.00,55.00
2022-09-13,Sewing Needle Pack,0,Household,12.00,25.00
2022-09-14,Cooking Oil 1L,33,Pantry,60.00,75.00
2022-09-14,Bear Brand Powdered Milk 320g,6,Dairy,70.00,90.00
2022-09-14,Alaska Evap Milk 370ml,2,Dairy,32.00,42.00
2022-09-14,Ligo Sardines 155g,2,Canned Goods,18.00,25.00
2022-09-14,Sunsilk Shampoo Sachet,0,Body Care,5.00,8.00
2022-09-14,Biogesic 500mg Tablet,1,Medicine,4.00,7.00
2022-09-14,AA Batteries (pair),0,Household,35.00,55.00
2022-09-14,Sewing Needle Pack,0,Household,12.00,25.00
2022-09-15,Cooking Oil 1L,29,Pantry,60.00,75.00
2022-09-15,Bear Brand Powdered Milk 320g,30,Dairy,70.00,90.00
2022-09-15,Alaska Evap Milk 370ml,6,Dairy,32.00,42.00
2022-09-15,Ligo Sardines 155g,5,Canned Goods,18.00,25.00
2022-09-15,Sunsilk Shampoo Sachet,4,Body Care,5.00,8.00
2022-09-15,Biogesic 500mg Tablet,0,Medicine,4.00,7.00
2022-09-15,AA Batteries (pair),1,Household,35.00,55.00
2022-09-15,Sewing Needle Pack,0,Household,12.00,25.00
2022-09-16,Cooking Oil 1L,35,Pantry,60.00,75.00
2022-09-16,Bear Brand Powdered Milk 320g,5,Dairy,70.00,90.00
2022-09-16,Alaska Evap Milk 370ml,3,Dairy,32.00,42.00
2022-09-16,Ligo Sardines 155g,3,Canned Goods,18.00,25.00
2022-09-16,Sunsilk Shampoo Sachet,1,Body Care,5.00,8.00
2022-09-16,Biogesic 500mg Tablet,0,Medicine,4.00,7.00
2022-09-16,AA Batteries (pair),0,Household,35.00,55.00
2022-09-16,Sewing Needle Pack,0,Household,12.00,25.00
2022-09-17,Cooking Oil 1L,61,Pantry,60.00,75.00
2022-09-17,Bear Brand Powdered Milk 320g,24,Dairy,70.00,90.00
2022-09-17,Alaska Evap Milk 370ml,6,Dairy,32.00,42.00
2022-09-17,Ligo Sardines 155g,2,Canned Goods,18.00,25.00
2022-09-17,Sunsilk Shampoo Sachet,0,Body Care,5.00,8.00
2022-09-17,Biogesic 500mg Tablet,0,Medicine,4.00,7.00
2022-09-17,AA Batteries (pair),1,Household,35.00,55.00
2022-09-17,Sewing Needle Pack,0,Household,12.00,25.00
2022-09-18,Cooking Oil 1L,19,Pantry,60.00,75.00
2022-09-18,Bear Brand Powdered Milk 320g,20,Dairy,70.00,90.00
2022-09-18,Alaska Evap Milk 370ml,4,Dairy,32.00,42.00
2022-09-18,Ligo Sardines 155g,4,Canned Goods,18.00,25.00
2022-09-18,Sunsilk Shampoo Sachet,2,Body Care,5.00,8.00
2022-09-18,Biogesic 500mg Tablet,0,Medicine,4.00,7.00
2022-09-18,AA Batteries (pair),0,Household,35.00,55.00
2022-09-18,Sewing Needle Pack,0,Household,12.00,25.00
2022-09-19,Cooking Oil 1L,16,Pantry,60.00,75.00
2022-09-19,Bear Brand Powdered Milk 320g,27,Dairy,70.00,90.00
2022-09-19,Alaska Evap Milk 370ml,1,Dairy,32.00,42.00
2022-09-19,Ligo Sardines 155g,2,Canned Goods,18.00,25.00
2022-09-19,Sunsilk Shampoo Sachet,0,Body Care,5.00,8.00
2022-09-19,Biogesic 500mg Tablet,0,Medicine,4.00,7.00
2022-09-19,AA Batteries (pair),1,Household,35.00,55.00
2022-09-19,Sewing Needle Pack,0,Household,12.00,25.00
2022-09-20,Cooking Oil 1L,22,Pantry,60.00,75.00
2022-09-20,Bear Brand Powdered Milk 320g,12,Dairy,70.00,90.00
2022-09-20,Alaska Evap Milk 370ml,1,Dairy,32.00,42.00
2022-09-20,Ligo Sardines 155g,1,Canned Goods,18.00,25.00
2022-09-20,Sunsilk Shampoo Sachet,1,Body Care,5.00,8.00
2022-09-20,Biogesic 500mg Tablet,0,Medicine,4.00,7.00
2022-09-20,AA Batteries (pair),1,Household,35.00,55.00
2022-09-20,Sewing Needle Pack,0,Household,12.00,25.00
2022-09-21,Cooking Oil 1L,11,Pantry,60.00,75.00
2022-09-21,Bear Brand Powdered Milk 320g,14,Dairy,70.00,90.00
2022-09-21,Alaska Evap Milk 370ml,2,Dairy,32.00,42.00
2022-09-21,Ligo Sardines 155g,2,Canned Goods,18.00,25.00
2022-09-21,Sunsilk Shampoo Sachet,1,Body Care,5.00,8.00
2022-09-21,Biogesic 500mg Tablet,0,Medicine,4.00,7.00
2022-09-21,AA Batteries (pair),1,Household,35.00,55.00
2022-09-21,Sewing Needle Pack,0,Household,12.00,25.00
2022-09-22,Cooking Oil 1L,29,Pantry,60.00,75.00
2022-09-22,Bear Brand Powdered Milk 320g,32,Dairy,70.00,90.00
2022-09-22,Alaska Evap Milk 370ml,7,Dairy,32.00,42.00
2022-09-22,Ligo Sardines 155g,1,Canned Goods,18.00,25.00
2022-09-22,Sunsilk Shampoo Sachet,0,Body Care,5.00,8.00
2022-09-22,Biogesic 500mg Tablet,0,Medicine,4.00,7.00
2022-09-22,AA Batteries (pair),1,Household,35.00,55.00
2022-09-22,Sewing Needle Pack,1,Household,12.00,25.00
2022-09-23,Cooking Oil 1L,25,Pantry,60.00,75.00
2022-09-23,Bear Brand Powdered Milk 320g,10,Dairy,70.00,90.00
2022-09-23,Alaska Evap Milk 370ml,5,Dairy,32.00,42.00
2022-09-23,Ligo Sardines 155g,2,Canned Goods,18.00,25.00
2022-09-23,Sunsilk Shampoo Sachet,1,Body Care,5.00,8.00
2022-09-23,Biogesic 500mg Tablet,1,Medicine,4.00,7.00
2022-09-23,AA Batteries (pair),0,Household,35.00,55.00
2022-09-23,Sewing Needle Pack,0,Household,12.00,25.00
2022-09-24,Cooking Oil 1L,43,Pantry,60.00,75.00
2022-09-24,Bear Brand Powdered Milk 320g,6,Dairy,70.00,90.00
2022-09-24,Alaska Evap Milk 370ml,4,Dairy,32.00,42.00
2022-09-24,Ligo Sardines 155g,3,Canned Goods,18.00,25.00
2022-09-24,Sunsilk Shampoo Sachet,0,Body Care,5.00,8.00
2022-09-24,Biogesic 500mg Tablet,0,Medicine,4.00,7.00
2022-09-24,AA Batteries (pair),0,Household,35.00,55.00
2022-09-24,Sewing Needle Pack,0,Household,12.00,25.00
2022-09-25,Cooking Oil 1L,37,Pantry,60.00,75.00
2022-09-25,Bear Brand Powdered Milk 320g,13,Dairy,70.00,90.00
2022-09-25,Alaska Evap Milk 370ml,5,Dairy,32.00,42.00
2022-09-25,Ligo Sardines 155g,0,Canned Goods,18.00,25.00
2022-09-25,Sunsilk Shampoo Sachet,2,Body Care,5.00,8.00
2022-09-25,Biogesic 500mg Tablet,0,Medicine,4.00,7.00
2022-09-25,AA Batteries (pair),0,Household,35.00,55.00
2022-09-25,Sewing Needle Pack,0,Household,12.00,25.00
2022-09-26,Cooking Oil 1L,29,Pantry,60.00,75.00
2022-09-26,Bear Brand Powdered Milk 320g,8,Dairy,70.00,90.00
2022-09-26,Alaska Evap Milk 370ml,0,Dairy,32.00,42.00
2022-09-26,Ligo Sardines 155g,0,Canned Goods,18.00,25.00
2022-09-26,Sunsilk Shampoo Sachet,2,Body Care,5.00,8.00
2022-09-26,Biogesic 500mg Tablet,0,Medicine,4.00,7.00
2022-09-26,AA Batteries (pair),0,Household,35.00,55.00
2022-09-26,Sewing Needle Pack,0,Household,12.00,25.00
2022-09-27,Cooking Oil 1L,16,Pantry,60.00,75.00
2022-09-27,Bear Brand Powdered Milk 320g,10,Dairy,70.00,90.00
2022-09-27,Alaska Evap Milk 370ml,6,Dairy,32.00,42.00
2022-09-27,Ligo Sardines 155g,1,Canned Goods,18.00,25.00
2022-09-27,Sunsilk Shampoo Sachet,2,Body Care,5.00,8.00
2022-09-27,Biogesic 500mg Tablet,1,Medicine,4.00,7.00
2022-09-27,AA Batteries (pair),0,Household,35.00,55.00
2022-09-27,Sewing Needle Pack,0,Household,12.00,25.00
2022-09-28,Cooking Oil 1L,37,Pantry,60.00,75.00
2022-09-28,Bear Brand Powdered Milk 320g,15,Dairy,70.00,90.00
2022-09-28,Alaska Evap Milk 370ml,7,Dairy,32.00,42.00
2022-09-28,Ligo Sardines 155g,2,Canned Goods,18.00,25.00
2022-09-28,Sunsilk Shampoo Sachet,4,Body Care,5.00,8.00
2022-09-28,Biogesic 500mg Tablet,0,Medicine,4.00,7.00
2022-09-28,AA Batteries (pair),1,Household,35.00,55.00
2022-09-28,Sewing Needle Pack,0,Household,12.00,25.00
2022-09-29,Cooking Oil 1L,50,Pantry,60.00,75.00
2022-09-29,Bear Brand Powdered Milk 320g,26,Dairy,70.00,90.00
2022-09-29,Alaska Evap Milk 370ml,5,Dairy,32.00,42.00
2022-09-29,Ligo Sardines 155g,5,Canned Goods,18.00,25.00
2022-09-29,Sunsilk Shampoo Sachet,0,Body Care,5.00,8.00
2022-09-29,Biogesic 500mg Tablet,2,Medicine,4.00,7.00
2022-09-29,AA Batteries (pair),0,Household,35.00,55.00
2022-09-29,Sewing Needle Pack,0,Household,12.00,25.00
2022-09-30,Cooking Oil 1L,88,Pantry,60.00,75.00
2022-09-30,Bear Brand Powdered Milk 320g,27,Dairy,70.00,90.00
2022-09-30,Alaska Evap Milk 370ml,4,Dairy,32.00,42.00
2022-09-30,Ligo Sardines 155g,3,Canned Goods,18.00,25.00
2022-09-30,Sunsilk Shampoo Sachet,0,Body Care,5.00,8.00
2022-09-30,Biogesic 500mg Tablet,1,Medicine,4.00,7.00
2022-09-30,AA Batteries (pair),0,Household,35.00,55.00
2022-09-30,Sewing Needle Pack,0,Household,12.00,25.00
2022-10-01,Cooking Oil 1L,37,Pantry,60.00,75.00
2022-10-01,Bear Brand Powdered Milk 320g,13,Dairy,70.00,90.00
2022-10-01,Alaska Evap Milk 370ml,6,Dairy,32.00,42.00
2022-10-01,Ligo Sardines 155g,1,Canned Goods,18.00,25.00
2022-10-01,Sunsilk Shampoo Sachet,3,Body Care,5.00,8.00
2022-10-01,Biogesic 500mg Tablet,1,Medicine,4.00,7.00
2022-10-01,AA Batteries (pair),0,Household,35.00,55.00
2022-10-01,Sewing Needle Pack,0,Household,12.00,25.00
2022-10-02,Cooking Oil 1L,18,Pantry,60.00,75.00
2022-10-02,Bear Brand Powdered Milk 320g,15,Dairy,70.00,90.00
2022-10-02,Alaska Evap Milk 370ml,6,Dairy,32.00,42.00
2022-10-02,Ligo Sardines 155g,2,Canned Goods,18.00,25.00
2022-10-02,Sunsilk Shampoo Sachet,2,Body Care,5.00,8.00
2022-10-02,Biogesic 500mg Tablet,0,Medicine,4.00,7.00
2022-10-02,AA Batteries (pair),0,Household,35.00,55.00
2022-10-02,Sewing Needle Pack,0,Household,12.00,25.00
2022-10-03,Cooking Oil 1L,22,Pantry,60.00,75.00
2022-10-03,Bear Brand Powdered Milk 320g,17,Dairy,70.00,90.00
2022-10-03,Alaska Evap Milk 370ml,4,Dairy,32.00,42.00
2022-10-03,Ligo Sardines 155g,1,Canned Goods,18.00,25.00
2022-10-03,Sunsilk Shampoo Sachet,1,Body Care,5.00,8.00
2022-10-03,Biogesic 500mg Tablet,2,Medicine,4.00,7.00
2022-10-03,AA Batteries (pair),0,Household,35.00,55.00
2022-10-03,Sewing Needle Pack,0,Household,12.00,25.00
2022-10-04,Cooking Oil 1L,34,Pantry,60.00,75.00
2022-10-04,Bear Brand Powdered Milk 320g,19,Dairy,70.00,90.00
2022-10-04,Alaska Evap Milk 370ml,7,Dairy,32.00,42.00
2022-10-04,Ligo Sardines 155g,1,Canned Goods,18.00,25.00
2022-10-04,Sunsilk Shampoo Sachet,2,Body Care,5.00,8.00
2022-10-04,Biogesic 500mg Tablet,0,Medicine,4.00,7.00
2022-10-04,AA Batteries (pair),0,Household,35.00,55.00
2022-10-04,Sewing Needle Pack,1,Household,12.00,25.00
2022-10-05,Cooking Oil 1L,18,Pantry,60.00,75.00
2022-10-05,Bear Brand Powdered Milk 320g,12,Dairy,70.00,90.00
2022-10-05,Alaska Evap Milk 370ml,4,Dairy,32.00,42.00
2022-10-05,Ligo Sardines 155g,4,Canned Goods,18.00,25.00
2022-10-05,Sunsilk Shampoo Sachet,0,Body Care,5.00,8.00
2022-10-05,Biogesic 500mg Tablet,1,Medicine,4.00,7.00
2022-10-05,AA Batteries (pair),0,Household,35.00,55.00
2022-10-05,Sewing Needle Pack,0,Household,12.00,25.00
2022-10-06,Cooking Oil 1L,27,Pantry,60.00,75.00
2022-10-06,Bear Brand Powdered Milk 320g,17,Dairy,70.00,90.00
2022-10-06,Alaska Evap Milk 370ml,5,Dairy,32.00,42.00
2022-10-06,Ligo Sardines 155g,3,Canned Goods,18.00,25.00
2022-10-06,Sunsilk Shampoo Sachet,1,Body Care,5.00,8.00
2022-10-06,Biogesic 500mg Tablet,0,Medicine,4.00,7.00
2022-10-06,AA Batteries (pair),1,Household,35.00,55.00
2022-10-06,Sewing Needle Pack,0,Household,12.00,25.00
2022-10-07,Cooking Oil 1L,44,Pantry,60.00,75.00
2022-10-07,Bear Brand Powdered Milk 320g,13,Dairy,70.00,90.00
2022-10-07,Alaska Evap Milk 370ml,4,Dairy,32.00,42.00
2022-10-07,Ligo Sardines 155g,3,Canned Goods,18.00,25.00
2022-10-07,Sunsilk Shampoo Sachet,1,Body Care,5.00,8.00
2022-10-07,Biogesic 500mg Tablet,0,Medicine,4.00,7.00
2022-10-07,AA Batteries (pair),0,Household,35.00,55.00
2022-10-07,Sewing Needle Pack,0,Household,12.00,25.00
2022-10-08,Cooking Oil 1L,38,Pantry,60.00,75.00
2022-10-08,Bear Brand Powdered Milk 320g,20,Dairy,70.00,90.00
2022-10-08,Alaska Evap Milk 370ml,2,Dairy,32.00,42.00
2022-10-08,Ligo Sardines 155g,2,Canned Goods,18.00,25.00
2022-10-08,Sunsilk Shampoo Sachet,1,Body Care,5.00,8.00
2022-10-08,Biogesic 500mg Tablet,0,Medicine,4.00,7.00
2022-10-08,AA Batteries (pair),0,Household,35.00,55.00
2022-10-08,Sewing Needle Pack,0,Household,12.00,25.00
2022-10-09,Cooking Oil 1L,26,Pantry,60.00,75.00
2022-10-09,Bear Brand Powdered Milk 320g,20,Dairy,70.00,90.00
2022-10-09,Alaska Evap Milk 370ml,2,Dairy,32.00,42.00
2022-10-09,Ligo Sardines 155g,4,Canned Goods,18.00,25.00
2022-10-09,Sunsilk Shampoo Sachet,0,Body Care,5.00,8.00
2022-10-09,Biogesic 500mg Tablet,1,Medicine,4.00,7.00
2022-10-09,AA Batteries (pair),0,Household,35.00,55.00
2022-10-09,Sewing Needle Pack,0,Household,12.00,25.00
2022-10-10,Cooking Oil 1L,21,Pantry,60.00,75.00
2022-10-10,Bear Brand Powdered Milk 320g,15,Dairy,70.00,90.00
2022-10-10,Alaska Evap Milk 370ml,3,Dairy,32.00,42.00
2022-10-10,Ligo Sardines 155g,2,Canned Goods,18.00,25.00
2022-10-10,Sunsilk Shampoo Sachet,0,Body Care,5.00,8.00
2022-10-10,Biogesic 500mg Tablet,0,Medicine,4.00,7.00
2022-10-10,AA Batteries (pair),0,Household,35.00,55.00
2022-10-10,Sewing Needle Pack,0,Household,12.00,25.00
2022-10-11,Cooking Oil 1L,19,Pantry,60.00,75.00
2022-10-11,Bear Brand Powdered Milk 320g,8,Dairy,70.00,90.00
2022-10-11,Alaska Evap Milk 370ml,9,Dairy,32.00,42.00
2022-10-11,Ligo Sardines 155g,1,Canned Goods,18.00,25.00
2022-10-11,Sunsilk Shampoo Sachet,1,Body Care,5.00,8.00
2022-10-11,Biogesic 500mg Tablet,2,Medicine,4.00,7.00
2022-10-11,AA Batteries (pair),0,Household,35.00,55.00
2022-10-11,Sewing Needle Pack,0,Household,12.00,25.00
2022-10-12,Cooking Oil 1L,38,Pantry,60.00,75.00
2022-10-12,Bear Brand Powdered Milk 320g,6,Dairy,70.00,90.00
2022-10-12,Alaska Evap Milk 370ml,5,Dairy,32.00,42.00
2022-10-12,Ligo Sardines 155g,2,Canned Goods,18.00,25.00
2022-10-12,Sunsilk Shampoo Sachet,1,Body Care,5.00,8.00
2022-10-12,Biogesic 500mg Tablet,0,Medicine,4.00,7.00
2022-10-12,AA Batteries (pair),0,Household,35.00,55.00
2022-10-12,Sewing Needle Pack,0,Household,12.00,25.00
2022-10-13,Cooking Oil 1L,29,Pantry,60.00,75.00
2022-10-13,Bear Brand Powdered Milk 320g,14,Dairy,70.00,90.00
2022-10-13,Alaska Evap Milk 370ml,3,Dairy,32.00,42.00
2022-10-13,Ligo Sardines 155g,2,Canned Goods,18.00,25.00
2022-10-13,Sunsilk Shampoo Sachet,0,Body Care,5.00,8.00
2022-10-13,Biogesic 500mg Tablet,0,Medicine,4.00,7.00
2022-10-13,AA Batteries (pair),2,Household,35.00,55.00
2022-10-13,Sewing Needle Pack,0,Household,12.00,25.00
2022-10-14,Cooking Oil 1L,26,Pantry,60.00,75.00
2022-10-14,Bear Brand Powdered Milk 320g,18,Dairy,70.00,90.00
2022-10-14,Alaska Evap Milk 370ml,0,Dairy,32.00,42.00
2022-10-14,Ligo Sardines 155g,3,Canned Goods,18.00,25.00
2022-10-14,Sunsilk Shampoo Sachet,2,Body Care,5.00,8.00
2022-10-14,Biogesic 500mg Tablet,1,Medicine,4.00,7.00
2022-10-14,AA Batteries (pair),0,Household,35.00,55.00
2022-10-14,Sewing Needle Pack,0,Household,12.00,25.00
2022-10-15,Cooking Oil 1L,27,Pantry,60.00,75.00
2022-10-15,Bear Brand Powdered Milk 320g,20,Dairy,70.00,90.00
2022-10-15,Alaska Evap Milk 370ml,4,Dairy,32.00,42.00
2022-10-15,Ligo Sardines 155g,5,Canned Goods,18.00,25.00
2022-10-15,Sunsilk Shampoo Sachet,1,Body Care,5.00,8.00
2022-10-15,Biogesic 500mg Tablet,0,Medicine,4.00,7.00
2022-10-15,AA Batteries (pair),0,Household,35.00,55.00
2022-10-15,Sewing Needle Pack,0,Household,12.00,25.00
2022-10-16,Cooking Oil 1L,37,Pantry,60.00,75.00
2022-10-16,Bear Brand Powdered Milk 320g,24,Dairy,70.00,90.00
2022-10-16,Alaska Evap Milk 370ml,4,Dairy,32.00,42.00
2022-10-16,Ligo Sardines 155g,2,Canned Goods,18.00,25.00
2022-10-16,Sunsilk Shampoo Sachet,0,Body Care,5.00,8.00
2022-10-16,Biogesic 500mg Tablet,0,Medicine,4.00,7.00
2022-10-16,AA Batteries (pair),1,Household,35.00,55.00
2022-10-16,Sewing Needle Pack,0,Household,12.00,25.00
2022-10-17,Cooking Oil 1L,18,Pantry,60.00,75.00
2022-10-17,Bear Brand Powdered Milk 320g,5,Dairy,70.00,90.00
2022-10-17,Alaska Evap Milk 370ml,1,Dairy,32.00,42.00
2022-10-17,Ligo Sardines 155g,1,Canned Goods,18.00,25.00
2022-10-17,Sunsilk Shampoo Sachet,0,Body Care,5.00,8.00
2022-10-17,Biogesic 500mg Tablet,0,Medicine,4.00,7.00
2022-10-17,AA Batteries (pair),0,Household,35.00,55.00
2022-10-17,Sewing Needle Pack,0,Household,12.00,25.00
2022-10-18,Cooking Oil 1L,22,Pantry,60.00,75.00
2022-10-18,Bear Brand Powdered Milk 320g,9,Dairy,70.00,90.00
2022-10-18,Alaska Evap Milk 370ml,3,Dairy,32.00,42.00
2022-10-18,Ligo Sardines 155g,3,Canned Goods,18.00,25.00
2022-10-18,Sunsilk Shampoo Sachet,0,Body Care,5.00,8.00
2022-10-18,Biogesic 500mg Tablet,1,Medicine,4.00,7.00
2022-10-18,AA Batteries (pair),0,Household,35.00,55.00
2022-10-18,Sewing Needle Pack,0,Household,12.00,25.00
2022-10-19,Cooking Oil 1L,32,Pantry,60.00,75.00
2022-10-19,Bear Brand Powdered Milk 320g,12,Dairy,70.00,90.00
2022-10-19,Alaska Evap Milk 370ml,5,Dairy,32.00,42.00
2022-10-19,Ligo Sardines 155g,2,Canned Goods,18.00,25.00
2022-10-19,Sunsilk Shampoo Sachet,0,Body Care,5.00,8.00
2022-10-19,Biogesic 500mg Tablet,0,Medicine,4.00,7.00
2022-10-19,AA Batteries (pair),0,Household,35.00,55.00
2022-10-19,Sewing Needle Pack,0,Household,12.00,25.00
2022-10-20,Cooking Oil 1L,38,Pantry,60.00,75.00
2022-10-20,Bear Brand Powdered Milk 320g,12,Dairy,70.00,90.00
2022-10-20,Alaska Evap Milk 370ml,2,Dairy,32.00,42.00
2022-10-20,Ligo Sardines 155g,0,Canned Goods,18.00,25.00
2022-10-20,Sunsilk Shampoo Sachet,0,Body Care,5.00,8.00
2022-10-20,Biogesic 500mg Tablet,0,Medicine,4.00,7.00
2022-10-20,AA Batteries (pair),0,Household,35.00,55.00
2022-10-20,Sewing Needle Pack,0,Household,12.00,25.00
2022-10-21,Cooking Oil 1L,36,Pantry,60.00,75.00
2022-10-21,Bear Brand Powdered Milk 320g,6,Dairy,70.00,90.00
2022-10-21,Alaska Evap Milk 370ml,4,Dairy,32.00,42.00
2022-10-21,Ligo Sardines 155g,2,Canned Goods,18.00,25.00
2022-10-21,Sunsilk Shampoo Sachet,1,Body Care,5.00,8.00
2022-10-21,Biogesic 500mg Tablet,0,Medicine,4.00,7.00
2022-10-21,AA Batteries (pair),0,Household,35.00,55.00
2022-10-21,Sewing Needle Pack,0,Household,12.00,25.00
2022-10-22,Cooking Oil 1L,46,Pantry,60.00,75.00
2022-10-22,Bear Brand Powdered Milk 320g,12,Dairy,70.00,90.00
2022-10-22,Alaska Evap Milk 370ml,4,Dairy,32.00,42.00
2022-10-22,Ligo Sardines 155g,0,Canned Goods,18.00,25.00
2022-10-22,Sunsilk Shampoo Sachet,0,Body Care,5.00,8.00
2022-10-22,Biogesic 500mg Tablet,0,Medicine,4.00,7.00
2022-10-22,AA Batteries (pair),0,Household,35.00,55.00
2022-10-22,Sewing Needle Pack,0,Household,12.00,25.00
2022-10-23,Cooking Oil 1L,24,Pantry,60.00,75.00
2022-10-23,Bear Brand Powdered Milk 320g,12,Dairy,70.00,90.00
2022-10-23,Alaska Evap Milk 370ml,7,Dairy,32.00,42.00
2022-10-23,Ligo Sardines 155g,2,Canned Goods,18.00,25.00
2022-10-23,Sunsilk Shampoo Sachet,2,Body Care,5.00,8.00
2022-10-23,Biogesic 500mg Tablet,2,Medicine,4.00,7.00
2022-10-23,AA Batteries (pair),1,Household,35.00,55.00
2022-10-23,Sewing Needle Pack,0,Household,12.00,25.00
2022-10-24,Cooking Oil 1L,41,Pantry,60.00,75.00
2022-10-24,Bear Brand Powdered Milk 320g,15,Dairy,70.00,90.00
2022-10-24,Alaska Evap Milk 370ml,1,Dairy,32.00,42.00
2022-10-24,Ligo Sardines 155g,2,Canned Goods,18.00,25.00
2022-10-24,Sunsilk Shampoo Sachet,0,Body Care,5.00,8.00
2022-10-24,Biogesic 500mg Tablet,0,Medicine,4.00,7.00
2022-10-24,AA Batteries (pair),0,Household,35.00,55.00
2022-10-24,Sewing Needle Pack,0,Household,12.00,25.00
2022-10-25,Cooking Oil 1L,31,Pantry,60.00,75.00
2022-10-25,Bear Brand Powdered Milk 320g,11,Dairy,70.00,90.00
2022-10-25,Alaska Evap Milk 370ml,6,Dairy,32.00,42.00
2022-10-25,Ligo Sardines 155g,1,Canned Goods,18.00,25.00
2022-10-25,Sunsilk Shampoo Sachet,1,Body Care,5.00,8.00
2022-10-25,Biogesic 500mg Tablet,0,Medicine,4.00,7.00
2022-10-25,AA Batteries (pair),0,Household,35.00,55.00
2022-10-25,Sewing Needle Pack,0,Household,12.00,25.00
2022-10-26,Cooking Oil 1L,19,Pantry,60.00,75.00
2022-10-26,Bear Brand Powdered Milk 320g,16,Dairy,70.00,90.00
2022-10-26,Alaska Evap Milk 370ml,5,Dairy,32.00,42.00
2022-10-26,Ligo Sardines 155g,1,Canned Goods,18.00,25.00
2022-10-26,Sunsilk Shampoo Sachet,1,Body Care,5.00,8.00
2022-10-26,Biogesic 500mg Tablet,1,Medicine,4.00,7.00
2022-10-26,AA Batteries (pair),0,Household,35.00,55.00
2022-10-26,Sewing Needle Pack,0,Household,12.00,25.00
2022-10-27,Cooking Oil 1L,28,Pantry,60.00,75.00
2022-10-27,Bear Brand Powdered Milk 320g,9,Dairy,70.00,90.00
2022-10-27,Alaska Evap Milk 370ml,6,Dairy,32.00,42.00
2022-10-27,Ligo Sardines 155g,1,Canned Goods,18.00,25.00
2022-10-27,Sunsilk Shampoo Sachet,5,Body Care,5.00,8.00
2022-10-27,Biogesic 500mg Tablet,0,Medicine,4.00,7.00
2022-10-27,AA Batteries (pair),0,Household,35.00,55.00
2022-10-27,Sewing Needle Pack,1,Household,12.00,25.00
2022-10-28,Cooking Oil 1L,62,Pantry,60.00,75.00
2022-10-28,Bear Brand Powdered Milk 320g,19,Dairy,70.00,90.00
2022-10-28,Alaska Evap Milk 370ml,2,Dairy,32.00,42.00
2022-10-28,Ligo Sardines 155g,0,Canned Goods,18.00,25.00
2022-10-28,Sunsilk Shampoo Sachet,1,Body Care,5.00,8.00
2022-10-28,Biogesic 500mg Tablet,0,Medicine,4.00,7.00
2022-10-28,AA Batteries (pair),0,Household,35.00,55.00
2022-10-28,Sewing Needle Pack,1,Household,12.00,25.00
2022-10-29,Cooking Oil 1L,79,Pantry,60.00,75.00
2022-10-29,Bear Brand Powdered Milk 320g,16,Dairy,70.00,90.00
2022-10-29,Alaska Evap Milk 370ml,14,Dairy,32.00,42.00
2022-10-29,Ligo Sardines 155g,5,Canned Goods,18.00,25.00
2022-10-29,Sunsilk Shampoo Sachet,1,Body Care,5.00,8.00
2022-10-29,Biogesic 500mg Tablet,1,Medicine,4.00,7.00
2022-10-29,AA Batteries (pair),0,Household,35.00,55.00
2022-10-29,Sewing Needle Pack,1,Household,12.00,25.00
2022-10-30,Cooking Oil 1L,40,Pantry,60.00,75.00
2022-10-30,Bear Brand Powdered Milk 320g,17,Dairy,70.00,90.00
2022-10-30,Alaska Evap Milk 370ml,7,Dairy,32.00,42.00
2022-10-30,Ligo Sardines 155g,2,Canned Goods,18.00,25.00
2022-10-30,Sunsilk Shampoo Sachet,0,Body Care,5.00,8.00
2022-10-30,Biogesic 500mg Tablet,1,Medicine,4.00,7.00
2022-10-30,AA Batteries (pair),1,Household,35.00,55.00
2022-10-30,Sewing Needle Pack,0,Household,12.00,25.00
2022-10-31,Cooking Oil 1L,33,Pantry,60.00,75.00
2022-10-31,Bear Brand Powdered Milk 320g,17,Dairy,70.00,90.00
2022-10-31,Alaska Evap Milk 370ml,7,Dairy,32.00,42.00
2022-10-31,Ligo Sardines 155g,1,Canned Goods,18.00,25.00
2022-10-31,Sunsilk Shampoo Sachet,2,Body Care,5.00,8.00
2022-10-31,Biogesic 500mg Tablet,0,Medicine,4.00,7.00
2022-10-31,AA Batteries (pair),1,Household,35.00,55.00
2022-10-31,Sewing Needle Pack,0,Household,12.00,25.00
2022-11-01,Cooking Oil 1L,28,Pantry,60.00,75.00
2022-11-01,Bear Brand Powdered Milk 320g,20,Dairy,70.00,90.00
2022-11-01,Alaska Evap Milk 370ml,3,Dairy,32.00,42.00
2022-11-01,Ligo Sardines 155g,0,Canned Goods,18.00,25.00
2022-11-01,Sunsilk Shampoo Sachet,3,Body Care,5.00,8.00
2022-11-01,Biogesic 500mg Tablet,0,Medicine,4.00,7.00
2022-11-01,AA Batteries (pair),0,Household,35.00,55.00
2022-11-01,Sewing Needle Pack,0,Household,12.00,25.00
2022-11-02,Cooking Oil 1L,33,Pantry,60.00,75.00
2022-11-02,Bear Brand Powdered Milk 320g,17,Dairy,70.00,90.00
2022-11-02,Alaska Evap Milk 370ml,6,Dairy,32.00,42.00
2022-11-02,Ligo Sardines 155g,3,Canned Goods,18.00,25.00
2022-11-02,Sunsilk Shampoo Sachet,1,Body Care,5.00,8.00
2022-11-02,Biogesic 500mg Tablet,1,Medicine,4.00,7.00
2022-11-02,AA Batteries (pair),0,Household,35.00,55.00
2022-11-02,Sewing Needle Pack,0,Household,12.00,25.00
2022-11-03,Cooking Oil 1L,23,Pantry,60.00,75.00
2022-11-03,Bear Brand Powdered Milk 320g,10,Dairy,70.00,90.00
2022-11-03,Alaska Evap Milk 370ml,2,Dairy,32.00,42.00
2022-11-03,Ligo Sardines 155g,5,Canned Goods,18.00,25.00
2022-11-03,Sunsilk Shampoo Sachet,2,Body Care,5.00,8.00
2022-11-03,Biogesic 500mg Tablet,0,Medicine,4.00,7.00
2022-11-03,AA Batteries (pair),0,Household,35.00,55.00
2022-11-03,Sewing Needle Pack,0,Household,12.00,25.00
2022-11-04,Cooking Oil 1L,42,Pantry,60.00,75.00
2022-11-04,Bear Brand Powdered Milk 320g,15,Dairy,70.00,90.00
2022-11-04,Alaska Evap Milk 370ml,4,Dairy,32.00,42.00
2022-11-04,Ligo Sardines 155g,2,Canned Goods,18.00,25.00
2022-11-04,Sunsilk Shampoo Sachet,0,Body Care,5.00,8.00
2022-11-04,Biogesic 500mg Tablet,3,Medicine,4.00,7.00
2022-11-04,AA Batteries (pair),0,Household,35.00,55.00
2022-11-04,Sewing Needle Pack,0,Household,12.00,25.00
2022-11-05,Cooking Oil 1L,38,Pantry,60.00,75.00
2022-11-05,Bear Brand Powdered Milk 320g,16,Dairy,70.00,90.00
2022-11-05,Alaska Evap Milk 370ml,1,Dairy,32.00,42.00
2022-11-05,Ligo Sardines 155g,1,Canned Goods,18.00,25.00
2022-11-05,Sunsilk Shampoo Sachet,2,Body Care,5.00,8.00
2022-11-05,Biogesic 500mg Tablet,0,Medicine,4.00,7.00
2022-11-05,AA Batteries (pair),0,Household,35.00,55.00
2022-11-05,Sewing Needle Pack,0,Household,12.00,25.00
2022-11-06,Cooking Oil 1L,16,Pantry,60.00,75.00
2022-11-06,Bear Brand Powdered Milk 320g,16,Dairy,70.00,90.00
2022-11-06,Alaska Evap Milk 370ml,6,Dairy,32.00,42.00
2022-11-06,Ligo Sardines 155g,5,Canned Goods,18.00,25.00
2022-11-06,Sunsilk Shampoo Sachet,1,Body Care,5.00,8.00
2022-11-06,Biogesic 500mg Tablet,1,Medicine,4.00,7.00
2022-11-06,AA Batteries (pair),0,Household,35.00,55.00
2022-11-06,Sewing Needle Pack,0,Household,12.00,25.00
2022-11-07,Cooking Oil 1L,33,Pantry,60.00,75.00
2022-11-07,Bear Brand Powdered Milk 320g,11,Dairy,70.00,90.00
2022-11-07,Alaska Evap Milk 370ml,5,Dairy,32.00,42.00
2022-11-07,Ligo Sardines 155g,2,Canned Goods,18.00,25.00
2022-11-07,Sunsilk Shampoo Sachet,1,Body Care,5.00,8.00
2022-11-07,Biogesic 500mg Tablet,1,Medicine,4.00,7.00
2022-11-07,AA Batteries (pair),0,Household,35.00,55.00
2022-11-07,Sewing Needle Pack,0,Household,12.00,25.00
2022-11-08,Cooking Oil 1L,32,Pantry,60.00,75.00
2022-11-08,Bear Brand Powdered Milk 320g,12,Dairy,70.00,90.00
2022-11-08,Alaska Evap Milk 370ml,6,Dairy,32.00,42.00
2022-11-08,Ligo Sardines 155g,1,Canned Goods,18.00,25.00
2022-11-08,Sunsilk Shampoo Sachet,0,Body Care,5.00,8.00
2022-11-08,Biogesic 500mg Tablet,0,Medicine,4.00,7.00
2022-11-08,AA Batteries (pair),0,Household,35.00,55.00
2022-11-08,Sewing Needle Pack,0,Household,12.00,25.00
2022-11-09,Cooking Oil 1L,26,Pantry,60.00,75.00
2022-11-09,Bear Brand Powdered Milk 320g,7,Dairy,70.00,90.00
2022-11-09,Alaska Evap Milk 370ml,2,Dairy,32.00,42.00
2022-11-09,Ligo Sardines 155g,2,Canned Goods,18.00,25.00
2022-11-09,Sunsilk Shampoo Sachet,0,Body Care,5.00,8.00
2022-11-09,Biogesic 500mg Tablet,1,Medicine,4.00,7.00
2022-11-09,AA Batteries (pair),0,Household,35.00,55.00
2022-11-09,Sewing Needle Pack,0,Household,12.00,25.00
2022-11-10,Cooking Oil 1L,30,Pantry,60.00,75.00
2022-11-10,Bear Brand Powdered Milk 320g,8,Dairy,70.00,90.00
2022-11-10,Alaska Evap Milk 370ml,6,Dairy,32.00,42.00
2022-11-10,Ligo Sardines 155g,4,Canned Goods,18.00,25.00
2022-11-10,Sunsilk Shampoo Sachet,1,Body Care,5.00,8.00
2022-11-10,Biogesic 500mg Tablet,0,Medicine,4.00,7.00
2022-11-10,AA Batteries (pair),0,Household,35.00,55.00
2022-11-10,Sewing Needle Pack,0,Household,12.00,25.00
2022-11-11,Cooking Oil 1L,41,Pantry,60.00,75.00
2022-11-11,Bear Brand Powdered Milk 320g,14,Dairy,70.00,90.00
2022-11-11,Alaska Evap Milk 370ml,5,Dairy,32.00,42.00
2022-11-11,Ligo Sardines 155g,4,Canned Goods,18.00,25.00
2022-11-11,Sunsilk Shampoo Sachet,3,Body Care,5.00,8.00
2022-11-11,Biogesic 500mg Tablet,0,Medicine,4.00,7.00
2022-11-11,AA Batteries (pair),1,Household,35.00,55.00
2022-11-11,Sewing Needle Pack,0,Household,12.00,25.00
2022-11-12,Cooking Oil 1L,38,Pantry,60.00,75.00
2022-11-12,Bear Brand Powdered Milk 320g,18,Dairy,70.00,90.00
2022-11-12,Alaska Evap Milk 370ml,6,Dairy,32.00,42.00
2022-11-12,Ligo Sardines 155g,3,Canned Goods,18.00,25.00
2022-11-12,Sunsilk Shampoo Sachet,1,Body Care,5.00,8.00
2022-11-12,Biogesic 500mg Tablet,0,Medicine,4.00,7.00
2022-11-12,AA Batteries (pair),0,Household,35.00,55.00
2022-11-12,Sewing Needle Pack,0,Household,12.00,25.00
2022-11-13,Cooking Oil 1L,23,Pantry,60.00,75.00
2022-11-13,Bear Brand Powdered Milk 320g,19,Dairy,70.00,90.00
2022-11-13,Alaska Evap Milk 370ml,2,Dairy,32.00,42.00
2022-11-13,Ligo Sardines 155g,2,Canned Goods,18.00,25.00
2022-11-13,Sunsilk Shampoo Sachet,0,Body Care,5.00,8.00
2022-11-13,Biogesic 500mg Tablet,0,Medicine,4.00,7.00
2022-11-13,AA Batteries (pair),0,Household,35.00,55.00
2022-11-13,Sewing Needle Pack,0,Household,12.00,25.00
2022-11-14,Cooking Oil 1L,28,Pantry,60.00,75.00
2022-11-14,Bear Brand Powdered Milk 320g,12,Dairy,70.00,90.00
2022-11-14,Alaska Evap Milk 370ml,2,Dairy,32.00,42.00
2022-11-14,Ligo Sardines 155g,1,Canned Goods,18.00,25.00
2022-11-14,Sunsilk Shampoo Sachet,2,Body Care,5.00,8.00
2022-11-14,Biogesic 500mg Tablet,0,Medicine,4.00,7.00
2022-11-14,AA Batteries (pair),2,Household,35.00,55.00
2022-11-14,Sewing Needle Pack,0,Household,12.00,25.00
2022-11-15,Cooking Oil 1L,24,Pantry,60.00,75.00
2022-11-15,Bear Brand Powdered Milk 320g,19,Dairy,70.00,90.00
2022-11-15,Alaska Evap Milk 370ml,5,Dairy,32.00,42.00
2022-11-15,Ligo Sardines 155g,2,Canned Goods,18.00,25.00
2022-11-15,Sunsilk Shampoo Sachet,1,Body Care,5.00,8.00
2022-11-15,Biogesic 500mg Tablet,0,Medicine,4.00,7.00
2022-11-15,AA Batteries (pair),0,Household,35.00,55.00
2022-11-15,Sewing Needle Pack,0,Household,12.00,25.00
2022-11-16,Cooking Oil 1L,23,Pantry,60.00,75.00
2022-11-16,Bear Brand Powdered Milk 320g,13,Dairy,70.00,90.00
2022-11-16,Alaska Evap Milk 370ml,2,Dairy,32.00,42.00
2022-11-16,Ligo Sardines 155g,1,Canned Goods,18.00,25.00
2022-11-16,Sunsilk Shampoo Sachet,1,Body Care,5.00,8.00
2022-11-16,Biogesic 500mg Tablet,0,Medicine,4.00,7.00
2022-11-16,AA Batteries (pair),0,Household,35.00,55.00
2022-11-16,Sewing Needle Pack,0,Household,12.00,25.00
2022-11-17,Cooking Oil 1L,28,Pantry,60.00,75.00
2022-11-17,Bear Brand Powdered Milk 320g,18,Dairy,70.00,90.00
2022-11-17,Alaska Evap Milk 370ml,4,Dairy,32.00,42.00
2022-11-17,Ligo Sardines 155g,2,Canned Goods,18.00,25.00
2022-11-17,Sunsilk Shampoo Sachet,1,Body Care,5.00,8.00
2022-11-17,Biogesic 500mg Tablet,0,Medicine,4.00,7.00
2022-11-17,AA Batteries (pair),0,Household,35.00,55.00
2022-11-17,Sewing Needle Pack,0,Household,12.00,25.00
2022-11-18,Cooking Oil 1L,23,Pantry,60.00,75.00
2022-11-18,Bear Brand Powdered Milk 320g,7,Dairy,70.00,90.00
2022-11-18,Alaska Evap Milk 370ml,4,Dairy,32.00,42.00
2022-11-18,Ligo Sardines 155g,2,Canned Goods,18.00,25.00
2022-11-18,Sunsilk Shampoo Sachet,2,Body Care,5.00,8.00
2022-11-18,Biogesic 500mg Tablet,1,Medicine,4.00,7.00
2022-11-18,AA Batteries (pair),1,Household,35.00,55.00
2022-11-18,Sewing Needle Pack,0,Household,12.00,25.00
2022-11-19,Cooking Oil 1L,14,Pantry,60.00,75.00
2022-11-19,Bear Brand Powdered Milk 320g,17,Dairy,70.00,90.00
2022-11-19,Alaska Evap Milk 370ml,3,Dairy,32.00,42.00
2022-11-19,Ligo Sardines 155g,4,Canned Goods,18.00,25.00
2022-11-19,Sunsilk Shampoo Sachet,1,Body Care,5.00,8.00
2022-11-19,Biogesic 500mg Tablet,1,Medicine,4.00,7.00
2022-11-19,AA Batteries (pair),0,Household,35.00,55.00
2022-11-19,Sewing Needle Pack,0,Household,12.00,25.00
2022-11-20,Cooking Oil 1L,30,Pantry,60.00,75.00
2022-11-20,Bear Brand Powdered Milk 320g,11,Dairy,70.00,90.00
2022-11-20,Alaska Evap Milk 370ml,3,Dairy,32.00,42.00
2022-11-20,Ligo Sardines 155g,5,Canned Goods,18.00,25.00
2022-11-20,Sunsilk Shampoo Sachet,3,Body Care,5.00,8.00
2022-11-20,Biogesic 500mg Tablet,0,Medicine,4.00,7.00
2022-11-20,AA Batteries (pair),0,Household,35.00,55.00
2022-11-20,Sewing Needle Pack,0,Household,12.00,25.00
2022-11-21,Cooking Oil 1L,14,Pantry,60.00,75.00
2022-11-21,Bear Brand Powdered Milk 320g,2,Dairy,70.00,90.00
2022-11-21,Alaska Evap Milk 370ml,4,Dairy,32.00,42.00
2022-11-21,Ligo Sardines 155g,5,Canned Goods,18.00,25.00
2022-11-21,Sunsilk Shampoo Sachet,1,Body Care,5.00,8.00
2022-11-21,Biogesic 500mg Tablet,1,Medicine,4.00,7.00
2022-11-21,AA Batteries (pair),0,Household,35.00,55.00
2022-11-21,Sewing Needle Pack,0,Household,12.00,25.00
2022-11-22,Cooking Oil 1L,10,Pantry,60.00,75.00
2022-11-22,Bear Brand Powdered Milk 320g,10,Dairy,70.00,90.00
2022-11-22,Alaska Evap Milk 370ml,4,Dairy,32.00,42.00
2022-11-22,Ligo Sardines 155g,2,Canned Goods,18.00,25.00
2022-11-22,Sunsilk Shampoo Sachet,0,Body Care,5.00,8.00
2022-11-22,Biogesic 500mg Tablet,0,Medicine,4.00,7.00
2022-11-22,AA Batteries (pair),0,Household,35.00,55.00
2022-11-22,Sewing Needle Pack,0,Household,12.00,25.00
2022-11-23,Cooking Oil 1L,13,Pantry,60.00,75.00
2022-11-23,Bear Brand Powdered Milk 320g,14,Dairy,70.00,90.00
2022-11-23,Alaska Evap Milk 370ml,5,Dairy,32.00,42.00
2022-11-23,Ligo Sardines 155g,2,Canned Goods,18.00,25.00
2022-11-23,Sunsilk Shampoo Sachet,2,Body Care,5.00,8.00
2022-11-23,Biogesic 500mg Tablet,1,Medicine,4.00,7.00
2022-11-23,AA Batteries (pair),0,Household,35.00,55.00
2022-11-23,Sewing Needle Pack,0,Household,12.00,25.00
2022-11-24,Cooking Oil 1L,28,Pantry,60.00,75.00
2022-11-24,Bear Brand Powdered Milk 320g,14,Dairy,70.00,90.00
2022-11-24,Alaska Evap Milk 370ml,4,Dairy,32.00,42.00
2022-11-24,Ligo Sardines 155g,1,Canned Goods,18.00,25.00
2022-11-24,Sunsilk Shampoo Sachet,1,Body Care,5.00,8.00
2022-11-24,Biogesic 500mg Tablet,1,Medicine,4.00,7.00
2022-11-24,AA Batteries (pair),0,Household,35.00,55.00
2022-11-24,Sewing Needle Pack,2,Household,12.00,25.00
2022-11-25,Cooking Oil 1L,43,Pantry,60.00,75.00
2022-11-25,Bear Brand Powdered Milk 320g,16,Dairy,70.00,90.00
2022-11-25,Alaska Evap Milk 370ml,6,Dairy,32.00,42.00
2022-11-25,Ligo Sardines 155g,2,Canned Goods,18.00,25.00
2022-11-25,Sunsilk Shampoo Sachet,1,Body Care,5.00,8.00
2022-11-25,Biogesic 500mg Tablet,1,Medicine,4.00,7.00
2022-11-25,AA Batteries (pair),1,Household,35.00,55.00
2022-11-25,Sewing Needle Pack,0,Household,12.00,25.00
2022-11-26,Cooking Oil 1L,41,Pantry,60.00,75.00
2022-11-26,Bear Brand Powdered Milk 320g,13,Dairy,70.00,90.00
2022-11-26,Alaska Evap Milk 370ml,3,Dairy,32.00,42.00
2022-11-26,Ligo Sardines 155g,4,Canned Goods,18.00,25.00
2022-11-26,Sunsilk Shampoo Sachet,1,Body Care,5.00,8.00
2022-11-26,Biogesic 500mg Tablet,0,Medicine,4.00,7.00
2022-11-26,AA Batteries (pair),0,Household,35.00,55.00
2022-11-26,Sewing Needle Pack,0,Household,12.00,25.00
2022-11-27,Cooking Oil 1L,37,Pantry,60.00,75.00
2022-11-27,Bear Brand Powdered Milk 320g,22,Dairy,70.00,90.00
2022-11-27,Alaska Evap Milk 370ml,0,Dairy,32.00,42.00
2022-11-27,Ligo Sardines 155g,3,Canned Goods,18.00,25.00
2022-11-27,Sunsilk Shampoo Sachet,1,Body Care,5.00,8.00
2022-11-27,Biogesic 500mg Tablet,1,Medicine,4.00,7.00
2022-11-27,AA Batteries (pair),0,Household,35.00,55.00
2022-11-27,Sewing Needle Pack,0,Household,12.00,25.00
2022-11-28,Cooking Oil 1L,44,Pantry,60.00,75.00
2022-11-28,Bear Brand Powdered Milk 320g,17,Dairy,70.00,90.00
2022-11-28,Alaska Evap Milk 370ml,6,Dairy,32.00,42.00
2022-11-28,Ligo Sardines 155g,2,Canned Goods,18.00,25.00
2022-11-28,Sunsilk Shampoo Sachet,2,Body Care,5.00,8.00
2022-11-28,Biogesic 500mg Tablet,1,Medicine,4.00,7.00
2022-11-28,AA Batteries (pair),1,Household,35.00,55.00
2022-11-28,Sewing Needle Pack,0,Household,12.00,25.00
2022-11-29,Cooking Oil 1L,50,Pantry,60.00,75.00
2022-11-29,Bear Brand Powdered Milk 320g,10,Dairy,70.00,90.00
2022-11-29,Alaska Evap Milk 370ml,9,Dairy,32.00,42.00
2022-11-29,Ligo Sardines 155g,4,Canned Goods,18.00,25.00
2022-11-29,Sunsilk Shampoo Sachet,4,Body Care,5.00,8.00
2022-11-29,Biogesic 500mg Tablet,0,Medicine,4.00,7.00
2022-11-29,AA Batteries (pair),0,Household,35.00,55.00
2022-11-29,Sewing Needle Pack,0,Household,12.00,25.00
2022-11-30,Cooking Oil 1L,46,Pantry,60.00,75.00
2022-11-30,Bear Brand Powdered Milk 320g,15,Dairy,70.00,90.00
2022-11-30,Alaska Evap Milk 370ml,8,Dairy,32.00,42.00
2022-11-30,Ligo Sardines 155g,1,Canned Goods,18.00,25.00
2022-11-30,Sunsilk Shampoo Sachet,0,Body Care,5.00,8.00
2022-11-30,Biogesic 500mg Tablet,0,Medicine,4.00,7.00
2022-11-30,AA Batteries (pair),0,Household,35.00,55.00
2022-11-30,Sewing Needle Pack,0,Household,12.00,25.00
2022-12-01,Cooking Oil 1L,23,Pantry,60.00,75.00
2022-12-01,Bear Brand Powdered Milk 320g,17,Dairy,70.00,90.00
2022-12-01,Alaska Evap Milk 370ml,4,Dairy,32.00,42.00
2022-12-01,Ligo Sardines 155g,5,Canned Goods,18.00,25.00
2022-12-01,Sunsilk Shampoo Sachet,0,Body Care,5.00,8.00
2022-12-01,Biogesic 500mg Tablet,2,Medicine,4.00,7.00
2022-12-01,AA Batteries (pair),1,Household,35.00,55.00
2022-12-01,Sewing Needle Pack,1,Household,12.00,25.00
2022-12-02,Cooking Oil 1L,34,Pantry,60.00,75.00
2022-12-02,Bear Brand Powdered Milk 320g,15,Dairy,70.00,90.00
2022-12-02,Alaska Evap Milk 370ml,7,Dairy,32.00,42.00
2022-12-02,Ligo Sardines 155g,2,Canned Goods,18.00,25.00
2022-12-02,Sunsilk Shampoo Sachet,0,Body Care,5.00,8.00
2022-12-02,Biogesic 500mg Tablet,1,Medicine,4.00,7.00
2022-12-02,AA Batteries (pair),0,Household,35.00,55.00
2022-12-02,Sewing Needle Pack,0,Household,12.00,25.00
2022-12-03,Cooking Oil 1L,37,Pantry,60.00,75.00
2022-12-03,Bear Brand Powdered Milk 320g,15,Dairy,70.00,90.00
2022-12-03,Alaska Evap Milk 370ml,5,Dairy,32.00,42.00
2022-12-03,Ligo Sardines 155g,1,Canned Goods,18.00,25.00
2022-12-03,Sunsilk Shampoo Sachet,0,Body Care,5.00,8.00
2022-12-03,Biogesic 500mg Tablet,1,Medicine,4.00,7.00
2022-12-03,AA Batteries (pair),0,Household,35.00,55.00
2022-12-03,Sewing Needle Pack,0,Household,12.00,25.00
2022-12-04,Cooking Oil 1L,42,Pantry,60.00,75.00
2022-12-04,Bear Brand Powdered Milk 320g,17,Dairy,70.00,90.00
2022-12-04,Alaska Evap Milk 370ml,4,Dairy,32.00,42.00
2022-12-04,Ligo Sardines 155g,2,Canned Goods,18.00,25.00
2022-12-04,Sunsilk Shampoo Sachet,3,Body Care,5.00,8.00
2022-12-04,Biogesic 500mg Tablet,1,Medicine,4.00,7.00
2022-12-04,AA Batteries (pair),0,Household,35.00,55.00
2022-12-04,Sewing Needle Pack,1,Household,12.00,25.00
2022-12-05,Cooking Oil 1L,27,Pantry,60.00,75.00
2022-12-05,Bear Brand Powdered Milk 320g,14,Dairy,70.00,90.00
2022-12-05,Alaska Evap Milk 370ml,3,Dairy,32.00,42.00
2022-12-05,Ligo Sardines 155g,3,Canned Goods,18.00,25.00
2022-12-05,Sunsilk Shampoo Sachet,1,Body Care,5.00,8.00
2022-12-05,Biogesic 500mg Tablet,0,Medicine,4.00,7.00
2022-12-05,AA Batteries (pair),0,Household,35.00,55.00
2022-12-05,Sewing Needle Pack,0,Household,12.00,25.00
2022-12-06,Cooking Oil 1L,44,Pantry,60.00,75.00
2022-12-06,Bear Brand Powdered Milk 320g,20,Dairy,70.00,90.00
2022-12-06,Alaska Evap Milk 370ml,0,Dairy,32.00,42.00
2022-12-06,Ligo Sardines 155g,1,Canned Goods,18.00,25.00
2022-12-06,Sunsilk Shampoo Sachet,0,Body Care,5.00,8.00
2022-12-06,Biogesic 500mg Tablet,1,Medicine,4.00,7.00
2022-12-06,AA Batteries (pair),0,Household,35.00,55.00
2022-12-06,Sewing Needle Pack,0,Household,12.00,25.00
2022-12-07,Cooking Oil 1L,32,Pantry,60.00,75.00
2022-12-07,Bear Brand Powdered Milk 320g,7,Dairy,70.00,90.00
2022-12-07,Alaska Evap Milk 370ml,2,Dairy,32.00,42.00
2022-12-07,Ligo Sardines 155g,0,Canned Goods,18.00,25.00
2022-12-07,Sunsilk Shampoo Sachet,1,Body Care,5.00,8.00
2022-12-07,Biogesic 500mg Tablet,0,Medicine,4.00,7.00
2022-12-07,AA Batteries (pair),1,Household,35.00,55.00
2022-12-07,Sewing Needle Pack,0,Household,12.00,25.00
2022-12-08,Cooking Oil 1L,25,Pantry,60.00,75.00
2022-12-08,Bear Brand Powdered Milk 320g,11,Dairy,70.00,90.00
2022-12-08,Alaska Evap Milk 370ml,2,Dairy,32.00,42.00
2022-12-08,Ligo Sardines 155g,1,Canned Goods,18.00,25.00
2022-12-08,Sunsilk Shampoo Sachet,1,Body Care,5.00,8.00
2022-12-08,Biogesic 500mg Tablet,0,Medicine,4.00,7.00
2022-12-08,AA Batteries (pair),1,Household,35.00,55.00
2022-12-08,Sewing Needle Pack,0,Household,12.00,25.00
2022-12-09,Cooking Oil 1L,27,Pantry,60.00,75.00
2022-12-09,Bear Brand Powdered Milk 320g,21,Dairy,70.00,90.00
2022-12-09,Alaska Evap Milk 370ml,3,Dairy,32.00,42.00
2022-12-09,Ligo Sardines 155g,2,Canned Goods,18.00,25.00
2022-12-09,Sunsilk Shampoo Sachet,0,Body Care,5.00,8.00
2022-12-09,Biogesic 500mg Tablet,0,Medicine,4.00,7.00
2022-12-09,AA Batteries (pair),0,Household,35.00,55.00
2022-12-09,Sewing Needle Pack,0,Household,12.00,25.00
2022-12-10,Cooking Oil 1L,61,Pantry,60.00,75.00
2022-12-10,Bear Brand Powdered Milk 320g,9,Dairy,70.00,90.00
2022-12-10,Alaska Evap Milk 370ml,6,Dairy,32.00,42.00
2022-12-10,Ligo Sardines 155g,5,Canned Goods,18.00,25.00
2022-12-10,Sunsilk Shampoo Sachet,0,Body Care,5.00,8.00
2022-12-10,Biogesic 500mg Tablet,0,Medicine,4.00,7.00
2022-12-10,AA Batteries (pair),0,Household,35.00,55.00
2022-12-10,Sewing Needle Pack,0,Household,12.00,25.00
2022-12-11,Cooking Oil 1L,37,Pantry,60.00,75.00
2022-12-11,Bear Brand Powdered Milk 320g,16,Dairy,70.00,90.00
2022-12-11,Alaska Evap Milk 370ml,2,Dairy,32.00,42.00
2022-12-11,Ligo Sardines 155g,2,Canned Goods,18.00,25.00
2022-12-11,Sunsilk Shampoo Sachet,1,Body Care,5.00,8.00
2022-12-11,Biogesic 500mg Tablet,0,Medicine,4.00,7.00
2022-12-11,AA Batteries (pair),0,Household,35.00,55.00
2022-12-11,Sewing Needle Pack,0,Household,12.00,25.00
2022-12-12,Cooking Oil 1L,25,Pantry,60.00,75.00
2022-12-12,Bear Brand Powdered Milk 320g,17,Dairy,70.00,90.00
2022-12-12,Alaska Evap Milk 370ml,3,Dairy,32.00,42.00
2022-12-12,Ligo Sardines 155g,3,Canned Goods,18.00,25.00
2022-12-12,Sunsilk Shampoo Sachet,0,Body Care,5.00,8.00
2022-12-12,Biogesic 500mg Tablet,0,Medicine,4.00,7.00
2022-12-12,AA Batteries (pair),0,Household,35.00,55.00
2022-12-12,Sewing Needle Pack,0,Household,12.00,25.00
2022-12-13,Cooking Oil 1L,19,Pantry,60.00,75.00
2022-12-13,Bear Brand Powdered Milk 320g,8,Dairy,70.00,90.00
2022-12-13,Alaska Evap Milk 370ml,0,Dairy,32.00,42.00
2022-12-13,Ligo Sardines 155g,3,Canned Goods,18.00,25.00
2022-12-13,Sunsilk Shampoo Sachet,0,Body Care,5.00,8.00
2022-12-13,Biogesic 500mg Tablet,0,Medicine,4.00,7.00
2022-12-13,AA Batteries (pair),0,Household,35.00,55.00
2022-12-13,Sewing Needle Pack,0,Household,12.00,25.00
2022-12-14,Cooking Oil 1L,42,Pantry,60.00,75.00
2022-12-14,Bear Brand Powdered Milk 320g,12,Dairy,70.00,90.00
2022-12-14,Alaska Evap Milk 370ml,4,Dairy,32.00,42.00
2022-12-14,Ligo Sardines 155g,1,Canned Goods,18.00,25.00
2022-12-14,Sunsilk Shampoo Sachet,0,Body Care,5.00,8.00
2022-12-14,Biogesic 500mg Tablet,0,Medicine,4.00,7.00
2022-12-14,AA Batteries (pair),0,Household,35.00,55.00
2022-12-14,Sewing Needle Pack,0,Household,12.00,25.00
2022-12-15,Cooking Oil 1L,40,Pantry,60.00,75.00
2022-12-15,Bear Brand Powdered Milk 320g,26,Dairy,70.00,90.00
2022-12-15,Alaska Evap Milk 370ml,5,Dairy,32.00,42.00
2022-12-15,Ligo Sardines 155g,2,Canned Goods,18.00,25.00
2022-12-15,Sunsilk Shampoo Sachet,0,Body Care,5.00,8.00
2022-12-15,Biogesic 500mg Tablet,0,Medicine,4.00,7.00
2022-12-15,AA Batteries (pair),1,Household,35.00,55.00
2022-12-15,Sewing Needle Pack,0,Household,12.00,25.00
2022-12-16,Cooking Oil 1L,67,Pantry,60.00,75.00
2022-12-16,Bear Brand Powdered Milk 320g,21,Dairy,70.00,90.00
2022-12-16,Alaska Evap Milk 370ml,1,Dairy,32.00,42.00
2022-12-16,Ligo Sardines 155g,4,Canned Goods,18.00,25.00
2022-12-16,Sunsilk Shampoo Sachet,2,Body Care,5.00,8.00
2022-12-16,Biogesic 500mg Tablet,1,Medicine,4.00,7.00
2022-12-16,AA Batteries (pair),0,Household,35.00,55.00
2022-12-16,Sewing Needle Pack,0,Household,12.00,25.00
2022-12-17,Cooking Oil 1L,61,Pantry,60.00,75.00
2022-12-17,Bear Brand Powdered Milk 320g,14,Dairy,70.00,90.00
2022-12-17,Alaska Evap Milk 370ml,6,Dairy,32.00,42.00
2022-12-17,Ligo Sardines 155g,7,Canned Goods,18.00,25.00
2022-12-17,Sunsilk Shampoo Sachet,2,Body Care,5.00,8.00
2022-12-17,Biogesic 500mg Tablet,0,Medicine,4.00,7.00
2022-12-17,AA Batteries (pair),0,Household,35.00,55.00
2022-12-17,Sewing Needle Pack,0,Household,12.00,25.00
2022-12-18,Cooking Oil 1L,36,Pantry,60.00,75.00
2022-12-18,Bear Brand Powdered Milk 320g,19,Dairy,70.00,90.00
2022-12-18,Alaska Evap Milk 370ml,3,Dairy,32.00,42.00
2022-12-18,Ligo Sardines 155g,1,Canned Goods,18.00,25.00
2022-12-18,Sunsilk Shampoo Sachet,4,Body Care,5.00,8.00
2022-12-18,Biogesic 500mg Tablet,2,Medicine,4.00,7.00
2022-12-18,AA Batteries (pair),0,Household,35.00,55.00
2022-12-18,Sewing Needle Pack,0,Household,12.00,25.00
2022-12-19,Cooking Oil 1L,23,Pantry,60.00,75.00
2022-12-19,Bear Brand Powdered Milk 320g,32,Dairy,70.00,90.00
2022-12-19,Alaska Evap Milk 370ml,4,Dairy,32.00,42.00
2022-12-19,Ligo Sardines 155g,0,Canned Goods,18.00,25.00
2022-12-19,Sunsilk Shampoo Sachet,2,Body Care,5.00,8.00
2022-12-19,Biogesic 500mg Tablet,0,Medicine,4.00,7.00
2022-12-19,AA Batteries (pair),0,Household,35.00,55.00
2022-12-19,Sewing Needle Pack,0,Household,12.00,25.00
2022-12-20,Cooking Oil 1L,37,Pantry,60.00,75.00
2022-12-20,Bear Brand Powdered Milk 320g,21,Dairy,70.00,90.00
2022-12-20,Alaska Evap Milk 370ml,3,Dairy,32.00,42.00
2022-12-20,Ligo Sardines 155g,3,Canned Goods,18.00,25.00
2022-12-20,Sunsilk Shampoo Sachet,0,Body Care,5.00,8.00
2022-12-20,Biogesic 500mg Tablet,1,Medicine,4.00,7.00
2022-12-20,AA Batteries (pair),0,Household,35.00,55.00
2022-12-20,Sewing Needle Pack,0,Household,12.00,25.00
2022-12-21,Cooking Oil 1L,46,Pantry,60.00,75.00
2022-12-21,Bear Brand Powdered Milk 320g,16,Dairy,70.00,90.00
2022-12-21,Alaska Evap Milk 370ml,10,Dairy,32.00,42.00
2022-12-21,Ligo Sardines 155g,5,Canned Goods,18.00,25.00
2022-12-21,Sunsilk Shampoo Sachet,2,Body Care,5.00,8.00
2022-12-21,Biogesic 500mg Tablet,0,Medicine,4.00,7.00
2022-12-21,AA Batteries (pair),0,Household,35.00,55.00
2022-12-21,Sewing Needle Pack,1,Household,12.00,25.00
2022-12-22,Cooking Oil 1L,25,Pantry,60.00,75.00
2022-12-22,Bear Brand Powdered Milk 320g,20,Dairy,70.00,90.00
2022-12-22,Alaska Evap Milk 370ml,6,Dairy,32.00,42.00
2022-12-22,Ligo Sardines 155g,2,Canned Goods,18.00,25.00
2022-12-22,Sunsilk Shampoo Sachet,1,Body Care,5.00,8.00
2022-12-22,Biogesic 500mg Tablet,0,Medicine,4.00,7.00
2022-12-22,AA Batteries (pair),1,Household,35.00,55.00
2022-12-22,Sewing Needle Pack,0,Household,12.00,25.00
2022-12-23,Cooking Oil 1L,42,Pantry,60.00,75.00
2022-12-23,Bear Brand Powdered Milk 320g,14,Dairy,70.00,90.00
2022-12-23,Alaska Evap Milk 370ml,2,Dairy,32.00,42.00
2022-12-23,Ligo Sardines 155g,2,Canned Goods,18.00,25.00
2022-12-23,Sunsilk Shampoo Sachet,0,Body Care,5.00,8.00
2022-12-23,Biogesic 500mg Tablet,0,Medicine,4.00,7.00
2022-12-23,AA Batteries (pair),0,Household,35.00,55.00
2022-12-23,Sewing Needle Pack,0,Household,12.00,25.00
2022-12-24,Cooking Oil 1L,49,Pantry,60.00,75.00
2022-12-24,Bear Brand Powdered Milk 320g,33,Dairy,70.00,90.00
2022-12-24,Alaska Evap Milk 370ml,5,Dairy,32.00,42.00
2022-12-24,Ligo Sardines 155g,5,Canned Goods,18.00,25.00
2022-12-24,Sunsilk Shampoo Sachet,0,Body Care,5.00,8.00
2022-12-24,Biogesic 500mg Tablet,0,Medicine,4.00,7.00
2022-12-24,AA Batteries (pair),0,Household,35.00,55.00
2022-12-24,Sewing Needle Pack,0,Household,12.00,25.00
2022-12-25,Cooking Oil 1L,36,Pantry,60.00,75.00
2022-12-25,Bear Brand Powdered Milk 320g,23,Dairy,70.00,90.00
2022-12-25,Alaska Evap Milk 370ml,4,Dairy,32.00,42.00
2022-12-25,Ligo Sardines 155g,4,Canned Goods,18.00,25.00
2022-12-25,Sunsilk Shampoo Sachet,1,Body Care,5.00,8.00
2022-12-25,Biogesic 500mg Tablet,2,Medicine,4.00,7.00
2022-12-25,AA Batteries (pair),0,Household,35.00,55.00
2022-12-25,Sewing Needle Pack,1,Household,12.00,25.00
2022-12-26,Cooking Oil 1L,31,Pantry,60.00,75.00
2022-12-26,Bear Brand Powdered Milk 320g,18,Dairy,70.00,90.00
2022-12-26,Alaska Evap Milk 370ml,4,Dairy,32.00,42.00
2022-12-26,Ligo Sardines 155g,3,Canned Goods,18.00,25.00
2022-12-26,Sunsilk Shampoo Sachet,2,Body Care,5.00,8.00
2022-12-26,Biogesic 500mg Tablet,0,Medicine,4.00,7.00
2022-12-26,AA Batteries (pair),0,Household,35.00,55.00
2022-12-26,Sewing Needle Pack,0,Household,12.00,25.00
2022-12-27,Cooking Oil 1L,50,Pantry,60.00,75.00
2022-12-27,Bear Brand Powdered Milk 320g,31,Dairy,70.00,90.00
2022-12-27,Alaska Evap Milk 370ml,7,Dairy,32.00,42.00
2022-12-27,Ligo Sardines 155g,1,Canned Goods,18.00,25.00
2022-12-27,Sunsilk Shampoo Sachet,2,Body Care,5.00,8.00
2022-12-27,Biogesic 500mg Tablet,1,Medicine,4.00,7.00
2022-12-27,AA Batteries (pair),0,Household,35.00,55.00
2022-12-27,Sewing Needle Pack,0,Household,12.00,25.00
2022-12-28,Cooking Oil 1L,29,Pantry,60.00,75.00
2022-12-28,Bear Brand Powdered Milk 320g,11,Dairy,70.00,90.00
2022-12-28,Alaska Evap Milk 370ml,4,Dairy,32.00,42.00
2022-12-28,Ligo Sardines 155g,4,Canned Goods,18.00,25.00
2022-12-28,Sunsilk Shampoo Sachet,0,Body Care,5.00,8.00
2022-12-28,Biogesic 500mg Tablet,0,Medicine,4.00,7.00
2022-12-28,AA Batteries (pair),1,Household,35.00,55.00
2022-12-28,Sewing Needle Pack,0,Household,12.00,25.00
2022-12-29,Cooking Oil 1L,50,Pantry,60.00,75.00
2022-12-29,Bear Brand Powdered Milk 320g,24,Dairy,70.00,90.00
2022-12-29,Alaska Evap Milk 370ml,6,Dairy,32.00,42.00
2022-12-29,Ligo Sardines 155g,3,Canned Goods,18.00,25.00
2022-12-29,Sunsilk Shampoo Sachet,2,Body Care,5.00,8.00
2022-12-29,Biogesic 500mg Tablet,0,Medicine,4.00,7.00
2022-12-29,AA Batteries (pair),0,Household,35.00,55.00
2022-12-29,Sewing Needle Pack,0,Household,12.00,25.00
2022-12-30,Cooking Oil 1L,77,Pantry,60.00,75.00
2022-12-30,Bear Brand Powdered Milk 320g,31,Dairy,70.00,90.00
2022-12-30,Alaska Evap Milk 370ml,6,Dairy,32.00,42.00
2022-12-30,Ligo Sardines 155g,5,Canned Goods,18.00,25.00
2022-12-30,Sunsilk Shampoo Sachet,3,Body Care,5.00,8.00
2022-12-30,Biogesic 500mg Tablet,1,Medicine,4.00,7.00
2022-12-30,AA Batteries (pair),1,Household,35.00,55.00
2022-12-30,Sewing Needle Pack,0,Household,12.00,25.00
2022-12-31,Cooking Oil 1L,81,Pantry,60.00,75.00
2022-12-31,Bear Brand Powdered Milk 320g,26,Dairy,70.00,90.00
2022-12-31,Alaska Evap Milk 370ml,14,Dairy,32.00,42.00
2022-12-31,Ligo Sardines 155g,5,Canned Goods,18.00,25.00
2022-12-31,Sunsilk Shampoo Sachet,2,Body Care,5.00,8.00
2022-12-31,Biogesic 500mg Tablet,1,Medicine,4.00,7.00
2022-12-31,AA Batteries (pair),0,Household,35.00,55.00
2022-12-31,Sewing Needle Pack,0,Household,12.00,25.00
2023-01-01,Cooking Oil 1L,59,Pantry,60.00,75.00
2023-01-01,Bear Brand Powdered Milk 320g,20,Dairy,70.00,90.00
2023-01-01,Alaska Evap Milk 370ml,7,Dairy,32.00,42.00
2023-01-01,Ligo Sardines 155g,3,Canned Goods,18.00,25.00
2023-01-01,Sunsilk Shampoo Sachet,0,Body Care,5.00,8.00
2023-01-01,Biogesic 500mg Tablet,0,Medicine,4.00,7.00
2023-01-01,AA Batteries (pair),0,Household,35.00,55.00
2023-01-01,Sewing Needle Pack,0,Household,12.00,25.00
2023-01-02,Cooking Oil 1L,37,Pantry,60.00,75.00
2023-01-02,Bear Brand Powdered Milk 320g,9,Dairy,70.00,90.00
2023-01-02,Alaska Evap Milk 370ml,1,Dairy,32.00,42.00
2023-01-02,Ligo Sardines 155g,0,Canned Goods,18.00,25.00
2023-01-02,Sunsilk Shampoo Sachet,0,Body Care,5.00,8.00
2023-01-02,Biogesic 500mg Tablet,1,Medicine,4.00,7.00
2023-01-02,AA Batteries (pair),1,Household,35.00,55.00
2023-01-02,Sewing Needle Pack,0,Household,12.00,25.00
2023-01-03,Cooking Oil 1L,23,Pantry,60.00,75.00
2023-01-03,Bear Brand Powdered Milk 320g,15,Dairy,70.00,90.00
2023-01-03,Alaska Evap Milk 370ml,5,Dairy,32.00,42.00
2023-01-03,Ligo Sardines 155g,0,Canned Goods,18.00,25.00
2023-01-03,Sunsilk Shampoo Sachet,3,Body Care,5.00,8.00
2023-01-03,Biogesic 500mg Tablet,1,Medicine,4.00,7.00
2023-01-03,AA Batteries (pair),1,Household,35.00,55.00
2023-01-03,Sewing Needle Pack,0,Household,12.00,25.00
2023-01-04,Cooking Oil 1L,20,Pantry,60.00,75.00
2023-01-04,Bear Brand Powdered Milk 320g,18,Dairy,70.00,90.00
2023-01-04,Alaska Evap Milk 370ml,0,Dairy,32.00,42.00
2023-01-04,Ligo Sardines 155g,2,Canned Goods,18.00,25.00
2023-01-04,Sunsilk Shampoo Sachet,1,Body Care,5.00,8.00
2023-01-04,Biogesic 500mg Tablet,0,Medicine,4.00,7.00
2023-01-04,AA Batteries (pair),0,Household,35.00,55.00
2023-01-04,Sewing Needle Pack,0,Household,12.00,25.00
2023-01-05,Cooking Oil 1L,42,Pantry,60.00,75.00
2023-01-05,Bear Brand Powdered Milk 320g,15,Dairy,70.00,90.00
2023-01-05,Alaska Evap Milk 370ml,4,Dairy,32.00,42.00
2023-01-05,Ligo Sardines 155g,3,Canned Goods,18.00,25.00
2023-01-05,Sunsilk Shampoo Sachet,1,Body Care,5.00,8.00
2023-01-05,Biogesic 500mg Tablet,2,Medicine,4.00,7.00
2023-01-05,AA Batteries (pair),0,Household,35.00,55.00
2023-01-05,Sewing Needle Pack,0,Household,12.00,25.00
2023-01-06,Cooking Oil 1L,33,Pantry,60.00,75.00
2023-01-06,Bear Brand Powdered Milk 320g,16,Dairy,70.00,90.00
2023-01-06,Alaska Evap Milk 370ml,4,Dairy,32.00,42.00
2023-01-06,Ligo Sardines 155g,2,Canned Goods,18.00,25.00
2023-01-06,Sunsilk Shampoo Sachet,1,Body Care,5.00,8.00
2023-01-06,Biogesic 500mg Tablet,0,Medicine,4.00,7.00
2023-01-06,AA Batteries (pair),0,Household,35.00,55.00
2023-01-06,Sewing Needle Pack,0,Household,12.00,25.00
2023-01-07,Cooking Oil 1L,26,Pantry,60.00,75.00
2023-01-07,Bear Brand Powdered Milk 320g,16,Dairy,70.00,90.00
2023-01-07,Alaska Evap Milk 370ml,6,Dairy,32.00,42.00
2023-01-07,Ligo Sardines 155g,2,Canned Goods,18.00,25.00
2023-01-07,Sunsilk Shampoo Sachet,1,Body Care,5.00,8.00
2023-01-07,Biogesic 500mg Tablet,0,Medicine,4.00,7.00
2023-01-07,AA Batteries (pair),0,Household,35.00,55.00
2023-01-07,Sewing Needle Pack,0,Household,12.00,25.00
2023-01-08,Cooking Oil 1L,40,Pantry,60.00,75.00
2023-01-08,Bear Brand Powdered Milk 320g,14,Dairy,70.00,90.00
2023-01-08,Alaska Evap Milk 370ml,5,Dairy,32.00,42.00
2023-01-08,Ligo Sardines 155g,1,Canned Goods,18.00,25.00
2023-01-08,Sunsilk Shampoo Sachet,1,Body Care,5.00,8.00
2023-01-08,Biogesic 500mg Tablet,0,Medicine,4.00,7.00
2023-01-08,AA Batteries (pair),1,Household,35.00,55.00
2023-01-08,Sewing Needle Pack,0,Household,12.00,25.00
2023-01-09,Cooking Oil 1L,26,Pantry,60.00,75.00
2023-01-09,Bear Brand Powdered Milk 320g,8,Dairy,70.00,90.00
2023-01-09,Alaska Evap Milk 370ml,5,Dairy,32.00,42.00
2023-01-09,Ligo Sardines 155g,4,Canned Goods,18.00,25.00
2023-01-09,Sunsilk Shampoo Sachet,2,Body Care,5.00,8.00
2023-01-09,Biogesic 500mg Tablet,0,Medicine,4.00,7.00
2023-01-09,AA Batteries (pair),0,Household,35.00,55.00
2023-01-09,Sewing Needle Pack,0,Household,12.00,25.00
2023-01-10,Cooking Oil 1L,26,Pantry,60.00,75.00
2023-01-10,Bear Brand Powdered Milk 320g,8,Dairy,70.00,90.00
2023-01-10,Alaska Evap Milk 370ml,4,Dairy,32.00,42.00
2023-01-10,Ligo Sardines 155g,1,Canned Goods,18.00,25.00
2023-01-10,Sunsilk Shampoo Sachet,0,Body Care,5.00,8.00
2023-01-10,Biogesic 500mg Tablet,1,Medicine,4.00,7.00
2023-01-10,AA Batteries (pair),1,Household,35.00,55.00
2023-01-10,Sewing Needle Pack,0,Household,12.00,25.00
2023-01-11,Cooking Oil 1L,22,Pantry,60.00,75.00
2023-01-11,Bear Brand Powdered Milk 320g,13,Dairy,70.00,90.00
2023-01-11,Alaska Evap Milk 370ml,3,Dairy,32.00,42.00
2023-01-11,Ligo Sardines 155g,3,Canned Goods,18.00,25.00
2023-01-11,Sunsilk Shampoo Sachet,0,Body Care,5.00,8.00
2023-01-11,Biogesic 500mg Tablet,0,Medicine,4.00,7.00
2023-01-11,AA Batteries (pair),0,Household,35.00,55.00
2023-01-11,Sewing Needle Pack,1,Household,12.00,25.00
2023-01-12,Cooking Oil 1L,34,Pantry,60.00,75.00
2023-01-12,Bear Brand Powdered Milk 320g,14,Dairy,70.00,90.00
2023-01-12,Alaska Evap Milk 370ml,7,Dairy,32.00,42.00
2023-01-12,Ligo Sardines 155g,5,Canned Goods,18.00,25.00
2023-01-12,Sunsilk Shampoo Sachet,3,Body Care,5.00,8.00
2023-01-12,Biogesic 500mg Tablet,0,Medicine,4.00,7.00
2023-01-12,AA Batteries (pair),0,Household,35.00,55.00
2023-01-12,Sewing Needle Pack,0,Household,12.00,25.00
2023-01-13,Cooking Oil 1L,26,Pantry,60.00,75.00
2023-01-13,Bear Brand Powdered Milk 320g,25,Dairy,70.00,90.00
2023-01-13,Alaska Evap Milk 370ml,6,Dairy,32.00,42.00
2023-01-13,Ligo Sardines 155g,4,Canned Goods,18.00,25.00
2023-01-13,Sunsilk Shampoo Sachet,1,Body Care,5.00,8.00
2023-01-13,Biogesic 500mg Tablet,2,Medicine,4.00,7.00
2023-01-13,AA Batteries (pair),0,Household,35.00,55.00
2023-01-13,Sewing Needle Pack,0,Household,12.00,25.00
2023-01-14,Cooking Oil 1L,75,Pantry,60.00,75.00
2023-01-14,Bear Brand Powdered Milk 320g,14,Dairy,70.00,90.00
2023-01-14,Alaska Evap Milk 370ml,10,Dairy,32.00,42.00
2023-01-14,Ligo Sardines 155g,2,Canned Goods,18.00,25.00
2023-01-14,Sunsilk Shampoo Sachet,1,Body Care,5.00,8.00
2023-01-14,Biogesic 500mg Tablet,1,Medicine,4.00,7.00
2023-01-14,AA Batteries (pair),0,Household,35.00,55.00
2023-01-14,Sewing Needle Pack,0,Household,12.00,25.00
2023-01-15,Cooking Oil 1L,29,Pantry,60.00,75.00
2023-01-15,Bear Brand Powdered Milk 320g,17,Dairy,70.00,90.00
2023-01-15,Alaska Evap Milk 370ml,5,Dairy,32.00,42.00
2023-01-15,Ligo Sardines 155g,0,Canned Goods,18.00,25.00
2023-01-15,Sunsilk Shampoo Sachet,1,Body Care,5.00,8.00
2023-01-15,Biogesic 500mg Tablet,0,Medicine,4.00,7.00
2023-01-15,AA Batteries (pair),0,Household,35.00,55.00
2023-01-15,Sewing Needle Pack,0,Household,12.00,25.00
2023-01-16,Cooking Oil 1L,35,Pantry,60.00,75.00
2023-01-16,Bear Brand Powdered Milk 320g,9,Dairy,70.00,90.00
2023-01-16,Alaska Evap Milk 370ml,6,Dairy,32.00,42.00
2023-01-16,Ligo Sardines 155g,1,Canned Goods,18.00,25.00
2023-01-16,Sunsilk Shampoo Sachet,2,Body Care,5.00,8.00
2023-01-16,Biogesic 500mg Tablet,1,Medicine,4.00,7.00
2023-01-16,AA Batteries (pair),0,Household,35.00,55.00
2023-01-16,Sewing Needle Pack,0,Household,12.00,25.00
2023-01-17,Cooking Oil 1L,27,Pantry,60.00,75.00
2023-01-17,Bear Brand Powdered Milk 320g,8,Dairy,70.00,90.00
2023-01-17,Alaska Evap Milk 370ml,2,Dairy,32.00,42.00
2023-01-17,Ligo Sardines 155g,0,Canned Goods,18.00,25.00
2023-01-17,Sunsilk Shampoo Sachet,1,Body Care,5.00,8.00
2023-01-17,Biogesic 500mg Tablet,0,Medicine,4.00,7.00
2023-01-17,AA Batteries (pair),0,Household,35.00,55.00
2023-01-17,Sewing Needle Pack,0,Household,12.00,25.00
2023-01-18,Cooking Oil 1L,28,Pantry,60.00,75.00
2023-01-18,Bear Brand Powdered Milk 320g,10,Dairy,70.00,90.00
2023-01-18,Alaska Evap Milk 370ml,7,Dairy,32.00,42.00
2023-01-18,Ligo Sardines 155g,2,Canned Goods,18.00,25.00
2023-01-18,Sunsilk Shampoo Sachet,0,Body Care,5.00,8.00
2023-01-18,Biogesic 500mg Tablet,0,Medicine,4.00,7.00
2023-01-18,AA Batteries (pair),0,Household,35.00,55.00
2023-01-18,Sewing Needle Pack,0,Household,12.00,25.00
2023-01-19,Cooking Oil 1L,23,Pantry,60.00,75.00
2023-01-19,Bear Brand Powdered Milk 320g,12,Dairy,70.00,90.00
2023-01-19,Alaska Evap Milk 370ml,3,Dairy,32.00,42.00
2023-01-19,Ligo Sardines 155g,1,Canned Goods,18.00,25.00
2023-01-19,Sunsilk Shampoo Sachet,3,Body Care,5.00,8.00
2023-01-19,Biogesic 500mg Tablet,0,Medicine,4.00,7.00
2023-01-19,AA Batteries (pair),0,Household,35.00,55.00
2023-01-19,Sewing Needle Pack,0,Household,12.00,25.00
2023-01-20,Cooking Oil 1L,30,Pantry,60.00,75.00
2023-01-20,Bear Brand Powdered Milk 320g,24,Dairy,70.00,90.00
2023-01-20,Alaska Evap Milk 370ml,1,Dairy,32.00,42.00
2023-01-20,Ligo Sardines 155g,4,Canned Goods,18.00,25.00
2023-01-20,Sunsilk Shampoo Sachet,2,Body Care,5.00,8.00
2023-01-20,Biogesic 500mg Tablet,0,Medicine,4.00,7.00
2023-01-20,AA Batteries (pair),0,Household,35.00,55.00
2023-01-20,Sewing Needle Pack,0,Household,12.00,25.00
2023-01-21,Cooking Oil 1L,40,Pantry,60.00,75.00
2023-01-21,Bear Brand Powdered Milk 320g,15,Dairy,70.00,90.00
2023-01-21,Alaska Evap Milk 370ml,4,Dairy,32.00,42.00
2023-01-21,Ligo Sardines 155g,1,Canned Goods,18.00,25.00
2023-01-21,Sunsilk Shampoo Sachet,1,Body Care,5.00,8.00
2023-01-21,Biogesic 500mg Tablet,0,Medicine,4.00,7.00
2023-01-21,AA Batteries (pair),0,Household,35.00,55.00
2023-01-21,Sewing Needle Pack,0,Household,12.00,25.00
2023-01-22,Cooking Oil 1L,26,Pantry,60.00,75.00
2023-01-22,Bear Brand Powdered Milk 320g,12,Dairy,70.00,90.00
2023-01-22,Alaska Evap Milk 370ml,6,Dairy,32.00,42.00
2023-01-22,Ligo Sardines 155g,2,Canned Goods,18.00,25.00
2023-01-22,Sunsilk Shampoo Sachet,1,Body Care,5.00,8.00
2023-01-22,Biogesic 500mg Tablet,1,Medicine,4.00,7.00
2023-01-22,AA Batteries (pair),0,Household,35.00,55.00
2023-01-22,Sewing Needle Pack,0,Household,12.00,25.00
2023-01-23,Cooking Oil 1L,32,Pantry,60.00,75.00
2023-01-23,Bear Brand Powdered Milk 320g,16,Dairy,70.00,90.00
2023-01-23,Alaska Evap Milk 370ml,5,Dairy,32.00,42.00
2023-01-23,Ligo Sardines 155g,4,Canned Goods,18.00,25.00
2023-01-23,Sunsilk Shampoo Sachet,1,Body Care,5.00,8.00
2023-01-23,Biogesic 500mg Tablet,0,Medicine,4.00,7.00
2023-01-23,AA Batteries (pair),0,Household,35.00,55.00
2023-01-23,Sewing Needle Pack,0,Household,12.00,25.00
2023-01-24,Cooking Oil 1L,29,Pantry,60.00,75.00
2023-01-24,Bear Brand Powdered Milk 320g,12,Dairy,70.00,90.00
2023-01-24,Alaska Evap Milk 370ml,4,Dairy,32.00,42.00
2023-01-24,Ligo Sardines 155g,1,Canned Goods,18.00,25.00
2023-01-24,Sunsilk Shampoo Sachet,2,Body Care,5.00,8.00
2023-01-24,Biogesic 500mg Tablet,0,Medicine,4.00,7.00
2023-01-24,AA Batteries (pair),0,Household,35.00,55.00
2023-01-24,Sewing Needle Pack,0,Household,12.00,25.00
2023-01-25,Cooking Oil 1L,34,Pantry,60.00,75.00
2023-01-25,Bear Brand Powdered Milk 320g,18,Dairy,70.00,90.00
2023-01-25,Alaska Evap Milk 370ml,10,Dairy,32.00,42.00
2023-01-25,Ligo Sardines 155g,1,Canned Goods,18.00,25.00
2023-01-25,Sunsilk Shampoo Sachet,0,Body Care,5.00,8.00
2023-01-25,Biogesic 500mg Tablet,0,Medicine,4.00,7.00
2023-01-25,AA Batteries (pair),0,Household,35.00,55.00
2023-01-25,Sewing Needle Pack,0,Household,12.00,25.00
2023-01-26,Cooking Oil 1L,21,Pantry,60.00,75.00
2023-01-26,Bear Brand Powdered Milk 320g,15,Dairy,70.00,90.00
2023-01-26,Alaska Evap Milk 370ml,4,Dairy,32.00,42.00
2023-01-26,Ligo Sardines 155g,1,Canned Goods,18.00,25.00
2023-01-26,Sunsilk Shampoo Sachet,2,Body Care,5.00,8.00
2023-01-26,Biogesic 500mg Tablet,1,Medicine,4.00,7.00
2023-01-26,AA Batteries (pair),0,Household,35.00,55.00
2023-01-26,Sewing Needle Pack,0,Household,12.00,25.00
2023-01-27,Cooking Oil 1L,35,Pantry,60.00,75.00
2023-01-27,Bear Brand Powdered Milk 320g,9,Dairy,70.00,90.00
2023-01-27,Alaska Evap Milk 370ml,3,Dairy,32.00,42.00
2023-01-27,Ligo Sardines 155g,2,Canned Goods,18.00,25.00
2023-01-27,Sunsilk Shampoo Sachet,1,Body Care,5.00,8.00
2023-01-27,Biogesic 500mg Tablet,0,Medicine,4.00,7.00
2023-01-27,AA Batteries (pair),0,Household,35.00,55.00
2023-01-27,Sewing Needle Pack,0,Household,12.00,25.00
2023-01-28,Cooking Oil 1L,44,Pantry,60.00,75.00
2023-01-28,Bear Brand Powdered Milk 320g,19,Dairy,70.00,90.00
2023-01-28,Alaska Evap Milk 370ml,9,Dairy,32.00,42.00
2023-01-28,Ligo Sardines 155g,0,Canned Goods,18.00,25.00
2023-01-28,Sunsilk Shampoo Sachet,0,Body Care,5.00,8.00
2023-01-28,Biogesic 500mg Tablet,0,Medicine,4.00,7.00
2023-01-28,AA Batteries (pair),0,Household,35.00,55.00
2023-01-28,Sewing Needle Pack,0,Household,12.00,25.00
2023-01-29,Cooking Oil 1L,39,Pantry,60.00,75.00
2023-01-29,Bear Brand Powdered Milk 320g,12,Dairy,70.00,90.00
2023-01-29,Alaska Evap Milk 370ml,6,Dairy,32.00,42.00
2023-01-29,Ligo Sardines 155g,4,Canned Goods,18.00,25.00
2023-01-29,Sunsilk Shampoo Sachet,0,Body Care,5.00,8.00
2023-01-29,Biogesic 500mg Tablet,0,Medicine,4.00,7.00
2023-01-29,AA Batteries (pair),0,Household,35.00,55.00
2023-01-29,Sewing Needle Pack,0,Household,12.00,25.00
2023-01-30,Cooking Oil 1L,43,Pantry,60.00,75.00
2023-01-30,Bear Brand Powdered Milk 320g,12,Dairy,70.00,90.00
2023-01-30,Alaska Evap Milk 370ml,8,Dairy,32.00,42.00
2023-01-30,Ligo Sardines 155g,0,Canned Goods,18.00,25.00
2023-01-30,Sunsilk Shampoo Sachet,0,Body Care,5.00,8.00
2023-01-30,Biogesic 500mg Tablet,0,Medicine,4.00,7.00
2023-01-30,AA Batteries (pair),0,Household,35.00,55.00
2023-01-30,Sewing Needle Pack,0,Household,12.00,25.00
2023-01-31,Cooking Oil 1L,33,Pantry,60.00,75.00
2023-01-31,Bear Brand Powdered Milk 320g,19,Dairy,70.00,90.00
2023-01-31,Alaska Evap Milk 370ml,8,Dairy,32.00,42.00
2023-01-31,Ligo Sardines 155g,4,Canned Goods,18.00,25.00
2023-01-31,Sunsilk Shampoo Sachet,2,Body Care,5.00,8.00
2023-01-31,Biogesic 500mg Tablet,1,Medicine,4.00,7.00
2023-01-31,AA Batteries (pair),0,Household,35.00,55.00
2023-01-31,Sewing Needle Pack,0,Household,12.00,25.00
2023-02-01,Cooking Oil 1L,27,Pantry,60.00,75.00
2023-02-01,Bear Brand Powdered Milk 320g,7,Dairy,70.00,90.00
2023-02-01,Alaska Evap Milk 370ml,7,Dairy,32.00,42.00
2023-02-01,Ligo Sardines 155g,2,Canned Goods,18.00,25.00
2023-02-01,Sunsilk Shampoo Sachet,0,Body Care,5.00,8.00
2023-02-01,Biogesic 500mg Tablet,0,Medicine,4.00,7.00
2023-02-01,AA Batteries (pair),0,Household,35.00,55.00
2023-02-01,Sewing Needle Pack,0,Household,12.00,25.00
2023-02-02,Cooking Oil 1L,18,Pantry,60.00,75.00
2023-02-02,Bear Brand Powdered Milk 320g,12,Dairy,70.00,90.00
2023-02-02,Alaska Evap Milk 370ml,5,Dairy,32.00,42.00
2023-02-02,Ligo Sardines 155g,4,Canned Goods,18.00,25.00
2023-02-02,Sunsilk Shampoo Sachet,0,Body Care,5.00,8.00
2023-02-02,Biogesic 500mg Tablet,1,Medicine,4.00,7.00
2023-02-02,AA Batteries (pair),0,Household,35.00,55.00
2023-02-02,Sewing Needle Pack,0,Household,12.00,25.00
2023-02-03,Cooking Oil 1L,40,Pantry,60.00,75.00
2023-02-03,Bear Brand Powdered Milk 320g,25,Dairy,70.00,90.00
2023-02-03,Alaska Evap Milk 370ml,6,Dairy,32.00,42.00
2023-02-03,Ligo Sardines 155g,2,Canned Goods,18.00,25.00
2023-02-03,Sunsilk Shampoo Sachet,2,Body Care,5.00,8.00
2023-02-03,Biogesic 500mg Tablet,0,Medicine,4.00,7.00
2023-02-03,AA Batteries (pair),0,Household,35.00,55.00
2023-02-03,Sewing Needle Pack,0,Household,12.00,25.00
2023-02-04,Cooking Oil 1L,44,Pantry,60.00,75.00
2023-02-04,Bear Brand Powdered Milk 320g,12,Dairy,70.00,90.00
2023-02-04,Alaska Evap Milk 370ml,2,Dairy,32.00,42.00
2023-02-04,Ligo Sardines 155g,2,Canned Goods,18.00,25.00
2023-02-04,Sunsilk Shampoo Sachet,0,Body Care,5.00,8.00
2023-02-04,Biogesic 500mg Tablet,0,Medicine,4.00,7.00
2023-02-04,AA Batteries (pair),0,Household,35.00,55.00
2023-02-04,Sewing Needle Pack,0,Household,12.00,25.00
2023-02-05,Cooking Oil 1L,38,Pantry,60.00,75.00
2023-02-05,Bear Brand Powdered Milk 320g,4,Dairy,70.00,90.00
2023-02-05,Alaska Evap Milk 370ml,3,Dairy,32.00,42.00
2023-02-05,Ligo Sardines 155g,5,Canned Goods,18.00,25.00
2023-02-05,Sunsilk Shampoo Sachet,3,Body Care,5.00,8.00
2023-02-05,Biogesic 500mg Tablet,0,Medicine,4.00,7.00
2023-02-05,AA Batteries (pair),0,Household,35.00,55.00
2023-02-05,Sewing Needle Pack,0,Household,12.00,25.00
2023-02-06,Cooking Oil 1L,23,Pantry,60.00,75.00
2023-02-06,Bear Brand Powdered Milk 320g,18,Dairy,70.00,90.00
2023-02-06,Alaska Evap Milk 370ml,5,Dairy,32.00,42.00
2023-02-06,Ligo Sardines 155g,1,Canned Goods,18.00,25.00
2023-02-06,Sunsilk Shampoo Sachet,4,Body Care,5.00,8.00
2023-02-06,Biogesic 500mg Tablet,1,Medicine,4.00,7.00
2023-02-06,AA Batteries (pair),0,Household,35.00,55.00
2023-02-06,Sewing Needle Pack,0,Household,12.00,25.00
2023-02-07,Cooking Oil 1L,20,Pantry,60.00,75.00
2023-02-07,Bear Brand Powdered Milk 320g,16,Dairy,70.00,90.00
2023-02-07,Alaska Evap Milk 370ml,7,Dairy,32.00,42.00
2023-02-07,Ligo Sardines 155g,3,Canned Goods,18.00,25.00
2023-02-07,Sunsilk Shampoo Sachet,2,Body Care,5.00,8.00
2023-02-07,Biogesic 500mg Tablet,0,Medicine,4.00,7.00
2023-02-07,AA Batteries (pair),0,Household,35.00,55.00
2023-02-07,Sewing Needle Pack,0,Household,12.00,25.00
2023-02-08,Cooking Oil 1L,24,Pantry,60.00,75.00
2023-02-08,Bear Brand Powdered Milk 320g,13,Dairy,70.00,90.00
2023-02-08,Alaska Evap Milk 370ml,4,Dairy,32.00,42.00
2023-02-08,Ligo Sardines 155g,1,Canned Goods,18.00,25.00
2023-02-08,Sunsilk Shampoo Sachet,0,Body Care,5.00,8.00
2023-02-08,Biogesic 500mg Tablet,1,Medicine,4.00,7.00
2023-02-08,AA Batteries (pair),2,Household,35.00,55.00
2023-02-08,Sewing Needle Pack,0,Household,12.00,25.00
2023-02-09,Cooking Oil 1L,22,Pantry,60.00,75.00
2023-02-09,Bear Brand Powdered Milk 320g,19,Dairy,70.00,90.00
2023-02-09,Alaska Evap Milk 370ml,5,Dairy,32.00,42.00
2023-02-09,Ligo Sardines 155g,2,Canned Goods,18.00,25.00
2023-02-09,Sunsilk Shampoo Sachet,1,Body Care,5.00,8.00
2023-02-09,Biogesic 500mg Tablet,2,Medicine,4.00,7.00
2023-02-09,AA Batteries (pair),1,Household,35.00,55.00
2023-02-09,Sewing Needle Pack,0,Household,12.00,25.00
2023-02-10,Cooking Oil 1L,36,Pantry,60.00,75.00
2023-02-10,Bear Brand Powdered Milk 320g,21,Dairy,70.00,90.00
2023-02-10,Alaska Evap Milk 370ml,4,Dairy,32.00,42.00
2023-02-10,Ligo Sardines 155g,4,Canned Goods,18.00,25.00
2023-02-10,Sunsilk Shampoo Sachet,2,Body Care,5.00,8.00
2023-02-10,Biogesic 500mg Tablet,1,Medicine,4.00,7.00
2023-02-10,AA Batteries (pair),0,Household,35.00,55.00
2023-02-10,Sewing Needle Pack,0,Household,12.00,25.00
2023-02-11,Cooking Oil 1L,27,Pantry,60.00,75.00
2023-02-11,Bear Brand Powdered Milk 320g,20,Dairy,70.00,90.00
2023-02-11,Alaska Evap Milk 370ml,7,Dairy,32.00,42.00
2023-02-11,Ligo Sardines 155g,0,Canned Goods,18.00,25.00
2023-02-11,Sunsilk Shampoo Sachet,0,Body Care,5.00,8.00
2023-02-11,Biogesic 500mg Tablet,1,Medicine,4.00,7.00
2023-02-11,AA Batteries (pair),1,Household,35.00,55.00
2023-02-11,Sewing Needle Pack,0,Household,12.00,25.00
2023-02-12,Cooking Oil 1L,38,Pantry,60.00,75.00
2023-02-12,Bear Brand Powdered Milk 320g,12,Dairy,70.00,90.00
2023-02-12,Alaska Evap Milk 370ml,7,Dairy,32.00,42.00
2023-02-12,Ligo Sardines 155g,2,Canned Goods,18.00,25.00
2023-02-12,Sunsilk Shampoo Sachet,1,Body Care,5.00,8.00
2023-02-12,Biogesic 500mg Tablet,2,Medicine,4.00,7.00
2023-02-12,AA Batteries (pair),0,Household,35.00,55.00
2023-02-12,Sewing Needle Pack,1,Household,12.00,25.00
2023-02-13,Cooking Oil 1L,41,Pantry,60.00,75.00
2023-02-13,Bear Brand Powdered Milk 320g,14,Dairy,70.00,90.00
2023-02-13,Alaska Evap Milk 370ml,3,Dairy,32.00,42.00
2023-02-13,Ligo Sardines 155g,4,Canned Goods,18.00,25.00
2023-02-13,Sunsilk Shampoo Sachet,1,Body Care,5.00,8.00
2023-02-13,Biogesic 500mg Tablet,1,Medicine,4.00,7.00
2023-02-13,AA Batteries (pair),0,Household,35.00,55.00
2023-02-13,Sewing Needle Pack,0,Household,12.00,25.00
2023-02-14,Cooking Oil 1L,36,Pantry,60.00,75.00
2023-02-14,Bear Brand Powdered Milk 320g,9,Dairy,70.00,90.00
2023-02-14,Alaska Evap Milk 370ml,2,Dairy,32.00,42.00
2023-02-14,Ligo Sardines 155g,1,Canned Goods,18.00,25.00
2023-02-14,Sunsilk Shampoo Sachet,2,Body Care,5.00,8.00
2023-02-14,Biogesic 500mg Tablet,0,Medicine,4.00,7.00
2023-02-14,AA Batteries (pair),0,Household,35.00,55.00
2023-02-14,Sewing Needle Pack,0,Household,12.00,25.00
2023-02-15,Cooking Oil 1L,30,Pantry,60.00,75.00
2023-02-15,Bear Brand Powdered Milk 320g,9,Dairy,70.00,90.00
2023-02-15,Alaska Evap Milk 370ml,5,Dairy,32.00,42.00
2023-02-15,Ligo Sardines 155g,0,Canned Goods,18.00,25.00
2023-02-15,Sunsilk Shampoo Sachet,2,Body Care,5.00,8.00
2023-02-15,Biogesic 500mg Tablet,1,Medicine,4.00,7.00
2023-02-15,AA Batteries (pair),1,Household,35.00,55.00
2023-02-15,Sewing Needle Pack,0,Household,12.00,25.00
2023-02-16,Cooking Oil 1L,25,Pantry,60.00,75.00
2023-02-16,Bear Brand Powdered Milk 320g,10,Dairy,70.00,90.00
2023-02-16,Alaska Evap Milk 370ml,1,Dairy,32.00,42.00
2023-02-16,Ligo Sardines 155g,3,Canned Goods,18.00,25.00
2023-02-16,Sunsilk Shampoo Sachet,1,Body Care,5.00,8.00
2023-02-16,Biogesic 500mg Tablet,0,Medicine,4.00,7.00
2023-02-16,AA Batteries (pair),2,Household,35.00,55.00
2023-02-16,Sewing Needle Pack,0,Household,12.00,25.00
2023-02-17,Cooking Oil 1L,36,Pantry,60.00,75.00
2023-02-17,Bear Brand Powdered Milk 320g,22,Dairy,70.00,90.00
2023-02-17,Alaska Evap Milk 370ml,3,Dairy,32.00,42.00
2023-02-17,Ligo Sardines 155g,2,Canned Goods,18.00,25.00
2023-02-17,Sunsilk Shampoo Sachet,0,Body Care,5.00,8.00
2023-02-17,Biogesic 500mg Tablet,0,Medicine,4.00,7.00
2023-02-17,AA Batteries (pair),0,Household,35.00,55.00
2023-02-17,Sewing Needle Pack,0,Household,12.00,25.00
2023-02-18,Cooking Oil 1L,35,Pantry,60.00,75.00
2023-02-18,Bear Brand Powdered Milk 320g,7,Dairy,70.00,90.00
2023-02-18,Alaska Evap Milk 370ml,3,Dairy,32.00,42.00
2023-02-18,Ligo Sardines 155g,1,Canned Goods,18.00,25.00
2023-02-18,Sunsilk Shampoo Sachet,0,Body Care,5.00,8.00
2023-02-18,Biogesic 500mg Tablet,1,Medicine,4.00,7.00
2023-02-18,AA Batteries (pair),0,Household,35.00,55.00
2023-02-18,Sewing Needle Pack,0,Household,12.00,25.00
2023-02-19,Cooking Oil 1L,26,Pantry,60.00,75.00
2023-02-19,Bear Brand Powdered Milk 320g,14,Dairy,70.00,90.00
2023-02-19,Alaska Evap Milk 370ml,6,Dairy,32.00,42.00
2023-02-19,Ligo Sardines 155g,0,Canned Goods,18.00,25.00
2023-02-19,Sunsilk Shampoo Sachet,0,Body Care,5.00,8.00
2023-02-19,Biogesic 500mg Tablet,0,Medicine,4.00,7.00
2023-02-19,AA Batteries (pair),0,Household,35.00,55.00
2023-02-19,Sewing Needle Pack,0,Household,12.00,25.00
2023-02-20,Cooking Oil 1L,23,Pantry,60.00,75.00
2023-02-20,Bear Brand Powdered Milk 320g,21,Dairy,70.00,90.00
2023-02-20,Alaska Evap Milk 370ml,6,Dairy,32.00,42.00
2023-02-20,Ligo Sardines 155g,1,Canned Goods,18.00,25.00
2023-02-20,Sunsilk Shampoo Sachet,0,Body Care,5.00,8.00
2023-02-20,Biogesic 500mg Tablet,0,Medicine,4.00,7.00
2023-02-20,AA Batteries (pair),0,Household,35.00,55.00
2023-02-20,Sewing Needle Pack,0,Household,12.00,25.00
2023-02-21,Cooking Oil 1L,28,Pantry,60.00,75.00
2023-02-21,Bear Brand Powdered Milk 320g,13,Dairy,70.00,90.00
2023-02-21,Alaska Evap Milk 370ml,3,Dairy,32.00,42.00
2023-02-21,Ligo Sardines 155g,4,Canned Goods,18.00,25.00
2023-02-21,Sunsilk Shampoo Sachet,1,Body Care,5.00,8.00
2023-02-21,Biogesic 500mg Tablet,1,Medicine,4.00,7.00
2023-02-21,AA Batteries (pair),0,Household,35.00,55.00
2023-02-21,Sewing Needle Pack,0,Household,12.00,25.00
2023-02-22,Cooking Oil 1L,29,Pantry,60.00,75.00
2023-02-22,Bear Brand Powdered Milk 320g,6,Dairy,70.00,90.00
2023-02-22,Alaska Evap Milk 370ml,9,Dairy,32.00,42.00
2023-02-22,Ligo Sardines 155g,2,Canned Goods,18.00,25.00
2023-02-22,Sunsilk Shampoo Sachet,3,Body Care,5.00,8.00
2023-02-22,Biogesic 500mg Tablet,0,Medicine,4.00,7.00
2023-02-22,AA Batteries (pair),0,Household,35.00,55.00
2023-02-22,Sewing Needle Pack,0,Household,12.00,25.00
2023-02-23,Cooking Oil 1L,22,Pantry,60.00,75.00
2023-02-23,Bear Brand Powdered Milk 320g,22,Dairy,70.00,90.00
2023-02-23,Alaska Evap Milk 370ml,8,Dairy,32.00,42.00
2023-02-23,Ligo Sardines 155g,6,Canned Goods,18.00,25.00
2023-02-23,Sunsilk Shampoo Sachet,0,Body Care,5.00,8.00
2023-02-23,Biogesic 500mg Tablet,0,Medicine,4.00,7.00
2023-02-23,AA Batteries (pair),0,Household,35.00,55.00
2023-02-23,Sewing Needle Pack,0,Household,12.00,25.00
2023-02-24,Cooking Oil 1L,42,Pantry,60.00,75.00
2023-02-24,Bear Brand Powdered Milk 320g,19,Dairy,70.00,90.00
2023-02-24,Alaska Evap Milk 370ml,0,Dairy,32.00,42.00
2023-02-24,Ligo Sardines 155g,8,Canned Goods,18.00,25.00
2023-02-24,Sunsilk Shampoo Sachet,2,Body Care,5.00,8.00
2023-02-24,Biogesic 500mg Tablet,0,Medicine,4.00,7.00
2023-02-24,AA Batteries (pair),1,Household,35.00,55.00
2023-02-24,Sewing Needle Pack,0,Household,12.00,25.00
2023-02-25,Cooking Oil 1L,38,Pantry,60.00,75.00
2023-02-25,Bear Brand Powdered Milk 320g,20,Dairy,70.00,90.00
2023-02-25,Alaska Evap Milk 370ml,5,Dairy,32.00,42.00
2023-02-25,Ligo Sardines 155g,0,Canned Goods,18.00,25.00
2023-02-25,Sunsilk Shampoo Sachet,3,Body Care,5.00,8.00
2023-02-25,Biogesic 500mg Tablet,0,Medicine,4.00,7.00
2023-02-25,AA Batteries (pair),1,Household,35.00,55.00
2023-02-25,Sewing Needle Pack,0,Household,12.00,25.00
2023-02-26,Cooking Oil 1L,41,Pantry,60.00,75.00
2023-02-26,Bear Brand Powdered Milk 320g,14,Dairy,70.00,90.00
2023-02-26,Alaska Evap Milk 370ml,7,Dairy,32.00,42.00
2023-02-26,Ligo Sardines 155g,7,Canned Goods,18.00,25.00
2023-02-26,Sunsilk Shampoo Sachet,0,Body Care,5.00,8.00
2023-02-26,Biogesic 500mg Tablet,0,Medicine,4.00,7.00
2023-02-26,AA Batteries (pair),0,Household,35.00,55.00
2023-02-26,Sewing Needle Pack,0,Household,12.00,25.00
2023-02-27,Cooking Oil 1L,45,Pantry,60.00,75.00
2023-02-27,Bear Brand Powdered Milk 320g,20,Dairy,70.00,90.00
2023-02-27,Alaska Evap Milk 370ml,1,Dairy,32.00,42.00
2023-02-27,Ligo Sardines 155g,3,Canned Goods,18.00,25.00
2023-02-27,Sunsilk Shampoo Sachet,1,Body Care,5.00,8.00
2023-02-27,Biogesic 500mg Tablet,0,Medicine,4.00,7.00
2023-02-27,AA Batteries (pair),0,Household,35.00,55.00
2023-02-27,Sewing Needle Pack,1,Household,12.00,25.00
2023-02-28,Cooking Oil 1L,54,Pantry,60.00,75.00
2023-02-28,Bear Brand Powdered Milk 320g,21,Dairy,70.00,90.00
2023-02-28,Alaska Evap Milk 370ml,2,Dairy,32.00,42.00
2023-02-28,Ligo Sardines 155g,2,Canned Goods,18.00,25.00
2023-02-28,Sunsilk Shampoo Sachet,3,Body Care,5.00,8.00
2023-02-28,Biogesic 500mg Tablet,0,Medicine,4.00,7.00
2023-02-28,AA Batteries (pair),0,Household,35.00,55.00
2023-02-28,Sewing Needle Pack,1,Household,12.00,25.00
2023-03-01,Cooking Oil 1L,15,Pantry,60.00,75.00
2023-03-01,Bear Brand Powdered Milk 320g,13,Dairy,70.00,90.00
2023-03-01,Alaska Evap Milk 370ml,0,Dairy,32.00,42.00
2023-03-01,Ligo Sardines 155g,2,Canned Goods,18.00,25.00
2023-03-01,Sunsilk Shampoo Sachet,0,Body Care,5.00,8.00
2023-03-01,Biogesic 500mg Tablet,0,Medicine,4.00,7.00
2023-03-01,AA Batteries (pair),0,Household,35.00,55.00
2023-03-01,Sewing Needle Pack,0,Household,12.00,25.00
2023-03-02,Cooking Oil 1L,26,Pantry,60.00,75.00
2023-03-02,Bear Brand Powdered Milk 320g,8,Dairy,70.00,90.00
2023-03-02,Alaska Evap Milk 370ml,2,Dairy,32.00,42.00
2023-03-02,Ligo Sardines 155g,1,Canned Goods,18.00,25.00
2023-03-02,Sunsilk Shampoo Sachet,1,Body Care,5.00,8.00
2023-03-02,Biogesic 500mg Tablet,0,Medicine,4.00,7.00
2023-03-02,AA Batteries (pair),1,Household,35.00,55.00
2023-03-02,Sewing Needle Pack,0,Household,12.00,25.00
2023-03-03,Cooking Oil 1L,44,Pantry,60.00,75.00
2023-03-03,Bear Brand Powdered Milk 320g,12,Dairy,70.00,90.00
2023-03-03,Alaska Evap Milk 370ml,5,Dairy,32.00,42.00
2023-03-03,Ligo Sardines 155g,5,Canned Goods,18.00,25.00
2023-03-03,Sunsilk Shampoo Sachet,1,Body Care,5.00,8.00
2023-03-03,Biogesic 500mg Tablet,1,Medicine,4.00,7.00
2023-03-03,AA Batteries (pair),0,Household,35.00,55.00
2023-03-03,Sewing Needle Pack,0,Household,12.00,25.00
2023-03-04,Cooking Oil 1L,33,Pantry,60.00,75.00
2023-03-04,Bear Brand Powdered Milk 320g,10,Dairy,70.00,90.00
2023-03-04,Alaska Evap Milk 370ml,1,Dairy,32.00,42.00
2023-03-04,Ligo Sardines 155g,1,Canned Goods,18.00,25.00
2023-03-04,Sunsilk Shampoo Sachet,0,Body Care,5.00,8.00
2023-03-04,Biogesic 500mg Tablet,0,Medicine,4.00,7.00
2023-03-04,AA Batteries (pair),0,Household,35.00,55.00
2023-03-04,Sewing Needle Pack,0,Household,12.00,25.00
2023-03-05,Cooking Oil 1L,34,Pantry,60.00,75.00
2023-03-05,Bear Brand Powdered Milk 320g,22,Dairy,70.00,90.00
2023-03-05,Alaska Evap Milk 370ml,5,Dairy,32.00,42.00
2023-03-05,Ligo Sardines 155g,1,Canned Goods,18.00,25.00
2023-03-05,Sunsilk Shampoo Sachet,2,Body Care,5.00,8.00
2023-03-05,Biogesic 500mg Tablet,0,Medicine,4.00,7.00
2023-03-05,AA Batteries (pair),0,Household,35.00,55.00
2023-03-05,Sewing Needle Pack,0,Household,12.00,25.00
2023-03-06,Cooking Oil 1L,23,Pantry,60.00,75.00
2023-03-06,Bear Brand Powdered Milk 320g,15,Dairy,70.00,90.00
2023-03-06,Alaska Evap Milk 370ml,12,Dairy,32.00,42.00
2023-03-06,Ligo Sardines 155g,2,Canned Goods,18.00,25.00
2023-03-06,Sunsilk Shampoo Sachet,0,Body Care,5.00,8.00
2023-03-06,Biogesic 500mg Tablet,0,Medicine,4.00,7.00
2023-03-06,AA Batteries (pair),0,Household,35.00,55.00
2023-03-06,Sewing Needle Pack,0,Household,12.00,25.00
2023-03-07,Cooking Oil 1L,15,Pantry,60.00,75.00
2023-03-07,Bear Brand Powdered Milk 320g,12,Dairy,70.00,90.00
2023-03-07,Alaska Evap Milk 370ml,3,Dairy,32.00,42.00
2023-03-07,Ligo Sardines 155g,0,Canned Goods,18.00,25.00
2023-03-07,Sunsilk Shampoo Sachet,2,Body Care,5.00,8.00
2023-03-07,Biogesic 500mg Tablet,1,Medicine,4.00,7.00
2023-03-07,AA Batteries (pair),0,Household,35.00,55.00
2023-03-07,Sewing Needle Pack,0,Household,12.00,25.00
2023-03-08,Cooking Oil 1L,26,Pantry,60.00,75.00
2023-03-08,Bear Brand Powdered Milk 320g,8,Dairy,70.00,90.00
2023-03-08,Alaska Evap Milk 370ml,4,Dairy,32.00,42.00
2023-03-08,Ligo Sardines 155g,4,Canned Goods,18.00,25.00
2023-03-08,Sunsilk Shampoo Sachet,1,Body Care,5.00,8.00
2023-03-08,Biogesic 500mg Tablet,0,Medicine,4.00,7.00
2023-03-08,AA Batteries (pair),0,Household,35.00,55.00
2023-03-08,Sewing Needle Pack,0,Household,12.00,25.00
2023-03-09,Cooking Oil 1L,24,Pantry,60.00,75.00
2023-03-09,Bear Brand Powdered Milk 320g,16,Dairy,70.00,90.00
2023-03-09,Alaska Evap Milk 370ml,3,Dairy,32.00,42.00
2023-03-09,Ligo Sardines 155g,2,Canned Goods,18.00,25.00
2023-03-09,Sunsilk Shampoo Sachet,0,Body Care,5.00,8.00
2023-03-09,Biogesic 500mg Tablet,2,Medicine,4.00,7.00
2023-03-09,AA Batteries (pair),0,Household,35.00,55.00
2023-03-09,Sewing Needle Pack,0,Household,12.00,25.00
2023-03-10,Cooking Oil 1L,46,Pantry,60.00,75.00
2023-03-10,Bear Brand Powdered Milk 320g,15,Dairy,70.00,90.00
2023-03-10,Alaska Evap Milk 370ml,4,Dairy,32.00,42.00
2023-03-10,Ligo Sardines 155g,5,Canned Goods,18.00,25.00
2023-03-10,Sunsilk Shampoo Sachet,0,Body Care,5.00,8.00
2023-03-10,Biogesic 500mg Tablet,0,Medicine,4.00,7.00
2023-03-10,AA Batteries (pair),0,Household,35.00,55.00
2023-03-10,Sewing Needle Pack,0,Household,12.00,25.00
2023-03-11,Cooking Oil 1L,35,Pantry,60.00,75.00
2023-03-11,Bear Brand Powdered Milk 320g,21,Dairy,70.00,90.00
2023-03-11,Alaska Evap Milk 370ml,5,Dairy,32.00,42.00
2023-03-11,Ligo Sardines 155g,2,Canned Goods,18.00,25.00
2023-03-11,Sunsilk Shampoo Sachet,2,Body Care,5.00,8.00
2023-03-11,Biogesic 500mg Tablet,0,Medicine,4.00,7.00
2023-03-11,AA Batteries (pair),0,Household,35.00,55.00
2023-03-11,Sewing Needle Pack,1,Household,12.00,25.00
2023-03-12,Cooking Oil 1L,27,Pantry,60.00,75.00
2023-03-12,Bear Brand Powdered Milk 320g,12,Dairy,70.00,90.00
2023-03-12,Alaska Evap Milk 370ml,4,Dairy,32.00,42.00
2023-03-12,Ligo Sardines 155g,5,Canned Goods,18.00,25.00
2023-03-12,Sunsilk Shampoo Sachet,0,Body Care,5.00,8.00
2023-03-12,Biogesic 500mg Tablet,0,Medicine,4.00,7.00
2023-03-12,AA Batteries (pair),0,Household,35.00,55.00
2023-03-12,Sewing Needle Pack,0,Household,12.00,25.00
2023-03-13,Cooking Oil 1L,32,Pantry,60.00,75.00
2023-03-13,Bear Brand Powdered Milk 320g,12,Dairy,70.00,90.00
2023-03-13,Alaska Evap Milk 370ml,7,Dairy,32.00,42.00
2023-03-13,Ligo Sardines 155g,0,Canned Goods,18.00,25.00
2023-03-13,Sunsilk Shampoo Sachet,2,Body Care,5.00,8.00
2023-03-13,Biogesic 500mg Tablet,2,Medicine,4.00,7.00
2023-03-13,AA Batteries (pair),0,Household,35.00,55.00
2023-03-13,Sewing Needle Pack,1,Household,12.00,25.00
2023-03-14,Cooking Oil 1L,34,Pantry,60.00,75.00
2023-03-14,Bear Brand Powdered Milk 320g,4,Dairy,70.00,90.00
2023-03-14,Alaska Evap Milk 370ml,4,Dairy,32.00,42.00
2023-03-14,Ligo Sardines 155g,2,Canned Goods,18.00,25.00
2023-03-14,Sunsilk Shampoo Sachet,1,Body Care,5.00,8.00
2023-03-14,Biogesic 500mg Tablet,0,Medicine,4.00,7.00
2023-03-14,AA Batteries (pair),0,Household,35.00,55.00
2023-03-14,Sewing Needle Pack,0,Household,12.00,25.00
2023-03-15,Cooking Oil 1L,37,Pantry,60.00,75.00
2023-03-15,Bear Brand Powdered Milk 320g,10,Dairy,70.00,90.00
2023-03-15,Alaska Evap Milk 370ml,3,Dairy,32.00,42.00
2023-03-15,Ligo Sardines 155g,1,Canned Goods,18.00,25.00
2023-03-15,Sunsilk Shampoo Sachet,0,Body Care,5.00,8.00
2023-03-15,Biogesic 500mg Tablet,0,Medicine,4.00,7.00
2023-03-15,AA Batteries (pair),1,Household,35.00,55.00
2023-03-15,Sewing Needle Pack,0,Household,12.00,25.00
2023-03-16,Cooking Oil 1L,18,Pantry,60.00,75.00
2023-03-16,Bear Brand Powdered Milk 320g,7,Dairy,70.00,90.00
2023-03-16,Alaska Evap Milk 370ml,2,Dairy,32.00,42.00
2023-03-16,Ligo Sardines 155g,3,Canned Goods,18.00,25.00
2023-03-16,Sunsilk Shampoo Sachet,2,Body Care,5.00,8.00
2023-03-16,Biogesic 500mg Tablet,2,Medicine,4.00,7.00
2023-03-16,AA Batteries (pair),0,Household,35.00,55.00
2023-03-16,Sewing Needle Pack,1,Household,12.00,25.00
2023-03-17,Cooking Oil 1L,38,Pantry,60.00,75.00
2023-03-17,Bear Brand Powdered Milk 320g,11,Dairy,70.00,90.00
2023-03-17,Alaska Evap Milk 370ml,3,Dairy,32.00,42.00
2023-03-17,Ligo Sardines 155g,3,Canned Goods,18.00,25.00
2023-03-17,Sunsilk Shampoo Sachet,1,Body Care,5.00,8.00
2023-03-17,Biogesic 500mg Tablet,0,Medicine,4.00,7.00
2023-03-17,AA Batteries (pair),0,Household,35.00,55.00
2023-03-17,Sewing Needle Pack,0,Household,12.00,25.00
2023-03-18,Cooking Oil 1L,50,Pantry,60.00,75.00
2023-03-18,Bear Brand Powdered Milk 320g,18,Dairy,70.00,90.00
2023-03-18,Alaska Evap Milk 370ml,12,Dairy,32.00,42.00
2023-03-18,Ligo Sardines 155g,1,Canned Goods,18.00,25.00
2023-03-18,Sunsilk Shampoo Sachet,0,Body Care,5.00,8.00
2023-03-18,Biogesic 500mg Tablet,1,Medicine,4.00,7.00
2023-03-18,AA Batteries (pair),0,Household,35.00,55.00
2023-03-18,Sewing Needle Pack,0,Household,12.00,25.00
2023-03-19,Cooking Oil 1L,24,Pantry,60.00,75.00
2023-03-19,Bear Brand Powdered Milk 320g,15,Dairy,70.00,90.00
2023-03-19,Alaska Evap Milk 370ml,7,Dairy,32.00,42.00
2023-03-19,Ligo Sardines 155g,3,Canned Goods,18.00,25.00
2023-03-19,Sunsilk Shampoo Sachet,0,Body Care,5.00,8.00
2023-03-19,Biogesic 500mg Tablet,0,Medicine,4.00,7.00
2023-03-19,AA Batteries (pair),1,Household,35.00,55.00
2023-03-19,Sewing Needle Pack,0,Household,12.00,25.00
2023-03-20,Cooking Oil 1L,38,Pantry,60.00,75.00
2023-03-20,Bear Brand Powdered Milk 320g,5,Dairy,70.00,90.00
2023-03-20,Alaska Evap Milk 370ml,0,Dairy,32.00,42.00
2023-03-20,Ligo Sardines 155g,0,Canned Goods,18.00,25.00
2023-03-20,Sunsilk Shampoo Sachet,0,Body Care,5.00,8.00
2023-03-20,Biogesic 500mg Tablet,0,Medicine,4.00,7.00
2023-03-20,AA Batteries (pair),0,Household,35.00,55.00
2023-03-20,Sewing Needle Pack,0,Household,12.00,25.00
2023-03-21,Cooking Oil 1L,15,Pantry,60.00,75.00
2023-03-21,Bear Brand Powdered Milk 320g,15,Dairy,70.00,90.00
2023-03-21,Alaska Evap Milk 370ml,1,Dairy,32.00,42.00
2023-03-21,Ligo Sardines 155g,2,Canned Goods,18.00,25.00
2023-03-21,Sunsilk Shampoo Sachet,0,Body Care,5.00,8.00
2023-03-21,Biogesic 500mg Tablet,0,Medicine,4.00,7.00
2023-03-21,AA Batteries (pair),0,Household,35.00,55.00
2023-03-21,Sewing Needle Pack,0,Household,12.00,25.00
2023-03-22,Cooking Oil 1L,43,Pantry,60.00,75.00
2023-03-22,Bear Brand Powdered Milk 320g,9,Dairy,70.00,90.00
2023-03-22,Alaska Evap Milk 370ml,9,Dairy,32.00,42.00
2023-03-22,Ligo Sardines 155g,4,Canned Goods,18.00,25.00
2023-03-22,Sunsilk Shampoo Sachet,3,Body Care,5.00,8.00
2023-03-22,Biogesic 500mg Tablet,0,Medicine,4.00,7.00
2023-03-22,AA Batteries (pair),0,Household,35.00,55.00
2023-03-22,Sewing Needle Pack,0,Household,12.00,25.00
2023-03-23,Cooking Oil 1L,21,Pantry,60.00,75.00
2023-03-23,Bear Brand Powdered Milk 320g,16,Dairy,70.00,90.00
2023-03-23,Alaska Evap Milk 370ml,3,Dairy,32.00,42.00
2023-03-23,Ligo Sardines 155g,0,Canned Goods,18.00,25.00
2023-03-23,Sunsilk Shampoo Sachet,0,Body Care,5.00,8.00
2023-03-23,Biogesic 500mg Tablet,0,Medicine,4.00,7.00
2023-03-23,AA Batteries (pair),0,Household,35.00,55.00
2023-03-23,Sewing Needle Pack,1,Household,12.00,25.00
2023-03-24,Cooking Oil 1L,29,Pantry,60.00,75.00
2023-03-24,Bear Brand Powdered Milk 320g,16,Dairy,70.00,90.00
2023-03-24,Alaska Evap Milk 370ml,4,Dairy,32.00,42.00
2023-03-24,Ligo Sardines 155g,3,Canned Goods,18.00,25.00
2023-03-24,Sunsilk Shampoo Sachet,1,Body Care,5.00,8.00
2023-03-24,Biogesic 500mg Tablet,0,Medicine,4.00,7.00
2023-03-24,AA Batteries (pair),0,Household,35.00,55.00
2023-03-24,Sewing Needle Pack,0,Household,12.00,25.00
2023-03-25,Cooking Oil 1L,19,Pantry,60.00,75.00
2023-03-25,Bear Brand Powdered Milk 320g,16,Dairy,70.00,90.00
2023-03-25,Alaska Evap Milk 370ml,3,Dairy,32.00,42.00
2023-03-25,Ligo Sardines 155g,2,Canned Goods,18.00,25.00
2023-03-25,Sunsilk Shampoo Sachet,1,Body Care,5.00,8.00
2023-03-25,Biogesic 500mg Tablet,0,Medicine,4.00,7.00
2023-03-25,AA Batteries (pair),0,Household,35.00,55.00
2023-03-25,Sewing Needle Pack,0,Household,12.00,25.00
2023-03-26,Cooking Oil 1L,42,Pantry,60.00,75.00
2023-03-26,Bear Brand Powdered Milk 320g,16,Dairy,70.00,90.00
2023-03-26,Alaska Evap Milk 370ml,7,Dairy,32.00,42.00
2023-03-26,Ligo Sardines 155g,5,Canned Goods,18.00,25.00
2023-03-26,Sunsilk Shampoo Sachet,3,Body Care,5.00,8.00
2023-03-26,Biogesic 500mg Tablet,0,Medicine,4.00,7.00
2023-03-26,AA Batteries (pair),0,Household,35.00,55.00
2023-03-26,Sewing Needle Pack,0,Household,12.00,25.00
2023-03-27,Cooking Oil 1L,36,Pantry,60.00,75.00
2023-03-27,Bear Brand Powdered Milk 320g,9,Dairy,70.00,90.00
2023-03-27,Alaska Evap Milk 370ml,3,Dairy,32.00,42.00
2023-03-27,Ligo Sardines 155g,3,Canned Goods,18.00,25.00
2023-03-27,Sunsilk Shampoo Sachet,4,Body Care,5.00,8.00
2023-03-27,Biogesic 500mg Tablet,0,Medicine,4.00,7.00
2023-03-27,AA Batteries (pair),0,Household,35.00,55.00
2023-03-27,Sewing Needle Pack,0,Household,12.00,25.00
2023-03-28,Cooking Oil 1L,29,Pantry,60.00,75.00
2023-03-28,Bear Brand Powdered Milk 320g,9,Dairy,70.00,90.00
2023-03-28,Alaska Evap Milk 370ml,3,Dairy,32.00,42.00
2023-03-28,Ligo Sardines 155g,1,Canned Goods,18.00,25.00
2023-03-28,Sunsilk Shampoo Sachet,1,Body Care,5.00,8.00
2023-03-28,Biogesic 500mg Tablet,0,Medicine,4.00,7.00
2023-03-28,AA Batteries (pair),0,Household,35.00,55.00
2023-03-28,Sewing Needle Pack,0,Household,12.00,25.00
2023-03-29,Cooking Oil 1L,39,Pantry,60.00,75.00
2023-03-29,Bear Brand Powdered Milk 320g,15,Dairy,70.00,90.00
2023-03-29,Alaska Evap Milk 370ml,4,Dairy,32.00,42.00
2023-03-29,Ligo Sardines 155g,2,Canned Goods,18.00,25.00
2023-03-29,Sunsilk Shampoo Sachet,0,Body Care,5.00,8.00
2023-03-29,Biogesic 500mg Tablet,0,Medicine,4.00,7.00
2023-03-29,AA Batteries (pair),1,Household,35.00,55.00
2023-03-29,Sewing Needle Pack,0,Household,12.00,25.00
2023-03-30,Cooking Oil 1L,49,Pantry,60.00,75.00
2023-03-30,Bear Brand Powdered Milk 320g,21,Dairy,70.00,90.00
2023-03-30,Alaska Evap Milk 370ml,3,Dairy,32.00,42.00
2023-03-30,Ligo Sardines 155g,1,Canned Goods,18.00,25.00
2023-03-30,Sunsilk Shampoo Sachet,0,Body Care,5.00,8.00
2023-03-30,Biogesic 500mg Tablet,1,Medicine,4.00,7.00
2023-03-30,AA Batteries (pair),1,Household,35.00,55.00
2023-03-30,Sewing Needle Pack,0,Household,12.00,25.00
2023-03-31,Cooking Oil 1L,47,Pantry,60.00,75.00
2023-03-31,Bear Brand Powdered Milk 320g,48,Dairy,70.00,90.00
2023-03-31,Alaska Evap Milk 370ml,6,Dairy,32.00,42.00
2023-03-31,Ligo Sardines 155g,7,Canned Goods,18.00,25.00
2023-03-31,Sunsilk Shampoo Sachet,0,Body Care,5.00,8.00
2023-03-31,Biogesic 500mg Tablet,1,Medicine,4.00,7.00
2023-03-31,AA Batteries (pair),1,Household,35.00,55.00
2023-03-31,Sewing Needle Pack,0,Household,12.00,25.00
2023-04-01,Cooking Oil 1L,35,Pantry,60.00,75.00
2023-04-01,Bear Brand Powdered Milk 320g,20,Dairy,70.00,90.00
2023-04-01,Alaska Evap Milk 370ml,6,Dairy,32.00,42.00
2023-04-01,Ligo Sardines 155g,2,Canned Goods,18.00,25.00
2023-04-01,Sunsilk Shampoo Sachet,0,Body Care,5.00,8.00
2023-04-01,Biogesic 500mg Tablet,0,Medicine,4.00,7.00
2023-04-01,AA Batteries (pair),1,Household,35.00,55.00
2023-04-01,Sewing Needle Pack,0,Household,12.00,25.00
2023-04-02,Cooking Oil 1L,62,Pantry,60.00,75.00
2023-04-02,Bear Brand Powdered Milk 320g,13,Dairy,70.00,90.00
2023-04-02,Alaska Evap Milk 370ml,11,Dairy,32.00,42.00
2023-04-02,Ligo Sardines 155g,3,Canned Goods,18.00,25.00
2023-04-02,Sunsilk Shampoo Sachet,2,Body Care,5.00,8.00
2023-04-02,Biogesic 500mg Tablet,1,Medicine,4.00,7.00
2023-04-02,AA Batteries (pair),0,Household,35.00,55.00
2023-04-02,Sewing Needle Pack,0,Household,12.00,25.00
2023-04-03,Cooking Oil 1L,39,Pantry,60.00,75.00
2023-04-03,Bear Brand Powdered Milk 320g,12,Dairy,70.00,90.00
2023-04-03,Alaska Evap Milk 370ml,7,Dairy,32.00,42.00
2023-04-03,Ligo Sardines 155g,2,Canned Goods,18.00,25.00
2023-04-03,Sunsilk Shampoo Sachet,0,Body Care,5.00,8.00
2023-04-03,Biogesic 500mg Tablet,0,Medicine,4.00,7.00
2023-04-03,AA Batteries (pair),1,Household,35.00,55.00
2023-04-03,Sewing Needle Pack,0,Household,12.00,25.00
2023-04-04,Cooking Oil 1L,35,Pantry,60.00,75.00
2023-04-04,Bear Brand Powdered Milk 320g,9,Dairy,70.00,90.00
2023-04-04,Alaska Evap Milk 370ml,6,Dairy,32.00,42.00
2023-04-04,Ligo Sardines 155g,4,Canned Goods,18.00,25.00
2023-04-04,Sunsilk Shampoo Sachet,4,Body Care,5.00,8.00
2023-04-04,Biogesic 500mg Tablet,0,Medicine,4.00,7.00
2023-04-04,AA Batteries (pair),0,Household,35.00,55.00
2023-04-04,Sewing Needle Pack,0,Household,12.00,25.00
2023-04-05,Cooking Oil 1L,30,Pantry,60.00,75.00
2023-04-05,Bear Brand Powdered Milk 320g,17,Dairy,70.00,90.00
2023-04-05,Alaska Evap Milk 370ml,3,Dairy,32.00,42.00
2023-04-05,Ligo Sardines 155g,3,Canned Goods,18.00,25.00
2023-04-05,Sunsilk Shampoo Sachet,2,Body Care,5.00,8.00
2023-04-05,Biogesic 500mg Tablet,2,Medicine,4.00,7.00
2023-04-05,AA Batteries (pair),0,Household,35.00,55.00
2023-04-05,Sewing Needle Pack,0,Household,12.00,25.00
2023-04-06,Cooking Oil 1L,37,Pantry,60.00,75.00
2023-04-06,Bear Brand Powdered Milk 320g,16,Dairy,70.00,90.00
2023-04-06,Alaska Evap Milk 370ml,8,Dairy,32.00,42.00
2023-04-06,Ligo Sardines 155g,0,Canned Goods,18.00,25.00
2023-04-06,Sunsilk Shampoo Sachet,0,Body Care,5.00,8.00
2023-04-06,Biogesic 500mg Tablet,0,Medicine,4.00,7.00
2023-04-06,AA Batteries (pair),0,Household,35.00,55.00
2023-04-06,Sewing Needle Pack,0,Household,12.00,25.00
2023-04-07,Cooking Oil 1L,42,Pantry,60.00,75.00
2023-04-07,Bear Brand Powdered Milk 320g,19,Dairy,70.00,90.00
2023-04-07,Alaska Evap Milk 370ml,6,Dairy,32.00,42.00
2023-04-07,Ligo Sardines 155g,2,Canned Goods,18.00,25.00
2023-04-07,Sunsilk Shampoo Sachet,4,Body Care,5.00,8.00
2023-04-07,Biogesic 500mg Tablet,0,Medicine,4.00,7.00
2023-04-07,AA Batteries (pair),0,Household,35.00,55.00
2023-04-07,Sewing Needle Pack,0,Household,12.00,25.00
2023-04-08,Cooking Oil 1L,59,Pantry,60.00,75.00
2023-04-08,Bear Brand Powdered Milk 320g,20,Dairy,70.00,90.00
2023-04-08,Alaska Evap Milk 370ml,9,Dairy,32.00,42.00
2023-04-08,Ligo Sardines 155g,4,Canned Goods,18.00,25.00
2023-04-08,Sunsilk Shampoo Sachet,2,Body Care,5.00,8.00
2023-04-08,Biogesic 500mg Tablet,0,Medicine,4.00,7.00
2023-04-08,AA Batteries (pair),1,Household,35.00,55.00
2023-04-08,Sewing Needle Pack,0,Household,12.00,25.00
2023-04-09,Cooking Oil 1L,41,Pantry,60.00,75.00
2023-04-09,Bear Brand Powdered Milk 320g,15,Dairy,70.00,90.00
2023-04-09,Alaska Evap Milk 370ml,8,Dairy,32.00,42.00
2023-04-09,Ligo Sardines 155g,0,Canned Goods,18.00,25.00
2023-04-09,Sunsilk Shampoo Sachet,0,Body Care,5.00,8.00
2023-04-09,Biogesic 500mg Tablet,0,Medicine,4.00,7.00
2023-04-09,AA Batteries (pair),0,Household,35.00,55.00
2023-04-09,Sewing Needle Pack,0,Household,12.00,25.00
2023-04-10,Cooking Oil 1L,28,Pantry,60.00,75.00
2023-04-10,Bear Brand Powdered Milk 320g,10,Dairy,70.00,90.00
2023-04-10,Alaska Evap Milk 370ml,4,Dairy,32.00,42.00
2023-04-10,Ligo Sardines 155g,1,Canned Goods,18.00,25.00
2023-04-10,Sunsilk Shampoo Sachet,1,Body Care,5.00,8.00
2023-04-10,Biogesic 500mg Tablet,0,Medicine,4.00,7.00
2023-04-10,AA Batteries (pair),0,Household,35.00,55.00
2023-04-10,Sewing Needle Pack,0,Household,12.00,25.00
2023-04-11,Cooking Oil 1L,27,Pantry,60.00,75.00
2023-04-11,Bear Brand Powdered Milk 320g,8,Dairy,70.00,90.00
2023-04-11,Alaska Evap Milk 370ml,3,Dairy,32.00,42.00
2023-04-11,Ligo Sardines 155g,1,Canned Goods,18.00,25.00
2023-04-11,Sunsilk Shampoo Sachet,1,Body Care,5.00,8.00
2023-04-11,Biogesic 500mg Tablet,0,Medicine,4.00,7.00
2023-04-11,AA Batteries (pair),0,Household,35.00,55.00
2023-04-11,Sewing Needle Pack,0,Household,12.00,25.00
2023-04-12,Cooking Oil 1L,32,Pantry,60.00,75.00
2023-04-12,Bear Brand Powdered Milk 320g,14,Dairy,70.00,90.00
2023-04-12,Alaska Evap Milk 370ml,5,Dairy,32.00,42.00
2023-04-12,Ligo Sardines 155g,2,Canned Goods,18.00,25.00
2023-04-12,Sunsilk Shampoo Sachet,2,Body Care,5.00,8.00
2023-04-12,Biogesic 500mg Tablet,0,Medicine,4.00,7.00
2023-04-12,AA Batteries (pair),1,Household,35.00,55.00
2023-04-12,Sewing Needle Pack,0,Household,12.00,25.00
2023-04-13,Cooking Oil 1L,36,Pantry,60.00,75.00
2023-04-13,Bear Brand Powdered Milk 320g,20,Dairy,70.00,90.00
2023-04-13,Alaska Evap Milk 370ml,5,Dairy,32.00,42.00
2023-04-13,Ligo Sardines 155g,4,Canned Goods,18.00,25.00
2023-04-13,Sunsilk Shampoo Sachet,0,Body Care,5.00,8.00
2023-04-13,Biogesic 500mg Tablet,0,Medicine,4.00,7.00
2023-04-13,AA Batteries (pair),0,Household,35.00,55.00
2023-04-13,Sewing Needle Pack,0,Household,12.00,25.00
2023-04-14,Cooking Oil 1L,48,Pantry,60.00,75.00
2023-04-14,Bear Brand Powdered Milk 320g,17,Dairy,70.00,90.00
2023-04-14,Alaska Evap Milk 370ml,4,Dairy,32.00,42.00
2023-04-14,Ligo Sardines 155g,2,Canned Goods,18.00,25.00
2023-04-14,Sunsilk Shampoo Sachet,0,Body Care,5.00,8.00
2023-04-14,Biogesic 500mg Tablet,0,Medicine,4.00,7.00
2023-04-14,AA Batteries (pair),0,Household,35.00,55.00
2023-04-14,Sewing Needle Pack,0,Household,12.00,25.00
2023-04-15,Cooking Oil 1L,49,Pantry,60.00,75.00
2023-04-15,Bear Brand Powdered Milk 320g,14,Dairy,70.00,90.00
2023-04-15,Alaska Evap Milk 370ml,4,Dairy,32.00,42.00
2023-04-15,Ligo Sardines 155g,5,Canned Goods,18.00,25.00
2023-04-15,Sunsilk Shampoo Sachet,0,Body Care,5.00,8.00
2023-04-15,Biogesic 500mg Tablet,0,Medicine,4.00,7.00
2023-04-15,AA Batteries (pair),0,Household,35.00,55.00
2023-04-15,Sewing Needle Pack,1,Household,12.00,25.00
2023-04-16,Cooking Oil 1L,28,Pantry,60.00,75.00
2023-04-16,Bear Brand Powdered Milk 320g,17,Dairy,70.00,90.00
2023-04-16,Alaska Evap Milk 370ml,8,Dairy,32.00,42.00
2023-04-16,Ligo Sardines 155g,2,Canned Goods,18.00,25.00
2023-04-16,Sunsilk Shampoo Sachet,0,Body Care,5.00,8.00
2023-04-16,Biogesic 500mg Tablet,1,Medicine,4.00,7.00
2023-04-16,AA Batteries (pair),0,Household,35.00,55.00
2023-04-16,Sewing Needle Pack,0,Household,12.00,25.00
2023-04-17,Cooking Oil 1L,27,Pantry,60.00,75.00
2023-04-17,Bear Brand Powdered Milk 320g,13,Dairy,70.00,90.00
2023-04-17,Alaska Evap Milk 370ml,5,Dairy,32.00,42.00
2023-04-17,Ligo Sardines 155g,0,Canned Goods,18.00,25.00
2023-04-17,Sunsilk Shampoo Sachet,3,Body Care,5.00,8.00
2023-04-17,Biogesic 500mg Tablet,1,Medicine,4.00,7.00
2023-04-17,AA Batteries (pair),0,Household,35.00,55.00
2023-04-17,Sewing Needle Pack,0,Household,12.00,25.00
2023-04-18,Cooking Oil 1L,34,Pantry,60.00,75.00
2023-04-18,Bear Brand Powdered Milk 320g,14,Dairy,70.00,90.00
2023-04-18,Alaska Evap Milk 370ml,4,Dairy,32.00,42.00
2023-04-18,Ligo Sardines 155g,0,Canned Goods,18.00,25.00
2023-04-18,Sunsilk Shampoo Sachet,1,Body Care,5.00,8.00
2023-04-18,Biogesic 500mg Tablet,0,Medicine,4.00,7.00
2023-04-18,AA Batteries (pair),0,Household,35.00,55.00
2023-04-18,Sewing Needle Pack,0,Household,12.00,25.00
2023-04-19,Cooking Oil 1L,27,Pantry,60.00,75.00
2023-04-19,Bear Brand Powdered Milk 320g,17,Dairy,70.00,90.00
2023-04-19,Alaska Evap Milk 370ml,1,Dairy,32.00,42.00
2023-04-19,Ligo Sardines 155g,1,Canned Goods,18.00,25.00
2023-04-19,Sunsilk Shampoo Sachet,1,Body Care,5.00,8.00
2023-04-19,Biogesic 500mg Tablet,2,Medicine,4.00,7.00
2023-04-19,AA Batteries (pair),0,Household,35.00,55.00
2023-04-19,Sewing Needle Pack,0,Household,12.00,25.00
2023-04-20,Cooking Oil 1L,19,Pantry,60.00,75.00
2023-04-20,Bear Brand Powdered Milk 320g,17,Dairy,70.00,90.00
2023-04-20,Alaska Evap Milk 370ml,3,Dairy,32.00,42.00
2023-04-20,Ligo Sardines 155g,2,Canned Goods,18.00,25.00
2023-04-20,Sunsilk Shampoo Sachet,4,Body Care,5.00,8.00
2023-04-20,Biogesic 500mg Tablet,1,Medicine,4.00,7.00
2023-04-20,AA Batteries (pair),0,Household,35.00,55.00
2023-04-20,Sewing Needle Pack,0,Household,12.00,25.00
2023-04-21,Cooking Oil 1L,24,Pantry,60.00,75.00
2023-04-21,Bear Brand Powdered Milk 320g,8,Dairy,70.00,90.00
2023-04-21,Alaska Evap Milk 370ml,5,Dairy,32.00,42.00
2023-04-21,Ligo Sardines 155g,0,Canned Goods,18.00,25.00
2023-04-21,Sunsilk Shampoo Sachet,0,Body Care,5.00,8.00
2023-04-21,Biogesic 500mg Tablet,0,Medicine,4.00,7.00
2023-04-21,AA Batteries (pair),0,Household,35.00,55.00
2023-04-21,Sewing Needle Pack,0,Household,12.00,25.00
2023-04-22,Cooking Oil 1L,42,Pantry,60.00,75.00
2023-04-22,Bear Brand Powdered Milk 320g,13,Dairy,70.00,90.00
2023-04-22,Alaska Evap Milk 370ml,8,Dairy,32.00,42.00
2023-04-22,Ligo Sardines 155g,5,Canned Goods,18.00,25.00
2023-04-22,Sunsilk Shampoo Sachet,2,Body Care,5.00,8.00
2023-04-22,Biogesic 500mg Tablet,0,Medicine,4.00,7.00
2023-04-22,AA Batteries (pair),1,Household,35.00,55.00
2023-04-22,Sewing Needle Pack,0,Household,12.00,25.00
2023-04-23,Cooking Oil 1L,11,Pantry,60.00,75.00
2023-04-23,Bear Brand Powdered Milk 320g,10,Dairy,70.00,90.00
2023-04-23,Alaska Evap Milk 370ml,2,Dairy,32.00,42.00
2023-04-23,Ligo Sardines 155g,0,Canned Goods,18.00,25.00
2023-04-23,Sunsilk Shampoo Sachet,1,Body Care,5.00,8.00
2023-04-23,Biogesic 500mg Tablet,0,Medicine,4.00,7.00
2023-04-23,AA Batteries (pair),2,Household,35.00,55.00
2023-04-23,Sewing Needle Pack,0,Household,12.00,25.00
2023-04-24,Cooking Oil 1L,30,Pantry,60.00,75.00
2023-04-24,Bear Brand Powdered Milk 320g,13,Dairy,70.00,90.00
2023-04-24,Alaska Evap Milk 370ml,6,Dairy,32.00,42.00
2023-04-24,Ligo Sardines 155g,1,Canned Goods,18.00,25.00
2023-04-24,Sunsilk Shampoo Sachet,0,Body Care,5.00,8.00
2023-04-24,Biogesic 500mg Tablet,2,Medicine,4.00,7.00
2023-04-24,AA Batteries (pair),0,Household,35.00,55.00
2023-04-24,Sewing Needle Pack,0,Household,12.00,25.00
2023-04-25,Cooking Oil 1L,22,Pantry,60.00,75.00
2023-04-25,Bear Brand Powdered Milk 320g,14,Dairy,70.00,90.00
2023-04-25,Alaska Evap Milk 370ml,9,Dairy,32.00,42.00
2023-04-25,Ligo Sardines 155g,3,Canned Goods,18.00,25.00
2023-04-25,Sunsilk Shampoo Sachet,1,Body Care,5.00,8.00
2023-04-25,Biogesic 500mg Tablet,0,Medicine,4.00,7.00
2023-04-25,AA Batteries (pair),0,Household,35.00,55.00
2023-04-25,Sewing Needle Pack,0,Household,12.00,25.00
2023-04-26,Cooking Oil 1L,18,Pantry,60.00,75.00
2023-04-26,Bear Brand Powdered Milk 320g,15,Dairy,70.00,90.00
2023-04-26,Alaska Evap Milk 370ml,3,Dairy,32.00,42.00
2023-04-26,Ligo Sardines 155g,1,Canned Goods,18.00,25.00
2023-04-26,Sunsilk Shampoo Sachet,0,Body Care,5.00,8.00
2023-04-26,Biogesic 500mg Tablet,0,Medicine,4.00,7.00
2023-04-26,AA Batteries (pair),0,Household,35.00,55.00
2023-04-26,Sewing Needle Pack,0,Household,12.00,25.00
2023-04-27,Cooking Oil 1L,22,Pantry,60.00,75.00
2023-04-27,Bear Brand Powdered Milk 320g,14,Dairy,70.00,90.00
2023-04-27,Alaska Evap Milk 370ml,1,Dairy,32.00,42.00
2023-04-27,Ligo Sardines 155g,3,Canned Goods,18.00,25.00
2023-04-27,Sunsilk Shampoo Sachet,1,Body Care,5.00,8.00
2023-04-27,Biogesic 500mg Tablet,0,Medicine,4.00,7.00
2023-04-27,AA Batteries (pair),0,Household,35.00,55.00
2023-04-27,Sewing Needle Pack,0,Household,12.00,25.00
2023-04-28,Cooking Oil 1L,57,Pantry,60.00,75.00
2023-04-28,Bear Brand Powdered Milk 320g,13,Dairy,70.00,90.00
2023-04-28,Alaska Evap Milk 370ml,6,Dairy,32.00,42.00
2023-04-28,Ligo Sardines 155g,3,Canned Goods,18.00,25.00
2023-04-28,Sunsilk Shampoo Sachet,1,Body Care,5.00,8.00
2023-04-28,Biogesic 500mg Tablet,2,Medicine,4.00,7.00
2023-04-28,AA Batteries (pair),0,Household,35.00,55.00
2023-04-28,Sewing Needle Pack,0,Household,12.00,25.00
2023-04-29,Cooking Oil 1L,41,Pantry,60.00,75.00
2023-04-29,Bear Brand Powdered Milk 320g,15,Dairy,70.00,90.00
2023-04-29,Alaska Evap Milk 370ml,6,Dairy,32.00,42.00
2023-04-29,Ligo Sardines 155g,5,Canned Goods,18.00,25.00
2023-04-29,Sunsilk Shampoo Sachet,2,Body Care,5.00,8.00
2023-04-29,Biogesic 500mg Tablet,0,Medicine,4.00,7.00
2023-04-29,AA Batteries (pair),0,Household,35.00,55.00
2023-04-29,Sewing Needle Pack,0,Household,12.00,25.00
2023-04-30,Cooking Oil 1L,47,Pantry,60.00,75.00
2023-04-30,Bear Brand Powdered Milk 320g,17,Dairy,70.00,90.00
2023-04-30,Alaska Evap Milk 370ml,4,Dairy,32.00,42.00
2023-04-30,Ligo Sardines 155g,0,Canned Goods,18.00,25.00
2023-04-30,Sunsilk Shampoo Sachet,2,Body Care,5.00,8.00
2023-04-30,Biogesic 500mg Tablet,2,Medicine,4.00,7.00
2023-04-30,AA Batteries (pair),0,Household,35.00,55.00
2023-04-30,Sewing Needle Pack,0,Household,12.00,25.00
2023-05-01,Cooking Oil 1L,23,Pantry,60.00,75.00
2023-05-01,Bear Brand Powdered Milk 320g,10,Dairy,70.00,90.00
2023-05-01,Alaska Evap Milk 370ml,4,Dairy,32.00,42.00
2023-05-01,Ligo Sardines 155g,4,Canned Goods,18.00,25.00
2023-05-01,Sunsilk Shampoo Sachet,1,Body Care,5.00,8.00
2023-05-01,Biogesic 500mg Tablet,0,Medicine,4.00,7.00
2023-05-01,AA Batteries (pair),0,Household,35.00,55.00
2023-05-01,Sewing Needle Pack,0,Household,12.00,25.00
2023-05-02,Cooking Oil 1L,27,Pantry,60.00,75.00
2023-05-02,Bear Brand Powdered Milk 320g,14,Dairy,70.00,90.00
2023-05-02,Alaska Evap Milk 370ml,3,Dairy,32.00,42.00
2023-05-02,Ligo Sardines 155g,1,Canned Goods,18.00,25.00
2023-05-02,Sunsilk Shampoo Sachet,2,Body Care,5.00,8.00
2023-05-02,Biogesic 500mg Tablet,0,Medicine,4.00,7.00
2023-05-02,AA Batteries (pair),0,Household,35.00,55.00
2023-05-02,Sewing Needle Pack,0,Household,12.00,25.00
2023-05-03,Cooking Oil 1L,36,Pantry,60.00,75.00
2023-05-03,Bear Brand Powdered Milk 320g,15,Dairy,70.00,90.00
2023-05-03,Alaska Evap Milk 370ml,2,Dairy,32.00,42.00
2023-05-03,Ligo Sardines 155g,0,Canned Goods,18.00,25.00
2023-05-03,Sunsilk Shampoo Sachet,0,Body Care,5.00,8.00
2023-05-03,Biogesic 500mg Tablet,1,Medicine,4.00,7.00
2023-05-03,AA Batteries (pair),1,Household,35.00,55.00
2023-05-03,Sewing Needle Pack,0,Household,12.00,25.00
2023-05-04,Cooking Oil 1L,36,Pantry,60.00,75.00
2023-05-04,Bear Brand Powdered Milk 320g,18,Dairy,70.00,90.00
2023-05-04,Alaska Evap Milk 370ml,4,Dairy,32.00,42.00
2023-05-04,Ligo Sardines 155g,1,Canned Goods,18.00,25.00
2023-05-04,Sunsilk Shampoo Sachet,1,Body Care,5.00,8.00
2023-05-04,Biogesic 500mg Tablet,1,Medicine,4.00,7.00
2023-05-04,AA Batteries (pair),0,Household,35.00,55.00
2023-05-04,Sewing Needle Pack,0,Household,12.00,25.00
2023-05-05,Cooking Oil 1L,25,Pantry,60.00,75.00
2023-05-05,Bear Brand Powdered Milk 320g,10,Dairy,70.00,90.00
2023-05-05,Alaska Evap Milk 370ml,8,Dairy,32.00,42.00
2023-05-05,Ligo Sardines 155g,0,Canned Goods,18.00,25.00
2023-05-05,Sunsilk Shampoo Sachet,1,Body Care,5.00,8.00
2023-05-05,Biogesic 500mg Tablet,0,Medicine,4.00,7.00
2023-05-05,AA Batteries (pair),0,Household,35.00,55.00
2023-05-05,Sewing Needle Pack,0,Household,12.00,25.00
2023-05-06,Cooking Oil 1L,34,Pantry,60.00,75.00
2023-05-06,Bear Brand Powdered Milk 320g,14,Dairy,70.00,90.00
2023-05-06,Alaska Evap Milk 370ml,5,Dairy,32.00,42.00
2023-05-06,Ligo Sardines 155g,5,Canned Goods,18.00,25.00
2023-05-06,Sunsilk Shampoo Sachet,3,Body Care,5.00,8.00
2023-05-06,Biogesic 500mg Tablet,1,Medicine,4.00,7.00
2023-05-06,AA Batteries (pair),0,Household,35.00,55.00
2023-05-06,Sewing Needle Pack,1,Household,12.00,25.00
2023-05-07,Cooking Oil 1L,30,Pantry,60.00,75.00
2023-05-07,Bear Brand Powdered Milk 320g,11,Dairy,70.00,90.00
2023-05-07,Alaska Evap Milk 370ml,4,Dairy,32.00,42.00
2023-05-07,Ligo Sardines 155g,2,Canned Goods,18.00,25.00
2023-05-07,Sunsilk Shampoo Sachet,2,Body Care,5.00,8.00
2023-05-07,Biogesic 500mg Tablet,3,Medicine,4.00,7.00
2023-05-07,AA Batteries (pair),0,Household,35.00,55.00
2023-05-07,Sewing Needle Pack,0,Household,12.00,25.00
2023-05-08,Cooking Oil 1L,16,Pantry,60.00,75.00
2023-05-08,Bear Brand Powdered Milk 320g,13,Dairy,70.00,90.00
2023-05-08,Alaska Evap Milk 370ml,6,Dairy,32.00,42.00
2023-05-08,Ligo Sardines 155g,1,Canned Goods,18.00,25.00
2023-05-08,Sunsilk Shampoo Sachet,2,Body Care,5.00,8.00
2023-05-08,Biogesic 500mg Tablet,0,Medicine,4.00,7.00
2023-05-08,AA Batteries (pair),0,Household,35.00,55.00
2023-05-08,Sewing Needle Pack,0,Household,12.00,25.00
2023-05-09,Cooking Oil 1L,38,Pantry,60.00,75.00
2023-05-09,Bear Brand Powdered Milk 320g,13,Dairy,70.00,90.00
2023-05-09,Alaska Evap Milk 370ml,2,Dairy,32.00,42.00
2023-05-09,Ligo Sardines 155g,1,Canned Goods,18.00,25.00
2023-05-09,Sunsilk Shampoo Sachet,2,Body Care,5.00,8.00
2023-05-09,Biogesic 500mg Tablet,2,Medicine,4.00,7.00
2023-05-09,AA Batteries (pair),0,Household,35.00,55.00
2023-05-09,Sewing Needle Pack,0,Household,12.00,25.00
2023-05-10,Cooking Oil 1L,13,Pantry,60.00,75.00
2023-05-10,Bear Brand Powdered Milk 320g,9,Dairy,70.00,90.00
2023-05-10,Alaska Evap Milk 370ml,3,Dairy,32.00,42.00
2023-05-10,Ligo Sardines 155g,3,Canned Goods,18.00,25.00
2023-05-10,Sunsilk Shampoo Sachet,3,Body Care,5.00,8.00
2023-05-10,Biogesic 500mg Tablet,1,Medicine,4.00,7.00
2023-05-10,AA Batteries (pair),0,Household,35.00,55.00
2023-05-10,Sewing Needle Pack,1,Household,12.00,25.00
2023-05-11,Cooking Oil 1L,24,Pantry,60.00,75.00
2023-05-11,Bear Brand Powdered Milk 320g,11,Dairy,70.00,90.00
2023-05-11,Alaska Evap Milk 370ml,4,Dairy,32.00,42.00
2023-05-11,Ligo Sardines 155g,2,Canned Goods,18.00,25.00
2023-05-11,Sunsilk Shampoo Sachet,1,Body Care,5.00,8.00
2023-05-11,Biogesic 500mg Tablet,0,Medicine,4.00,7.00
2023-05-11,AA Batteries (pair),0,Household,35.00,55.00
2023-05-11,Sewing Needle Pack,1,Household,12.00,25.00
2023-05-12,Cooking Oil 1L,49,Pantry,60.00,75.00
2023-05-12,Bear Brand Powdered Milk 320g,25,Dairy,70.00,90.00
2023-05-12,Alaska Evap Milk 370ml,6,Dairy,32.00,42.00
2023-05-12,Ligo Sardines 155g,3,Canned Goods,18.00,25.00
2023-05-12,Sunsilk Shampoo Sachet,2,Body Care,5.00,8.00
2023-05-12,Biogesic 500mg Tablet,0,Medicine,4.00,7.00
2023-05-12,AA Batteries (pair),1,Household,35.00,55.00
2023-05-12,Sewing Needle Pack,0,Household,12.00,25.00
2023-05-13,Cooking Oil 1L,30,Pantry,60.00,75.00
2023-05-13,Bear Brand Powdered Milk 320g,14,Dairy,70.00,90.00
2023-05-13,Alaska Evap Milk 370ml,3,Dairy,32.00,42.00
2023-05-13,Ligo Sardines 155g,3,Canned Goods,18.00,25.00
2023-05-13,Sunsilk Shampoo Sachet,1,Body Care,5.00,8.00
2023-05-13,Biogesic 500mg Tablet,0,Medicine,4.00,7.00
2023-05-13,AA Batteries (pair),0,Household,35.00,55.00
2023-05-13,Sewing Needle Pack,0,Household,12.00,25.00
2023-05-14,Cooking Oil 1L,23,Pantry,60.00,75.00
2023-05-14,Bear Brand Powdered Milk 320g,6,Dairy,70.00,90.00
2023-05-14,Alaska Evap Milk 370ml,1,Dairy,32.00,42.00
2023-05-14,Ligo Sardines 155g,2,Canned Goods,18.00,25.00
2023-05-14,Sunsilk Shampoo Sachet,1,Body Care,5.00,8.00
2023-05-14,Biogesic 500mg Tablet,2,Medicine,4.00,7.00
2023-05-14,AA Batteries (pair),0,Household,35.00,55.00
2023-05-14,Sewing Needle Pack,0,Household,12.00,25.00
2023-05-15,Cooking Oil 1L,31,Pantry,60.00,75.00
2023-05-15,Bear Brand Powdered Milk 320g,11,Dairy,70.00,90.00
2023-05-15,Alaska Evap Milk 370ml,4,Dairy,32.00,42.00
2023-05-15,Ligo Sardines 155g,2,Canned Goods,18.00,25.00
2023-05-15,Sunsilk Shampoo Sachet,0,Body Care,5.00,8.00
2023-05-15,Biogesic 500mg Tablet,1,Medicine,4.00,7.00
2023-05-15,AA Batteries (pair),0,Household,35.00,55.00
2023-05-15,Sewing Needle Pack,0,Household,12.00,25.00
2023-05-16,Cooking Oil 1L,24,Pantry,60.00,75.00
2023-05-16,Bear Brand Powdered Milk 320g,8,Dairy,70.00,90.00
2023-05-16,Alaska Evap Milk 370ml,4,Dairy,32.00,42.00
2023-05-16,Ligo Sardines 155g,2,Canned Goods,18.00,25.00
2023-05-16,Sunsilk Shampoo Sachet,2,Body Care,5.00,8.00
2023-05-16,Biogesic 500mg Tablet,0,Medicine,4.00,7.00
2023-05-16,AA Batteries (pair),0,Household,35.00,55.00
2023-05-16,Sewing Needle Pack,0,Household,12.00,25.00
2023-05-17,Cooking Oil 1L,43,Pantry,60.00,75.00
2023-05-17,Bear Brand Powdered Milk 320g,12,Dairy,70.00,90.00
2023-05-17,Alaska Evap Milk 370ml,0,Dairy,32.00,42.00
2023-05-17,Ligo Sardines 155g,1,Canned Goods,18.00,25.00
2023-05-17,Sunsilk Shampoo Sachet,0,Body Care,5.00,8.00
2023-05-17,Biogesic 500mg Tablet,1,Medicine,4.00,7.00
2023-05-17,AA Batteries (pair),0,Household,35.00,55.00
2023-05-17,Sewing Needle Pack,0,Household,12.00,25.00
2023-05-18,Cooking Oil 1L,23,Pantry,60.00,75.00
2023-05-18,Bear Brand Powdered Milk 320g,18,Dairy,70.00,90.00
2023-05-18,Alaska Evap Milk 370ml,2,Dairy,32.00,42.00
2023-05-18,Ligo Sardines 155g,1,Canned Goods,18.00,25.00
2023-05-18,Sunsilk Shampoo Sachet,1,Body Care,5.00,8.00
2023-05-18,Biogesic 500mg Tablet,0,Medicine,4.00,7.00
2023-05-18,AA Batteries (pair),0,Household,35.00,55.00
2023-05-18,Sewing Needle Pack,0,Household,12.00,25.00
2023-05-19,Cooking Oil 1L,49,Pantry,60.00,75.00
2023-05-19,Bear Brand Powdered Milk 320g,17,Dairy,70.00,90.00
2023-05-19,Alaska Evap Milk 370ml,5,Dairy,32.00,42.00
2023-05-19,Ligo Sardines 155g,4,Canned Goods,18.00,25.00
2023-05-19,Sunsilk Shampoo Sachet,0,Body Care,5.00,8.00
2023-05-19,Biogesic 500mg Tablet,0,Medicine,4.00,7.00
2023-05-19,AA Batteries (pair),1,Household,35.00,55.00
2023-05-19,Sewing Needle Pack,0,Household,12.00,25.00
2023-05-20,Cooking Oil 1L,42,Pantry,60.00,75.00
2023-05-20,Bear Brand Powdered Milk 320g,27,Dairy,70.00,90.00
2023-05-20,Alaska Evap Milk 370ml,12,Dairy,32.00,42.00
2023-05-20,Ligo Sardines 155g,0,Canned Goods,18.00,25.00
2023-05-20,Sunsilk Shampoo Sachet,0,Body Care,5.00,8.00
2023-05-20,Biogesic 500mg Tablet,1,Medicine,4.00,7.00
2023-05-20,AA Batteries (pair),0,Household,35.00,55.00
2023-05-20,Sewing Needle Pack,0,Household,12.00,25.00
2023-05-21,Cooking Oil 1L,44,Pantry,60.00,75.00
2023-05-21,Bear Brand Powdered Milk 320g,14,Dairy,70.00,90.00
2023-05-21,Alaska Evap Milk 370ml,7,Dairy,32.00,42.00
2023-05-21,Ligo Sardines 155g,2,Canned Goods,18.00,25.00
2023-05-21,Sunsilk Shampoo Sachet,2,Body Care,5.00,8.00
2023-05-21,Biogesic 500mg Tablet,0,Medicine,4.00,7.00
2023-05-21,AA Batteries (pair),0,Household,35.00,55.00
2023-05-21,Sewing Needle Pack,0,Household,12.00,25.00
2023-05-22,Cooking Oil 1L,23,Pantry,60.00,75.00
2023-05-22,Bear Brand Powdered Milk 320g,13,Dairy,70.00,90.00
2023-05-22,Alaska Evap Milk 370ml,1,Dairy,32.00,42.00
2023-05-22,Ligo Sardines 155g,1,Canned Goods,18.00,25.00
2023-05-22,Sunsilk Shampoo Sachet,1,Body Care,5.00,8.00
2023-05-22,Biogesic 500mg Tablet,0,Medicine,4.00,7.00
2023-05-22,AA Batteries (pair),0,Household,35.00,55.00
2023-05-22,Sewing Needle Pack,0,Household,12.00,25.00
2023-05-23,Cooking Oil 1L,26,Pantry,60.00,75.00
2023-05-23,Bear Brand Powdered Milk 320g,4,Dairy,70.00,90.00
2023-05-23,Alaska Evap Milk 370ml,6,Dairy,32.00,42.00
2023-05-23,Ligo Sardines 155g,2,Canned Goods,18.00,25.00
2023-05-23,Sunsilk Shampoo Sachet,0,Body Care,5.00,8.00
2023-05-23,Biogesic 500mg Tablet,1,Medicine,4.00,7.00
2023-05-23,AA Batteries (pair),0,Household,35.00,55.00
2023-05-23,Sewing Needle Pack,0,Household,12.00,25.00
2023-05-24,Cooking Oil 1L,26,Pantry,60.00,75.00
2023-05-24,Bear Brand Powdered Milk 320g,15,Dairy,70.00,90.00
2023-05-24,Alaska Evap Milk 370ml,1,Dairy,32.00,42.00
2023-05-24,Ligo Sardines 155g,1,Canned Goods,18.00,25.00
2023-05-24,Sunsilk Shampoo Sachet,1,Body Care,5.00,8.00
2023-05-24,Biogesic 500mg Tablet,1,Medicine,4.00,7.00
2023-05-24,AA Batteries (pair),0,Household,35.00,55.00
2023-05-24,Sewing Needle Pack,0,Household,12.00,25.00
2023-05-25,Cooking Oil 1L,24,Pantry,60.00,75.00
2023-05-25,Bear Brand Powdered Milk 320g,8,Dairy,70.00,90.00
2023-05-25,Alaska Evap Milk 370ml,3,Dairy,32.00,42.00
2023-05-25,Ligo Sardines 155g,2,Canned Goods,18.00,25.00
2023-05-25,Sunsilk Shampoo Sachet,2,Body Care,5.00,8.00
2023-05-25,Biogesic 500mg Tablet,0,Medicine,4.00,7.00
2023-05-25,AA Batteries (pair),0,Household,35.00,55.00
2023-05-25,Sewing Needle Pack,1,Household,12.00,25.00
2023-05-26,Cooking Oil 1L,23,Pantry,60.00,75.00
2023-05-26,Bear Brand Powdered Milk 320g,15,Dairy,70.00,90.00
2023-05-26,Alaska Evap Milk 370ml,3,Dairy,32.00,42.00
2023-05-26,Ligo Sardines 155g,3,Canned Goods,18.00,25.00
2023-05-26,Sunsilk Shampoo Sachet,0,Body Care,5.00,8.00
2023-05-26,Biogesic 500mg Tablet,1,Medicine,4.00,7.00
2023-05-26,AA Batteries (pair),1,Household,35.00,55.00
2023-05-26,Sewing Needle Pack,0,Household,12.00,25.00
2023-05-27,Cooking Oil 1L,37,Pantry,60.00,75.00
2023-05-27,Bear Brand Powdered Milk 320g,16,Dairy,70.00,90.00
2023-05-27,Alaska Evap Milk 370ml,3,Dairy,32.00,42.00
2023-05-27,Ligo Sardines 155g,4,Canned Goods,18.00,25.00
2023-05-27,Sunsilk Shampoo Sachet,1,Body Care,5.00,8.00
2023-05-27,Biogesic 500mg Tablet,1,Medicine,4.00,7.00
2023-05-27,AA Batteries (pair),0,Household,35.00,55.00
2023-05-27,Sewing Needle Pack,0,Household,12.00,25.00
2023-05-28,Cooking Oil 1L,27,Pantry,60.00,75.00
2023-05-28,Bear Brand Powdered Milk 320g,12,Dairy,70.00,90.00
2023-05-28,Alaska Evap Milk 370ml,5,Dairy,32.00,42.00
2023-05-28,Ligo Sardines 155g,1,Canned Goods,18.00,25.00
2023-05-28,Sunsilk Shampoo Sachet,0,Body Care,5.00,8.00
2023-05-28,Biogesic 500mg Tablet,0,Medicine,4.00,7.00
2023-05-28,AA Batteries (pair),0,Household,35.00,55.00
2023-05-28,Sewing Needle Pack,0,Household,12.00,25.00
2023-05-29,Cooking Oil 1L,43,Pantry,60.00,75.00
2023-05-29,Bear Brand Powdered Milk 320g,24,Dairy,70.00,90.00
2023-05-29,Alaska Evap Milk 370ml,7,Dairy,32.00,42.00
2023-05-29,Ligo Sardines 155g,6,Canned Goods,18.00,25.00
2023-05-29,Sunsilk Shampoo Sachet,0,Body Care,5.00,8.00
2023-05-29,Biogesic 500mg Tablet,0,Medicine,4.00,7.00
2023-05-29,AA Batteries (pair),1,Household,35.00,55.00
2023-05-29,Sewing Needle Pack,0,Household,12.00,25.00
2023-05-30,Cooking Oil 1L,43,Pantry,60.00,75.00
2023-05-30,Bear Brand Powdered Milk 320g,31,Dairy,70.00,90.00
2023-05-30,Alaska Evap Milk 370ml,3,Dairy,32.00,42.00
2023-05-30,Ligo Sardines 155g,2,Canned Goods,18.00,25.00
2023-05-30,Sunsilk Shampoo Sachet,1,Body Care,5.00,8.00
2023-05-30,Biogesic 500mg Tablet,0,Medicine,4.00,7.00
2023-05-30,AA Batteries (pair),1,Household,35.00,55.00
2023-05-30,Sewing Needle Pack,0,Household,12.00,25.00
2023-05-31,Cooking Oil 1L,26,Pantry,60.00,75.00
2023-05-31,Bear Brand Powdered Milk 320g,18,Dairy,70.00,90.00
2023-05-31,Alaska Evap Milk 370ml,6,Dairy,32.00,42.00
2023-05-31,Ligo Sardines 155g,5,Canned Goods,18.00,25.00
2023-05-31,Sunsilk Shampoo Sachet,2,Body Care,5.00,8.00
2023-05-31,Biogesic 500mg Tablet,0,Medicine,4.00,7.00
2023-05-31,AA Batteries (pair),0,Household,35.00,55.00
2023-05-31,Sewing Needle Pack,0,Household,12.00,25.00
2023-06-01,Cooking Oil 1L,32,Pantry,60.00,75.00
2023-06-01,Bear Brand Powdered Milk 320g,6,Dairy,70.00,90.00
2023-06-01,Alaska Evap Milk 370ml,6,Dairy,32.00,42.00
2023-06-01,Ligo Sardines 155g,1,Canned Goods,18.00,25.00
2023-06-01,Sunsilk Shampoo Sachet,3,Body Care,5.00,8.00
2023-06-01,Biogesic 500mg Tablet,0,Medicine,4.00,7.00
2023-06-01,AA Batteries (pair),0,Household,35.00,55.00
2023-06-01,Sewing Needle Pack,0,Household,12.00,25.00
2023-06-02,Cooking Oil 1L,32,Pantry,60.00,75.00
2023-06-02,Bear Brand Powdered Milk 320g,16,Dairy,70.00,90.00
2023-06-02,Alaska Evap Milk 370ml,5,Dairy,32.00,42.00
2023-06-02,Ligo Sardines 155g,5,Canned Goods,18.00,25.00
2023-06-02,Sunsilk Shampoo Sachet,5,Body Care,5.00,8.00
2023-06-02,Biogesic 500mg Tablet,0,Medicine,4.00,7.00
2023-06-02,AA Batteries (pair),0,Household,35.00,55.00
2023-06-02,Sewing Needle Pack,0,Household,12.00,25.00
2023-06-03,Cooking Oil 1L,32,Pantry,60.00,75.00
2023-06-03,Bear Brand Powdered Milk 320g,6,Dairy,70.00,90.00
2023-06-03,Alaska Evap Milk 370ml,3,Dairy,32.00,42.00
2023-06-03,Ligo Sardines 155g,1,Canned Goods,18.00,25.00
2023-06-03,Sunsilk Shampoo Sachet,1,Body Care,5.00,8.00
2023-06-03,Biogesic 500mg Tablet,0,Medicine,4.00,7.00
2023-06-03,AA Batteries (pair),0,Household,35.00,55.00
2023-06-03,Sewing Needle Pack,0,Household,12.00,25.00
2023-06-04,Cooking Oil 1L,35,Pantry,60.00,75.00
2023-06-04,Bear Brand Powdered Milk 320g,18,Dairy,70.00,90.00
2023-06-04,Alaska Evap Milk 370ml,3,Dairy,32.00,42.00
2023-06-04,Ligo Sardines 155g,5,Canned Goods,18.00,25.00
2023-06-04,Sunsilk Shampoo Sachet,0,Body Care,5.00,8.00
2023-06-04,Biogesic 500mg Tablet,0,Medicine,4.00,7.00
2023-06-04,AA Batteries (pair),1,Household,35.00,55.00
2023-06-04,Sewing Needle Pack,0,Household,12.00,25.00
2023-06-05,Cooking Oil 1L,21,Pantry,60.00,75.00
2023-06-05,Bear Brand Powdered Milk 320g,19,Dairy,70.00,90.00
2023-06-05,Alaska Evap Milk 370ml,1,Dairy,32.00,42.00
2023-06-05,Ligo Sardines 155g,7,Canned Goods,18.00,25.00
2023-06-05,Sunsilk Shampoo Sachet,0,Body Care,5.00,8.00
2023-06-05,Biogesic 500mg Tablet,1,Medicine,4.00,7.00
2023-06-05,AA Batteries (pair),1,Household,35.00,55.00
2023-06-05,Sewing Needle Pack,1,Household,12.00,25.00
2023-06-06,Cooking Oil 1L,32,Pantry,60.00,75.00
2023-06-06,Bear Brand Powdered Milk 320g,10,Dairy,70.00,90.00
2023-06-06,Alaska Evap Milk 370ml,5,Dairy,32.00,42.00
2023-06-06,Ligo Sardines 155g,1,Canned Goods,18.00,25.00
2023-06-06,Sunsilk Shampoo Sachet,1,Body Care,5.00,8.00
2023-06-06,Biogesic 500mg Tablet,1,Medicine,4.00,7.00
2023-06-06,AA Batteries (pair),0,Household,35.00,55.00
2023-06-06,Sewing Needle Pack,0,Household,12.00,25.00
2023-06-07,Cooking Oil 1L,31,Pantry,60.00,75.00
2023-06-07,Bear Brand Powdered Milk 320g,16,Dairy,70.00,90.00
2023-06-07,Alaska Evap Milk 370ml,3,Dairy,32.00,42.00
2023-06-07,Ligo Sardines 155g,3,Canned Goods,18.00,25.00
2023-06-07,Sunsilk Shampoo Sachet,1,Body Care,5.00,8.00
2023-06-07,Biogesic 500mg Tablet,0,Medicine,4.00,7.00
2023-06-07,AA Batteries (pair),0,Household,35.00,55.00
2023-06-07,Sewing Needle Pack,0,Household,12.00,25.00
2023-06-08,Cooking Oil 1L,22,Pantry,60.00,75.00
2023-06-08,Bear Brand Powdered Milk 320g,11,Dairy,70.00,90.00
2023-06-08,Alaska Evap Milk 370ml,2,Dairy,32.00,42.00
2023-06-08,Ligo Sardines 155g,0,Canned Goods,18.00,25.00
2023-06-08,Sunsilk Shampoo Sachet,2,Body Care,5.00,8.00
2023-06-08,Biogesic 500mg Tablet,0,Medicine,4.00,7.00
2023-06-08,AA Batteries (pair),1,Household,35.00,55.00
2023-06-08,Sewing Needle Pack,0,Household,12.00,25.00
2023-06-09,Cooking Oil 1L,38,Pantry,60.00,75.00
2023-06-09,Bear Brand Powdered Milk 320g,13,Dairy,70.00,90.00
2023-06-09,Alaska Evap Milk 370ml,3,Dairy,32.00,42.00
2023-06-09,Ligo Sardines 155g,3,Canned Goods,18.00,25.00
2023-06-09,Sunsilk Shampoo Sachet,0,Body Care,5.00,8.00
2023-06-09,Biogesic 500mg Tablet,0,Medicine,4.00,7.00
2023-06-09,AA Batteries (pair),0,Household,35.00,55.00
2023-06-09,Sewing Needle Pack,0,Household,12.00,25.00
2023-06-10,Cooking Oil 1L,50,Pantry,60.00,75.00
2023-06-10,Bear Brand Powdered Milk 320g,12,Dairy,70.00,90.00
2023-06-10,Alaska Evap Milk 370ml,4,Dairy,32.00,42.00
2023-06-10,Ligo Sardines 155g,3,Canned Goods,18.00,25.00
2023-06-10,Sunsilk Shampoo Sachet,2,Body Care,5.00,8.00
2023-06-10,Biogesic 500mg Tablet,0,Medicine,4.00,7.00
2023-06-10,AA Batteries (pair),0,Household,35.00,55.00
2023-06-10,Sewing Needle Pack,0,Household,12.00,25.00
2023-06-11,Cooking Oil 1L,42,Pantry,60.00,75.00
2023-06-11,Bear Brand Powdered Milk 320g,12,Dairy,70.00,90.00
2023-06-11,Alaska Evap Milk 370ml,7,Dairy,32.00,42.00
2023-06-11,Ligo Sardines 155g,0,Canned Goods,18.00,25.00
2023-06-11,Sunsilk Shampoo Sachet,0,Body Care,5.00,8.00
2023-06-11,Biogesic 500mg Tablet,0,Medicine,4.00,7.00
2023-06-11,AA Batteries (pair),0,Household,35.00,55.00
2023-06-11,Sewing Needle Pack,0,Household,12.00,25.00
2023-06-12,Cooking Oil 1L,31,Pantry,60.00,75.00
2023-06-12,Bear Brand Powdered Milk 320g,9,Dairy,70.00,90.00
2023-06-12,Alaska Evap Milk 370ml,5,Dairy,32.00,42.00
2023-06-12,Ligo Sardines 155g,2,Canned Goods,18.00,25.00
2023-06-12,Sunsilk Shampoo Sachet,1,Body Care,5.00,8.00
2023-06-12,Biogesic 500mg Tablet,0,Medicine,4.00,7.00
2023-06-12,AA Batteries (pair),1,Household,35.00,55.00
2023-06-12,Sewing Needle Pack,0,Household,12.00,25.00
2023-06-13,Cooking Oil 1L,24,Pantry,60.00,75.00
2023-06-13,Bear Brand Powdered Milk 320g,16,Dairy,70.00,90.00
2023-06-13,Alaska Evap Milk 370ml,4,Dairy,32.00,42.00
2023-06-13,Ligo Sardines 155g,1,Canned Goods,18.00,25.00
2023-06-13,Sunsilk Shampoo Sachet,1,Body Care,5.00,8.00
2023-06-13,Biogesic 500mg Tablet,0,Medicine,4.00,7.00
2023-06-13,AA Batteries (pair),1,Household,35.00,55.00
2023-06-13,Sewing Needle Pack,0,Household,12.00,25.00
2023-06-14,Cooking Oil 1L,28,Pantry,60.00,75.00
2023-06-14,Bear Brand Powdered Milk 320g,15,Dairy,70.00,90.00
2023-06-14,Alaska Evap Milk 370ml,4,Dairy,32.00,42.00
2023-06-14,Ligo Sardines 155g,1,Canned Goods,18.00,25.00
2023-06-14,Sunsilk Shampoo Sachet,1,Body Care,5.00,8.00
2023-06-14,Biogesic 500mg Tablet,1,Medicine,4.00,7.00
2023-06-14,AA Batteries (pair),1,Household,35.00,55.00
2023-06-14,Sewing Needle Pack,0,Household,12.00,25.00
2023-06-15,Cooking Oil 1L,34,Pantry,60.00,75.00
2023-06-15,Bear Brand Powdered Milk 320g,23,Dairy,70.00,90.00
2023-06-15,Alaska Evap Milk 370ml,3,Dairy,32.00,42.00
2023-06-15,Ligo Sardines 155g,2,Canned Goods,18.00,25.00
2023-06-15,Sunsilk Shampoo Sachet,1,Body Care,5.00,8.00
2023-06-15,Biogesic 500mg Tablet,0,Medicine,4.00,7.00
2023-06-15,AA Batteries (pair),0,Household,35.00,55.00
2023-06-15,Sewing Needle Pack,0,Household,12.00,25.00
2023-06-16,Cooking Oil 1L,40,Pantry,60.00,75.00
2023-06-16,Bear Brand Powdered Milk 320g,20,Dairy,70.00,90.00
2023-06-16,Alaska Evap Milk 370ml,2,Dairy,32.00,42.00
2023-06-16,Ligo Sardines 155g,4,Canned Goods,18.00,25.00
2023-06-16,Sunsilk Shampoo Sachet,0,Body Care,5.00,8.00
2023-06-16,Biogesic 500mg Tablet,0,Medicine,4.00,7.00
2023-06-16,AA Batteries (pair),0,Household,35.00,55.00
2023-06-16,Sewing Needle Pack,0,Household,12.00,25.00
2023-06-17,Cooking Oil 1L,24,Pantry,60.00,75.00
2023-06-17,Bear Brand Powdered Milk 320g,11,Dairy,70.00,90.00
2023-06-17,Alaska Evap Milk 370ml,4,Dairy,32.00,42.00
2023-06-17,Ligo Sardines 155g,1,Canned Goods,18.00,25.00
2023-06-17,Sunsilk Shampoo Sachet,3,Body Care,5.00,8.00
2023-06-17,Biogesic 500mg Tablet,1,Medicine,4.00,7.00
2023-06-17,AA Batteries (pair),0,Household,35.00,55.00
2023-06-17,Sewing Needle Pack,1,Household,12.00,25.00
2023-06-18,Cooking Oil 1L,33,Pantry,60.00,75.00
2023-06-18,Bear Brand Powdered Milk 320g,12,Dairy,70.00,90.00
2023-06-18,Alaska Evap Milk 370ml,7,Dairy,32.00,42.00
2023-06-18,Ligo Sardines 155g,3,Canned Goods,18.00,25.00
2023-06-18,Sunsilk Shampoo Sachet,1,Body Care,5.00,8.00
2023-06-18,Biogesic 500mg Tablet,0,Medicine,4.00,7.00
2023-06-18,AA Batteries (pair),0,Household,35.00,55.00
2023-06-18,Sewing Needle Pack,0,Household,12.00,25.00
2023-06-19,Cooking Oil 1L,26,Pantry,60.00,75.00
2023-06-19,Bear Brand Powdered Milk 320g,16,Dairy,70.00,90.00
2023-06-19,Alaska Evap Milk 370ml,5,Dairy,32.00,42.00
2023-06-19,Ligo Sardines 155g,1,Canned Goods,18.00,25.00
2023-06-19,Sunsilk Shampoo Sachet,1,Body Care,5.00,8.00
2023-06-19,Biogesic 500mg Tablet,1,Medicine,4.00,7.00
2023-06-19,AA Batteries (pair),2,Household,35.00,55.00
2023-06-19,Sewing Needle Pack,0,Household,12.00,25.00
2023-06-20,Cooking Oil 1L,21,Pantry,60.00,75.00
2023-06-20,Bear Brand Powdered Milk 320g,7,Dairy,70.00,90.00
2023-06-20,Alaska Evap Milk 370ml,4,Dairy,32.00,42.00
2023-06-20,Ligo Sardines 155g,2,Canned Goods,18.00,25.00
2023-06-20,Sunsilk Shampoo Sachet,3,Body Care,5.00,8.00
2023-06-20,Biogesic 500mg Tablet,1,Medicine,4.00,7.00
2023-06-20,AA Batteries (pair),0,Household,35.00,55.00
2023-06-20,Sewing Needle Pack,0,Household,12.00,25.00
2023-06-21,Cooking Oil 1L,37,Pantry,60.00,75.00
2023-06-21,Bear Brand Powdered Milk 320g,14,Dairy,70.00,90.00
2023-06-21,Alaska Evap Milk 370ml,6,Dairy,32.00,42.00
2023-06-21,Ligo Sardines 155g,3,Canned Goods,18.00,25.00
2023-06-21,Sunsilk Shampoo Sachet,0,Body Care,5.00,8.00
2023-06-21,Biogesic 500mg Tablet,1,Medicine,4.00,7.00
2023-06-21,AA Batteries (pair),0,Household,35.00,55.00
2023-06-21,Sewing Needle Pack,1,Household,12.00,25.00
2023-06-22,Cooking Oil 1L,52,Pantry,60.00,75.00
2023-06-22,Bear Brand Powdered Milk 320g,9,Dairy,70.00,90.00
2023-06-22,Alaska Evap Milk 370ml,7,Dairy,32.00,42.00
2023-06-22,Ligo Sardines 155g,4,Canned Goods,18.00,25.00
2023-06-22,Sunsilk Shampoo Sachet,1,Body Care,5.00,8.00
2023-06-22,Biogesic 500mg Tablet,3,Medicine,4.00,7.00
2023-06-22,AA Batteries (pair),1,Household,35.00,55.00
2023-06-22,Sewing Needle Pack,0,Household,12.00,25.00
2023-06-23,Cooking Oil 1L,35,Pantry,60.00,75.00
2023-06-23,Bear Brand Powdered Milk 320g,16,Dairy,70.00,90.00
2023-06-23,Alaska Evap Milk 370ml,4,Dairy,32.00,42.00
2023-06-23,Ligo Sardines 155g,2,Canned Goods,18.00,25.00
2023-06-23,Sunsilk Shampoo Sachet,0,Body Care,5.00,8.00
2023-06-23,Biogesic 500mg Tablet,0,Medicine,4.00,7.00
2023-06-23,AA Batteries (pair),0,Household,35.00,55.00
2023-06-23,Sewing Needle Pack,0,Household,12.00,25.00
2023-06-24,Cooking Oil 1L,41,Pantry,60.00,75.00
2023-06-24,Bear Brand Powdered Milk 320g,19,Dairy,70.00,90.00
2023-06-24,Alaska Evap Milk 370ml,11,Dairy,32.00,42.00
2023-06-24,Ligo Sardines 155g,2,Canned Goods,18.00,25.00
2023-06-24,Sunsilk Shampoo Sachet,1,Body Care,5.00,8.00
2023-06-24,Biogesic 500mg Tablet,1,Medicine,4.00,7.00
2023-06-24,AA Batteries (pair),0,Household,35.00,55.00
2023-06-24,Sewing Needle Pack,0,Household,12.00,25.00
2023-06-25,Cooking Oil 1L,38,Pantry,60.00,75.00
2023-06-25,Bear Brand Powdered Milk 320g,17,Dairy,70.00,90.00
2023-06-25,Alaska Evap Milk 370ml,0,Dairy,32.00,42.00
2023-06-25,Ligo Sardines 155g,3,Canned Goods,18.00,25.00
2023-06-25,Sunsilk Shampoo Sachet,2,Body Care,5.00,8.00
2023-06-25,Biogesic 500mg Tablet,1,Medicine,4.00,7.00
2023-06-25,AA Batteries (pair),2,Household,35.00,55.00
2023-06-25,Sewing Needle Pack,0,Household,12.00,25.00
2023-06-26,Cooking Oil 1L,36,Pantry,60.00,75.00
2023-06-26,Bear Brand Powdered Milk 320g,17,Dairy,70.00,90.00
2023-06-26,Alaska Evap Milk 370ml,6,Dairy,32.00,42.00
2023-06-26,Ligo Sardines 155g,3,Canned Goods,18.00,25.00
2023-06-26,Sunsilk Shampoo Sachet,2,Body Care,5.00,8.00
2023-06-26,Biogesic 500mg Tablet,0,Medicine,4.00,7.00
2023-06-26,AA Batteries (pair),0,Household,35.00,55.00
2023-06-26,Sewing Needle Pack,0,Household,12.00,25.00
2023-06-27,Cooking Oil 1L,26,Pantry,60.00,75.00
2023-06-27,Bear Brand Powdered Milk 320g,18,Dairy,70.00,90.00
2023-06-27,Alaska Evap Milk 370ml,3,Dairy,32.00,42.00
2023-06-27,Ligo Sardines 155g,1,Canned Goods,18.00,25.00
2023-06-27,Sunsilk Shampoo Sachet,1,Body Care,5.00,8.00
2023-06-27,Biogesic 500mg Tablet,0,Medicine,4.00,7.00
2023-06-27,AA Batteries (pair),0,Household,35.00,55.00
2023-06-27,Sewing Needle Pack,0,Household,12.00,25.00
2023-06-28,Cooking Oil 1L,19,Pantry,60.00,75.00
2023-06-28,Bear Brand Powdered Milk 320g,13,Dairy,70.00,90.00
2023-06-28,Alaska Evap Milk 370ml,7,Dairy,32.00,42.00
2023-06-28,Ligo Sardines 155g,4,Canned Goods,18.00,25.00
2023-06-28,Sunsilk Shampoo Sachet,0,Body Care,5.00,8.00
2023-06-28,Biogesic 500mg Tablet,1,Medicine,4.00,7.00
2023-06-28,AA Batteries (pair),0,Household,35.00,55.00
2023-06-28,Sewing Needle Pack,0,Household,12.00,25.00
2023-06-29,Cooking Oil 1L,49,Pantry,60.00,75.00
2023-06-29,Bear Brand Powdered Milk 320g,19,Dairy,70.00,90.00
2023-06-29,Alaska Evap Milk 370ml,7,Dairy,32.00,42.00
2023-06-29,Ligo Sardines 155g,1,Canned Goods,18.00,25.00
2023-06-29,Sunsilk Shampoo Sachet,3,Body Care,5.00,8.00
2023-06-29,Biogesic 500mg Tablet,0,Medicine,4.00,7.00
2023-06-29,AA Batteries (pair),1,Household,35.00,55.00
2023-06-29,Sewing Needle Pack,0,Household,12.00,25.00
2023-06-30,Cooking Oil 1L,57,Pantry,60.00,75.00
2023-06-30,Bear Brand Powdered Milk 320g,20,Dairy,70.00,90.00
2023-06-30,Alaska Evap Milk 370ml,8,Dairy,32.00,42.00
2023-06-30,Ligo Sardines 155g,4,Canned Goods,18.00,25.00
2023-06-30,Sunsilk Shampoo Sachet,0,Body Care,5.00,8.00
2023-06-30,Biogesic 500mg Tablet,0,Medicine,4.00,7.00
2023-06-30,AA Batteries (pair),0,Household,35.00,55.00
2023-06-30,Sewing Needle Pack,0,Household,12.00,25.00
2023-07-01,Cooking Oil 1L,37,Pantry,60.00,75.00
2023-07-01,Bear Brand Powdered Milk 320g,19,Dairy,70.00,90.00
2023-07-01,Alaska Evap Milk 370ml,2,Dairy,32.00,42.00
2023-07-01,Ligo Sardines 155g,1,Canned Goods,18.00,25.00
2023-07-01,Sunsilk Shampoo Sachet,2,Body Care,5.00,8.00
2023-07-01,Biogesic 500mg Tablet,1,Medicine,4.00,7.00
2023-07-01,AA Batteries (pair),0,Household,35.00,55.00
2023-07-01,Sewing Needle Pack,0,Household,12.00,25.00
2023-07-02,Cooking Oil 1L,26,Pantry,60.00,75.00
2023-07-02,Bear Brand Powdered Milk 320g,18,Dairy,70.00,90.00
2023-07-02,Alaska Evap Milk 370ml,6,Dairy,32.00,42.00
2023-07-02,Ligo Sardines 155g,1,Canned Goods,18.00,25.00
2023-07-02,Sunsilk Shampoo Sachet,1,Body Care,5.00,8.00
2023-07-02,Biogesic 500mg Tablet,0,Medicine,4.00,7.00
2023-07-02,AA Batteries (pair),1,Household,35.00,55.00
2023-07-02,Sewing Needle Pack,0,Household,12.00,25.00
2023-07-03,Cooking Oil 1L,32,Pantry,60.00,75.00
2023-07-03,Bear Brand Powdered Milk 320g,13,Dairy,70.00,90.00
2023-07-03,Alaska Evap Milk 370ml,6,Dairy,32.00,42.00
2023-07-03,Ligo Sardines 155g,2,Canned Goods,18.00,25.00
2023-07-03,Sunsilk Shampoo Sachet,1,Body Care,5.00,8.00
2023-07-03,Biogesic 500mg Tablet,0,Medicine,4.00,7.00
2023-07-03,AA Batteries (pair),0,Household,35.00,55.00
2023-07-03,Sewing Needle Pack,0,Household,12.00,25.00
2023-07-04,Cooking Oil 1L,19,Pantry,60.00,75.00
2023-07-04,Bear Brand Powdered Milk 320g,12,Dairy,70.00,90.00
2023-07-04,Alaska Evap Milk 370ml,4,Dairy,32.00,42.00
2023-07-04,Ligo Sardines 155g,4,Canned Goods,18.00,25.00
2023-07-04,Sunsilk Shampoo Sachet,1,Body Care,5.00,8.00
2023-07-04,Biogesic 500mg Tablet,0,Medicine,4.00,7.00
2023-07-04,AA Batteries (pair),0,Household,35.00,55.00
2023-07-04,Sewing Needle Pack,0,Household,12.00,25.00
2023-07-05,Cooking Oil 1L,29,Pantry,60.00,75.00
2023-07-05,Bear Brand Powdered Milk 320g,4,Dairy,70.00,90.00
2023-07-05,Alaska Evap Milk 370ml,3,Dairy,32.00,42.00
2023-07-05,Ligo Sardines 155g,6,Canned Goods,18.00,25.00
2023-07-05,Sunsilk Shampoo Sachet,0,Body Care,5.00,8.00
2023-07-05,Biogesic 500mg Tablet,0,Medicine,4.00,7.00
2023-07-05,AA Batteries (pair),1,Household,35.00,55.00
2023-07-05,Sewing Needle Pack,0,Household,12.00,25.00
2023-07-06,Cooking Oil 1L,33,Pantry,60.00,75.00
2023-07-06,Bear Brand Powdered Milk 320g,11,Dairy,70.00,90.00
2023-07-06,Alaska Evap Milk 370ml,2,Dairy,32.00,42.00
2023-07-06,Ligo Sardines 155g,0,Canned Goods,18.00,25.00
2023-07-06,Sunsilk Shampoo Sachet,3,Body Care,5.00,8.00
2023-07-06,Biogesic 500mg Tablet,1,Medicine,4.00,7.00
2023-07-06,AA Batteries (pair),1,Household,35.00,55.00
2023-07-06,Sewing Needle Pack,0,Household,12.00,25.00
2023-07-07,Cooking Oil 1L,35,Pantry,60.00,75.00
2023-07-07,Bear Brand Powdered Milk 320g,7,Dairy,70.00,90.00
2023-07-07,Alaska Evap Milk 370ml,5,Dairy,32.00,42.00
2023-07-07,Ligo Sardines 155g,1,Canned Goods,18.00,25.00
2023-07-07,Sunsilk Shampoo Sachet,1,Body Care,5.00,8.00
2023-07-07,Biogesic 500mg Tablet,0,Medicine,4.00,7.00
2023-07-07,AA Batteries (pair),1,Household,35.00,55.00
2023-07-07,Sewing Needle Pack,0,Household,12.00,25.00
2023-07-08,Cooking Oil 1L,41,Pantry,60.00,75.00
2023-07-08,Bear Brand Powdered Milk 320g,17,Dairy,70.00,90.00
2023-07-08,Alaska Evap Milk 370ml,6,Dairy,32.00,42.00
2023-07-08,Ligo Sardines 155g,3,Canned Goods,18.00,25.00
2023-07-08,Sunsilk Shampoo Sachet,0,Body Care,5.00,8.00
2023-07-08,Biogesic 500mg Tablet,0,Medicine,4.00,7.00
2023-07-08,AA Batteries (pair),0,Household,35.00,55.00
2023-07-08,Sewing Needle Pack,0,Household,12.00,25.00
2023-07-09,Cooking Oil 1L,44,Pantry,60.00,75.00
2023-07-09,Bear Brand Powdered Milk 320g,14,Dairy,70.00,90.00
2023-07-09,Alaska Evap Milk 370ml,12,Dairy,32.00,42.00
2023-07-09,Ligo Sardines 155g,1,Canned Goods,18.00,25.00
2023-07-09,Sunsilk Shampoo Sachet,2,Body Care,5.00,8.00
2023-07-09,Biogesic 500mg Tablet,1,Medicine,4.00,7.00
2023-07-09,AA Batteries (pair),0,Household,35.00,55.00
2023-07-09,Sewing Needle Pack,0,Household,12.00,25.00
2023-07-10,Cooking Oil 1L,29,Pantry,60.00,75.00
2023-07-10,Bear Brand Powdered Milk 320g,8,Dairy,70.00,90.00
2023-07-10,Alaska Evap Milk 370ml,8,Dairy,32.00,42.00
2023-07-10,Ligo Sardines 155g,3,Canned Goods,18.00,25.00
2023-07-10,Sunsilk Shampoo Sachet,1,Body Care,5.00,8.00
2023-07-10,Biogesic 500mg Tablet,1,Medicine,4.00,7.00
2023-07-10,AA Batteries (pair),0,Household,35.00,55.00
2023-07-10,Sewing Needle Pack,0,Household,12.00,25.00
2023-07-11,Cooking Oil 1L,30,Pantry,60.00,75.00
2023-07-11,Bear Brand Powdered Milk 320g,14,Dairy,70.00,90.00
2023-07-11,Alaska Evap Milk 370ml,5,Dairy,32.00,42.00
2023-07-11,Ligo Sardines 155g,2,Canned Goods,18.00,25.00
2023-07-11,Sunsilk Shampoo Sachet,0,Body Care,5.00,8.00
2023-07-11,Biogesic 500mg Tablet,0,Medicine,4.00,7.00
2023-07-11,AA Batteries (pair),0,Household,35.00,55.00
2023-07-11,Sewing Needle Pack,0,Household,12.00,25.00
2023-07-12,Cooking Oil 1L,25,Pantry,60.00,75.00
2023-07-12,Bear Brand Powdered Milk 320g,16,Dairy,70.00,90.00
2023-07-12,Alaska Evap Milk 370ml,7,Dairy,32.00,42.00
2023-07-12,Ligo Sardines 155g,2,Canned Goods,18.00,25.00
2023-07-12,Sunsilk Shampoo Sachet,2,Body Care,5.00,8.00
2023-07-12,Biogesic 500mg Tablet,2,Medicine,4.00,7.00
2023-07-12,AA Batteries (pair),2,Household,35.00,55.00
2023-07-12,Sewing Needle Pack,0,Household,12.00,25.00
2023-07-13,Cooking Oil 1L,22,Pantry,60.00,75.00
2023-07-13,Bear Brand Powdered Milk 320g,12,Dairy,70.00,90.00
2023-07-13,Alaska Evap Milk 370ml,2,Dairy,32.00,42.00
2023-07-13,Ligo Sardines 155g,2,Canned Goods,18.00,25.00
2023-07-13,Sunsilk Shampoo Sachet,3,Body Care,5.00,8.00
2023-07-13,Biogesic 500mg Tablet,0,Medicine,4.00,7.00
2023-07-13,AA Batteries (pair),1,Household,35.00,55.00
2023-07-13,Sewing Needle Pack,0,Household,12.00,25.00
2023-07-14,Cooking Oil 1L,33,Pantry,60.00,75.00
2023-07-14,Bear Brand Powdered Milk 320g,9,Dairy,70.00,90.00
2023-07-14,Alaska Evap Milk 370ml,5,Dairy,32.00,42.00
2023-07-14,Ligo Sardines 155g,2,Canned Goods,18.00,25.00
2023-07-14,Sunsilk Shampoo Sachet,0,Body Care,5.00,8.00
2023-07-14,Biogesic 500mg Tablet,0,Medicine,4.00,7.00
2023-07-14,AA Batteries (pair),0,Household,35.00,55.00
2023-07-14,Sewing Needle Pack,2,Household,12.00,25.00
2023-07-15,Cooking Oil 1L,39,Pantry,60.00,75.00
2023-07-15,Bear Brand Powdered Milk 320g,21,Dairy,70.00,90.00
2023-07-15,Alaska Evap Milk 370ml,5,Dairy,32.00,42.00
2023-07-15,Ligo Sardines 155g,5,Canned Goods,18.00,25.00
2023-07-15,Sunsilk Shampoo Sachet,1,Body Care,5.00,8.00
2023-07-15,Biogesic 500mg Tablet,1,Medicine,4.00,7.00
2023-07-15,AA Batteries (pair),0,Household,35.00,55.00
2023-07-15,Sewing Needle Pack,0,Household,12.00,25.00
2023-07-16,Cooking Oil 1L,24,Pantry,60.00,75.00
2023-07-16,Bear Brand Powdered Milk 320g,16,Dairy,70.00,90.00
2023-07-16,Alaska Evap Milk 370ml,5,Dairy,32.00,42.00
2023-07-16,Ligo Sardines 155g,2,Canned Goods,18.00,25.00
2023-07-16,Sunsilk Shampoo Sachet,0,Body Care,5.00,8.00
2023-07-16,Biogesic 500mg Tablet,1,Medicine,4.00,7.00
2023-07-16,AA Batteries (pair),0,Household,35.00,55.00
2023-07-16,Sewing Needle Pack,0,Household,12.00,25.00
2023-07-17,Cooking Oil 1L,25,Pantry,60.00,75.00
2023-07-17,Bear Brand Powdered Milk 320g,16,Dairy,70.00,90.00
2023-07-17,Alaska Evap Milk 370ml,4,Dairy,32.00,42.00
2023-07-17,Ligo Sardines 155g,1,Canned Goods,18.00,25.00
2023-07-17,Sunsilk Shampoo Sachet,1,Body Care,5.00,8.00
2023-07-17,Biogesic 500mg Tablet,0,Medicine,4.00,7.00
2023-07-17,AA Batteries (pair),0,Household,35.00,55.00
2023-07-17,Sewing Needle Pack,0,Household,12.00,25.00
2023-07-18,Cooking Oil 1L,20,Pantry,60.00,75.00
2023-07-18,Bear Brand Powdered Milk 320g,23,Dairy,70.00,90.00
2023-07-18,Alaska Evap Milk 370ml,0,Dairy,32.00,42.00
2023-07-18,Ligo Sardines 155g,0,Canned Goods,18.00,25.00
2023-07-18,Sunsilk Shampoo Sachet,2,Body Care,5.00,8.00
2023-07-18,Biogesic 500mg Tablet,0,Medicine,4.00,7.00
2023-07-18,AA Batteries (pair),0,Household,35.00,55.00
2023-07-18,Sewing Needle Pack,0,Household,12.00,25.00
2023-07-19,Cooking Oil 1L,30,Pantry,60.00,75.00
2023-07-19,Bear Brand Powdered Milk 320g,20,Dairy,70.00,90.00
2023-07-19,Alaska Evap Milk 370ml,3,Dairy,32.00,42.00
2023-07-19,Ligo Sardines 155g,0,Canned Goods,18.00,25.00
2023-07-19,Sunsilk Shampoo Sachet,2,Body Care,5.00,8.00
2023-07-19,Biogesic 500mg Tablet,0,Medicine,4.00,7.00
2023-07-19,AA Batteries (pair),0,Household,35.00,55.00
2023-07-19,Sewing Needle Pack,0,Household,12.00,25.00
2023-07-20,Cooking Oil 1L,35,Pantry,60.00,75.00
2023-07-20,Bear Brand Powdered Milk 320g,12,Dairy,70.00,90.00
2023-07-20,Alaska Evap Milk 370ml,2,Dairy,32.00,42.00
2023-07-20,Ligo Sardines 155g,1,Canned Goods,18.00,25.00
2023-07-20,Sunsilk Shampoo Sachet,2,Body Care,5.00,8.00
2023-07-20,Biogesic 500mg Tablet,2,Medicine,4.00,7.00
2023-07-20,AA Batteries (pair),0,Household,35.00,55.00
2023-07-20,Sewing Needle Pack,0,Household,12.00,25.00
2023-07-21,Cooking Oil 1L,43,Pantry,60.00,75.00
2023-07-21,Bear Brand Powdered Milk 320g,17,Dairy,70.00,90.00
2023-07-21,Alaska Evap Milk 370ml,6,Dairy,32.00,42.00
2023-07-21,Ligo Sardines 155g,2,Canned Goods,18.00,25.00
2023-07-21,Sunsilk Shampoo Sachet,1,Body Care,5.00,8.00
2023-07-21,Biogesic 500mg Tablet,2,Medicine,4.00,7.00
2023-07-21,AA Batteries (pair),0,Household,35.00,55.00
2023-07-21,Sewing Needle Pack,0,Household,12.00,25.00
2023-07-22,Cooking Oil 1L,22,Pantry,60.00,75.00
2023-07-22,Bear Brand Powdered Milk 320g,19,Dairy,70.00,90.00
2023-07-22,Alaska Evap Milk 370ml,7,Dairy,32.00,42.00
2023-07-22,Ligo Sardines 155g,4,Canned Goods,18.00,25.00
2023-07-22,Sunsilk Shampoo Sachet,1,Body Care,5.00,8.00
2023-07-22,Biogesic 500mg Tablet,0,Medicine,4.00,7.00
2023-07-22,AA Batteries (pair),0,Household,35.00,55.00
2023-07-22,Sewing Needle Pack,0,Household,12.00,25.00
2023-07-23,Cooking Oil 1L,28,Pantry,60.00,75.00
2023-07-23,Bear Brand Powdered Milk 320g,17,Dairy,70.00,90.00
2023-07-23,Alaska Evap Milk 370ml,6,Dairy,32.00,42.00
2023-07-23,Ligo Sardines 155g,1,Canned Goods,18.00,25.00
2023-07-23,Sunsilk Shampoo Sachet,0,Body Care,5.00,8.00
2023-07-23,Biogesic 500mg Tablet,1,Medicine,4.00,7.00
2023-07-23,AA Batteries (pair),1,Household,35.00,55.00
2023-07-23,Sewing Needle Pack,0,Household,12.00,25.00
2023-07-24,Cooking Oil 1L,34,Pantry,60.00,75.00
2023-07-24,Bear Brand Powdered Milk 320g,7,Dairy,70.00,90.00
2023-07-24,Alaska Evap Milk 370ml,2,Dairy,32.00,42.00
2023-07-24,Ligo Sardines 155g,2,Canned Goods,18.00,25.00
2023-07-24,Sunsilk Shampoo Sachet,0,Body Care,5.00,8.00
2023-07-24,Biogesic 500mg Tablet,1,Medicine,4.00,7.00
2023-07-24,AA Batteries (pair),1,Household,35.00,55.00
2023-07-24,Sewing Needle Pack,0,Household,12.00,25.00
2023-07-25,Cooking Oil 1L,30,Pantry,60.00,75.00
2023-07-25,Bear Brand Powdered Milk 320g,16,Dairy,70.00,90.00
2023-07-25,Alaska Evap Milk 370ml,1,Dairy,32.00,42.00
2023-07-25,Ligo Sardines 155g,1,Canned Goods,18.00,25.00
2023-07-25,Sunsilk Shampoo Sachet,3,Body Care,5.00,8.00
2023-07-25,Biogesic 500mg Tablet,2,Medicine,4.00,7.00
2023-07-25,AA Batteries (pair),0,Household,35.00,55.00
2023-07-25,Sewing Needle Pack,0,Household,12.00,25.00
2023-07-26,Cooking Oil 1L,30,Pantry,60.00,75.00
2023-07-26,Bear Brand Powdered Milk 320g,16,Dairy,70.00,90.00
2023-07-26,Alaska Evap Milk 370ml,3,Dairy,32.00,42.00
2023-07-26,Ligo Sardines 155g,0,Canned Goods,18.00,25.00
2023-07-26,Sunsilk Shampoo Sachet,1,Body Care,5.00,8.00
2023-07-26,Biogesic 500mg Tablet,0,Medicine,4.00,7.00
2023-07-26,AA Batteries (pair),0,Household,35.00,55.00
2023-07-26,Sewing Needle Pack,0,Household,12.00,25.00
2023-07-27,Cooking Oil 1L,25,Pantry,60.00,75.00
2023-07-27,Bear Brand Powdered Milk 320g,9,Dairy,70.00,90.00
2023-07-27,Alaska Evap Milk 370ml,9,Dairy,32.00,42.00
2023-07-27,Ligo Sardines 155g,1,Canned Goods,18.00,25.00
2023-07-27,Sunsilk Shampoo Sachet,1,Body Care,5.00,8.00
2023-07-27,Biogesic 500mg Tablet,1,Medicine,4.00,7.00
2023-07-27,AA Batteries (pair),0,Household,35.00,55.00
2023-07-27,Sewing Needle Pack,0,Household,12.00,25.00
2023-07-28,Cooking Oil 1L,31,Pantry,60.00,75.00
2023-07-28,Bear Brand Powdered Milk 320g,13,Dairy,70.00,90.00
2023-07-28,Alaska Evap Milk 370ml,2,Dairy,32.00,42.00
2023-07-28,Ligo Sardines 155g,6,Canned Goods,18.00,25.00
2023-07-28,Sunsilk Shampoo Sachet,0,Body Care,5.00,8.00
2023-07-28,Biogesic 500mg Tablet,0,Medicine,4.00,7.00
2023-07-28,AA Batteries (pair),0,Household,35.00,55.00
2023-07-28,Sewing Needle Pack,0,Household,12.00,25.00
2023-07-29,Cooking Oil 1L,62,Pantry,60.00,75.00
2023-07-29,Bear Brand Powdered Milk 320g,22,Dairy,70.00,90.00
2023-07-29,Alaska Evap Milk 370ml,15,Dairy,32.00,42.00
2023-07-29,Ligo Sardines 155g,3,Canned Goods,18.00,25.00
2023-07-29,Sunsilk Shampoo Sachet,1,Body Care,5.00,8.00
2023-07-29,Biogesic 500mg Tablet,1,Medicine,4.00,7.00
2023-07-29,AA Batteries (pair),0,Household,35.00,55.00
2023-07-29,Sewing Needle Pack,1,Household,12.00,25.00
2023-07-30,Cooking Oil 1L,46,Pantry,60.00,75.00
2023-07-30,Bear Brand Powdered Milk 320g,16,Dairy,70.00,90.00
2023-07-30,Alaska Evap Milk 370ml,4,Dairy,32.00,42.00
2023-07-30,Ligo Sardines 155g,4,Canned Goods,18.00,25.00
2023-07-30,Sunsilk Shampoo Sachet,1,Body Care,5.00,8.00
2023-07-30,Biogesic 500mg Tablet,0,Medicine,4.00,7.00
2023-07-30,AA Batteries (pair),0,Household,35.00,55.00
2023-07-30,Sewing Needle Pack,0,Household,12.00,25.00
2023-07-31,Cooking Oil 1L,35,Pantry,60.00,75.00
2023-07-31,Bear Brand Powdered Milk 320g,21,Dairy,70.00,90.00
2023-07-31,Alaska Evap Milk 370ml,5,Dairy,32.00,42.00
2023-07-31,Ligo Sardines 155g,3,Canned Goods,18.00,25.00
2023-07-31,Sunsilk Shampoo Sachet,2,Body Care,5.00,8.00
2023-07-31,Biogesic 500mg Tablet,1,Medicine,4.00,7.00
2023-07-31,AA Batteries (pair),0,Household,35.00,55.00
2023-07-31,Sewing Needle Pack,0,Household,12.00,25.00
2023-08-01,Cooking Oil 1L,37,Pantry,60.00,75.00
2023-08-01,Bear Brand Powdered Milk 320g,10,Dairy,70.00,90.00
2023-08-01,Alaska Evap Milk 370ml,0,Dairy,32.00,42.00
2023-08-01,Ligo Sardines 155g,2,Canned Goods,18.00,25.00
2023-08-01,Sunsilk Shampoo Sachet,1,Body Care,5.00,8.00
2023-08-01,Biogesic 500mg Tablet,0,Medicine,4.00,7.00
2023-08-01,AA Batteries (pair),0,Household,35.00,55.00
2023-08-01,Sewing Needle Pack,0,Household,12.00,25.00
2023-08-02,Cooking Oil 1L,19,Pantry,60.00,75.00
2023-08-02,Bear Brand Powdered Milk 320g,17,Dairy,70.00,90.00
2023-08-02,Alaska Evap Milk 370ml,4,Dairy,32.00,42.00
2023-08-02,Ligo Sardines 155g,2,Canned Goods,18.00,25.00
2023-08-02,Sunsilk Shampoo Sachet,3,Body Care,5.00,8.00
2023-08-02,Biogesic 500mg Tablet,0,Medicine,4.00,7.00
2023-08-02,AA Batteries (pair),2,Household,35.00,55.00
2023-08-02,Sewing Needle Pack,0,Household,12.00,25.00
2023-08-03,Cooking Oil 1L,33,Pantry,60.00,75.00
2023-08-03,Bear Brand Powdered Milk 320g,8,Dairy,70.00,90.00
2023-08-03,Alaska Evap Milk 370ml,6,Dairy,32.00,42.00
2023-08-03,Ligo Sardines 155g,1,Canned Goods,18.00,25.00
2023-08-03,Sunsilk Shampoo Sachet,0,Body Care,5.00,8.00
2023-08-03,Biogesic 500mg Tablet,1,Medicine,4.00,7.00
2023-08-03,AA Batteries (pair),2,Household,35.00,55.00
2023-08-03,Sewing Needle Pack,1,Household,12.00,25.00
2023-08-04,Cooking Oil 1L,52,Pantry,60.00,75.00
2023-08-04,Bear Brand Powdered Milk 320g,18,Dairy,70.00,90.00
2023-08-04,Alaska Evap Milk 370ml,7,Dairy,32.00,42.00
2023-08-04,Ligo Sardines 155g,6,Canned Goods,18.00,25.00
2023-08-04,Sunsilk Shampoo Sachet,0,Body Care,5.00,8.00
2023-08-04,Biogesic 500mg Tablet,0,Medicine,4.00,7.00
2023-08-04,AA Batteries (pair),0,Household,35.00,55.00
2023-08-04,Sewing Needle Pack,0,Household,12.00,25.00
2023-08-05,Cooking Oil 1L,25,Pantry,60.00,75.00
2023-08-05,Bear Brand Powdered Milk 320g,16,Dairy,70.00,90.00
2023-08-05,Alaska Evap Milk 370ml,3,Dairy,32.00,42.00
2023-08-05,Ligo Sardines 155g,1,Canned Goods,18.00,25.00
2023-08-05,Sunsilk Shampoo Sachet,3,Body Care,5.00,8.00
2023-08-05,Biogesic 500mg Tablet,1,Medicine,4.00,7.00
2023-08-05,AA Batteries (pair),0,Household,35.00,55.00
2023-08-05,Sewing Needle Pack,0,Household,12.00,25.00
2023-08-06,Cooking Oil 1L,26,Pantry,60.00,75.00
2023-08-06,Bear Brand Powdered Milk 320g,26,Dairy,70.00,90.00
2023-08-06,Alaska Evap Milk 370ml,9,Dairy,32.00,42.00
2023-08-06,Ligo Sardines 155g,1,Canned Goods,18.00,25.00
2023-08-06,Sunsilk Shampoo Sachet,3,Body Care,5.00,8.00
2023-08-06,Biogesic 500mg Tablet,0,Medicine,4.00,7.00
2023-08-06,AA Batteries (pair),0,Household,35.00,55.00
2023-08-06,Sewing Needle Pack,0,Household,12.00,25.00
2023-08-07,Cooking Oil 1L,25,Pantry,60.00,75.00
2023-08-07,Bear Brand Powdered Milk 320g,11,Dairy,70.00,90.00
2023-08-07,Alaska Evap Milk 370ml,2,Dairy,32.00,42.00
2023-08-07,Ligo Sardines 155g,1,Canned Goods,18.00,25.00
2023-08-07,Sunsilk Shampoo Sachet,1,Body Care,5.00,8.00
2023-08-07,Biogesic 500mg Tablet,0,Medicine,4.00,7.00
2023-08-07,AA Batteries (pair),0,Household,35.00,55.00
2023-08-07,Sewing Needle Pack,0,Household,12.00,25.00
2023-08-08,Cooking Oil 1L,29,Pantry,60.00,75.00
2023-08-08,Bear Brand Powdered Milk 320g,14,Dairy,70.00,90.00
2023-08-08,Alaska Evap Milk 370ml,1,Dairy,32.00,42.00
2023-08-08,Ligo Sardines 155g,1,Canned Goods,18.00,25.00
2023-08-08,Sunsilk Shampoo Sachet,2,Body Care,5.00,8.00
2023-08-08,Biogesic 500mg Tablet,1,Medicine,4.00,7.00
2023-08-08,AA Batteries (pair),0,Household,35.00,55.00
2023-08-08,Sewing Needle Pack,0,Household,12.00,25.00
2023-08-09,Cooking Oil 1L,36,Pantry,60.00,75.00
2023-08-09,Bear Brand Powdered Milk 320g,8,Dairy,70.00,90.00
2023-08-09,Alaska Evap Milk 370ml,4,Dairy,32.00,42.00
2023-08-09,Ligo Sardines 155g,3,Canned Goods,18.00,25.00
2023-08-09,Sunsilk Shampoo Sachet,1,Body Care,5.00,8.00
2023-08-09,Biogesic 500mg Tablet,0,Medicine,4.00,7.00
2023-08-09,AA Batteries (pair),0,Household,35.00,55.00
2023-08-09,Sewing Needle Pack,0,Household,12.00,25.00
2023-08-10,Cooking Oil 1L,25,Pantry,60.00,75.00
2023-08-10,Bear Brand Powdered Milk 320g,18,Dairy,70.00,90.00
2023-08-10,Alaska Evap Milk 370ml,6,Dairy,32.00,42.00
2023-08-10,Ligo Sardines 155g,0,Canned Goods,18.00,25.00
2023-08-10,Sunsilk Shampoo Sachet,0,Body Care,5.00,8.00
2023-08-10,Biogesic 500mg Tablet,0,Medicine,4.00,7.00
2023-08-10,AA Batteries (pair),1,Household,35.00,55.00
2023-08-10,Sewing Needle Pack,0,Household,12.00,25.00
2023-08-11,Cooking Oil 1L,31,Pantry,60.00,75.00
2023-08-11,Bear Brand Powdered Milk 320g,23,Dairy,70.00,90.00
2023-08-11,Alaska Evap Milk 370ml,3,Dairy,32.00,42.00
2023-08-11,Ligo Sardines 155g,1,Canned Goods,18.00,25.00
2023-08-11,Sunsilk Shampoo Sachet,2,Body Care,5.00,8.00
2023-08-11,Biogesic 500mg Tablet,1,Medicine,4.00,7.00
2023-08-11,AA Batteries (pair),1,Household,35.00,55.00
2023-08-11,Sewing Needle Pack,0,Household,12.00,25.00
2023-08-12,Cooking Oil 1L,45,Pantry,60.00,75.00
2023-08-12,Bear Brand Powdered Milk 320g,16,Dairy,70.00,90.00
2023-08-12,Alaska Evap Milk 370ml,3,Dairy,32.00,42.00
2023-08-12,Ligo Sardines 155g,0,Canned Goods,18.00,25.00
2023-08-12,Sunsilk Shampoo Sachet,2,Body Care,5.00,8.00
2023-08-12,Biogesic 500mg Tablet,0,Medicine,4.00,7.00
2023-08-12,AA Batteries (pair),1,Household,35.00,55.00
2023-08-12,Sewing Needle Pack,0,Household,12.00,25.00
2023-08-13,Cooking Oil 1L,30,Pantry,60.00,75.00
2023-08-13,Bear Brand Powdered Milk 320g,12,Dairy,70.00,90.00
2023-08-13,Alaska Evap Milk 370ml,5,Dairy,32.00,42.00
2023-08-13,Ligo Sardines 155g,2,Canned Goods,18.00,25.00
2023-08-13,Sunsilk Shampoo Sachet,2,Body Care,5.00,8.00
2023-08-13,Biogesic 500mg Tablet,0,Medicine,4.00,7.00
2023-08-13,AA Batteries (pair),0,Household,35.00,55.00
2023-08-13,Sewing Needle Pack,0,Household,12.00,25.00
2023-08-14,Cooking Oil 1L,34,Pantry,60.00,75.00
2023-08-14,Bear Brand Powdered Milk 320g,11,Dairy,70.00,90.00
2023-08-14,Alaska Evap Milk 370ml,2,Dairy,32.00,42.00
2023-08-14,Ligo Sardines 155g,0,Canned Goods,18.00,25.00
2023-08-14,Sunsilk Shampoo Sachet,2,Body Care,5.00,8.00
2023-08-14,Biogesic 500mg Tablet,1,Medicine,4.00,7.00
2023-08-14,AA Batteries (pair),0,Household,35.00,55.00
2023-08-14,Sewing Needle Pack,0,Household,12.00,25.00
2023-08-15,Cooking Oil 1L,17,Pantry,60.00,75.00
2023-08-15,Bear Brand Powdered Milk 320g,9,Dairy,70.00,90.00
2023-08-15,Alaska Evap Milk 370ml,4,Dairy,32.00,42.00
2023-08-15,Ligo Sardines 155g,2,Canned Goods,18.00,25.00
2023-08-15,Sunsilk Shampoo Sachet,0,Body Care,5.00,8.00
2023-08-15,Biogesic 500mg Tablet,1,Medicine,4.00,7.00
2023-08-15,AA Batteries (pair),0,Household,35.00,55.00
2023-08-15,Sewing Needle Pack,0,Household,12.00,25.00
2023-08-16,Cooking Oil 1L,27,Pantry,60.00,75.00
2023-08-16,Bear Brand Powdered Milk 320g,16,Dairy,70.00,90.00
2023-08-16,Alaska Evap Milk 370ml,3,Dairy,32.00,42.00
2023-08-16,Ligo Sardines 155g,3,Canned Goods,18.00,25.00
2023-08-16,Sunsilk Shampoo Sachet,1,Body Care,5.00,8.00
2023-08-16,Biogesic 500mg Tablet,0,Medicine,4.00,7.00
2023-08-16,AA Batteries (pair),0,Household,35.00,55.00
2023-08-16,Sewing Needle Pack,0,Household,12.00,25.00
2023-08-17,Cooking Oil 1L,23,Pantry,60.00,75.00
2023-08-17,Bear Brand Powdered Milk 320g,13,Dairy,70.00,90.00
2023-08-17,Alaska Evap Milk 370ml,2,Dairy,32.00,42.00
2023-08-17,Ligo Sardines 155g,2,Canned Goods,18.00,25.00
2023-08-17,Sunsilk Shampoo Sachet,0,Body Care,5.00,8.00
2023-08-17,Biogesic 500mg Tablet,0,Medicine,4.00,7.00
2023-08-17,AA Batteries (pair),0,Household,35.00,55.00
2023-08-17,Sewing Needle Pack,0,Household,12.00,25.00
2023-08-18,Cooking Oil 1L,34,Pantry,60.00,75.00
2023-08-18,Bear Brand Powdered Milk 320g,6,Dairy,70.00,90.00
2023-08-18,Alaska Evap Milk 370ml,6,Dairy,32.00,42.00
2023-08-18,Ligo Sardines 155g,2,Canned Goods,18.00,25.00
2023-08-18,Sunsilk Shampoo Sachet,0,Body Care,5.00,8.00
2023-08-18,Biogesic 500mg Tablet,0,Medicine,4.00,7.00
2023-08-18,AA Batteries (pair),0,Household,35.00,55.00
2023-08-18,Sewing Needle Pack,1,Household,12.00,25.00
2023-08-19,Cooking Oil 1L,26,Pantry,60.00,75.00
2023-08-19,Bear Brand Powdered Milk 320g,14,Dairy,70.00,90.00
2023-08-19,Alaska Evap Milk 370ml,5,Dairy,32.00,42.00
2023-08-19,Ligo Sardines 155g,2,Canned Goods,18.00,25.00
2023-08-19,Sunsilk Shampoo Sachet,2,Body Care,5.00,8.00
2023-08-19,Biogesic 500mg Tablet,0,Medicine,4.00,7.00
2023-08-19,AA Batteries (pair),0,Household,35.00,55.00
2023-08-19,Sewing Needle Pack,1,Household,12.00,25.00
2023-08-20,Cooking Oil 1L,37,Pantry,60.00,75.00
2023-08-20,Bear Brand Powdered Milk 320g,13,Dairy,70.00,90.00
2023-08-20,Alaska Evap Milk 370ml,2,Dairy,32.00,42.00
2023-08-20,Ligo Sardines 155g,2,Canned Goods,18.00,25.00
2023-08-20,Sunsilk Shampoo Sachet,0,Body Care,5.00,8.00
2023-08-20,Biogesic 500mg Tablet,1,Medicine,4.00,7.00
2023-08-20,AA Batteries (pair),1,Household,35.00,55.00
2023-08-20,Sewing Needle Pack,0,Household,12.00,25.00
2023-08-21,Cooking Oil 1L,29,Pantry,60.00,75.00
2023-08-21,Bear Brand Powdered Milk 320g,14,Dairy,70.00,90.00
2023-08-21,Alaska Evap Milk 370ml,7,Dairy,32.00,42.00
2023-08-21,Ligo Sardines 155g,4,Canned Goods,18.00,25.00
2023-08-21,Sunsilk Shampoo Sachet,1,Body Care,5.00,8.00
2023-08-21,Biogesic 500mg Tablet,0,Medicine,4.00,7.00
2023-08-21,AA Batteries (pair),1,Household,35.00,55.00
2023-08-21,Sewing Needle Pack,0,Household,12.00,25.00
2023-08-22,Cooking Oil 1L,17,Pantry,60.00,75.00
2023-08-22,Bear Brand Powdered Milk 320g,22,Dairy,70.00,90.00
2023-08-22,Alaska Evap Milk 370ml,4,Dairy,32.00,42.00
2023-08-22,Ligo Sardines 155g,2,Canned Goods,18.00,25.00
2023-08-22,Sunsilk Shampoo Sachet,0,Body Care,5.00,8.00
2023-08-22,Biogesic 500mg Tablet,0,Medicine,4.00,7.00
2023-08-22,AA Batteries (pair),2,Household,35.00,55.00
2023-08-22,Sewing Needle Pack,0,Household,12.00,25.00
2023-08-23,Cooking Oil 1L,17,Pantry,60.00,75.00
2023-08-23,Bear Brand Powdered Milk 320g,11,Dairy,70.00,90.00
2023-08-23,Alaska Evap Milk 370ml,6,Dairy,32.00,42.00
2023-08-23,Ligo Sardines 155g,0,Canned Goods,18.00,25.00
2023-08-23,Sunsilk Shampoo Sachet,2,Body Care,5.00,8.00
2023-08-23,Biogesic 500mg Tablet,2,Medicine,4.00,7.00
2023-08-23,AA Batteries (pair),0,Household,35.00,55.00
2023-08-23,Sewing Needle Pack,0,Household,12.00,25.00
2023-08-24,Cooking Oil 1L,37,Pantry,60.00,75.00
2023-08-24,Bear Brand Powdered Milk 320g,26,Dairy,70.00,90.00
2023-08-24,Alaska Evap Milk 370ml,2,Dairy,32.00,42.00
2023-08-24,Ligo Sardines 155g,0,Canned Goods,18.00,25.00
2023-08-24,Sunsilk Shampoo Sachet,0,Body Care,5.00,8.00
2023-08-24,Biogesic 500mg Tablet,0,Medicine,4.00,7.00
2023-08-24,AA Batteries (pair),0,Household,35.00,55.00
2023-08-24,Sewing Needle Pack,0,Household,12.00,25.00
2023-08-25,Cooking Oil 1L,30,Pantry,60.00,75.00
2023-08-25,Bear Brand Powdered Milk 320g,26,Dairy,70.00,90.00
2023-08-25,Alaska Evap Milk 370ml,4,Dairy,32.00,42.00
2023-08-25,Ligo Sardines 155g,2,Canned Goods,18.00,25.00
2023-08-25,Sunsilk Shampoo Sachet,0,Body Care,5.00,8.00
2023-08-25,Biogesic 500mg Tablet,0,Medicine,4.00,7.00
2023-08-25,AA Batteries (pair),0,Household,35.00,55.00
2023-08-25,Sewing Needle Pack,0,Household,12.00,25.00
2023-08-26,Cooking Oil 1L,31,Pantry,60.00,75.00
2023-08-26,Bear Brand Powdered Milk 320g,16,Dairy,70.00,90.00
2023-08-26,Alaska Evap Milk 370ml,2,Dairy,32.00,42.00
2023-08-26,Ligo Sardines 155g,2,Canned Goods,18.00,25.00
2023-08-26,Sunsilk Shampoo Sachet,1,Body Care,5.00,8.00
2023-08-26,Biogesic 500mg Tablet,0,Medicine,4.00,7.00
2023-08-26,AA Batteries (pair),0,Household,35.00,55.00
2023-08-26,Sewing Needle Pack,0,Household,12.00,25.00
2023-08-27,Cooking Oil 1L,43,Pantry,60.00,75.00
2023-08-27,Bear Brand Powdered Milk 320g,15,Dairy,70.00,90.00
2023-08-27,Alaska Evap Milk 370ml,7,Dairy,32.00,42.00
2023-08-27,Ligo Sardines 155g,1,Canned Goods,18.00,25.00
2023-08-27,Sunsilk Shampoo Sachet,1,Body Care,5.00,8.00
2023-08-27,Biogesic 500mg Tablet,0,Medicine,4.00,7.00
2023-08-27,AA Batteries (pair),1,Household,35.00,55.00
2023-08-27,Sewing Needle Pack,0,Household,12.00,25.00
2023-08-28,Cooking Oil 1L,24,Pantry,60.00,75.00
2023-08-28,Bear Brand Powdered Milk 320g,8,Dairy,70.00,90.00
2023-08-28,Alaska Evap Milk 370ml,2,Dairy,32.00,42.00
2023-08-28,Ligo Sardines 155g,5,Canned Goods,18.00,25.00
2023-08-28,Sunsilk Shampoo Sachet,0,Body Care,5.00,8.00
2023-08-28,Biogesic 500mg Tablet,0,Medicine,4.00,7.00
2023-08-28,AA Batteries (pair),0,Household,35.00,55.00
2023-08-28,Sewing Needle Pack,0,Household,12.00,25.00
2023-08-29,Cooking Oil 1L,44,Pantry,60.00,75.00
2023-08-29,Bear Brand Powdered Milk 320g,23,Dairy,70.00,90.00
2023-08-29,Alaska Evap Milk 370ml,4,Dairy,32.00,42.00
2023-08-29,Ligo Sardines 155g,3,Canned Goods,18.00,25.00
2023-08-29,Sunsilk Shampoo Sachet,0,Body Care,5.00,8.00
2023-08-29,Biogesic 500mg Tablet,1,Medicine,4.00,7.00
2023-08-29,AA Batteries (pair),0,Household,35.00,55.00
2023-08-29,Sewing Needle Pack,0,Household,12.00,25.00
2023-08-30,Cooking Oil 1L,56,Pantry,60.00,75.00
2023-08-30,Bear Brand Powdered Milk 320g,14,Dairy,70.00,90.00
2023-08-30,Alaska Evap Milk 370ml,5,Dairy,32.00,42.00
2023-08-30,Ligo Sardines 155g,2,Canned Goods,18.00,25.00
2023-08-30,Sunsilk Shampoo Sachet,1,Body Care,5.00,8.00
2023-08-30,Biogesic 500mg Tablet,0,Medicine,4.00,7.00
2023-08-30,AA Batteries (pair),0,Household,35.00,55.00
2023-08-30,Sewing Needle Pack,0,Household,12.00,25.00
2023-08-31,Cooking Oil 1L,33,Pantry,60.00,75.00
2023-08-31,Bear Brand Powdered Milk 320g,15,Dairy,70.00,90.00
2023-08-31,Alaska Evap Milk 370ml,6,Dairy,32.00,42.00
2023-08-31,Ligo Sardines 155g,3,Canned Goods,18.00,25.00
2023-08-31,Sunsilk Shampoo Sachet,3,Body Care,5.00,8.00
2023-08-31,Biogesic 500mg Tablet,0,Medicine,4.00,7.00
2023-08-31,AA Batteries (pair),0,Household,35.00,55.00
2023-08-31,Sewing Needle Pack,1,Household,12.00,25.00
2023-09-01,Cooking Oil 1L,7,Pantry,60.00,75.00
2023-09-01,Bear Brand Powdered Milk 320g,15,Dairy,70.00,90.00
2023-09-01,Alaska Evap Milk 370ml,6,Dairy,32.00,42.00
2023-09-01,Ligo Sardines 155g,3,Canned Goods,18.00,25.00
2023-09-01,Sunsilk Shampoo Sachet,2,Body Care,5.00,8.00
2023-09-01,Biogesic 500mg Tablet,0,Medicine,4.00,7.00
2023-09-01,AA Batteries (pair),0,Household,35.00,55.00
2023-09-01,Sewing Needle Pack,1,Household,12.00,25.00
2023-09-02,Cooking Oil 1L,46,Pantry,60.00,75.00
2023-09-02,Bear Brand Powdered Milk 320g,19,Dairy,70.00,90.00
2023-09-02,Alaska Evap Milk 370ml,8,Dairy,32.00,42.00
2023-09-02,Ligo Sardines 155g,4,Canned Goods,18.00,25.00
2023-09-02,Sunsilk Shampoo Sachet,0,Body Care,5.00,8.00
2023-09-02,Biogesic 500mg Tablet,0,Medicine,4.00,7.00
2023-09-02,AA Batteries (pair),0,Household,35.00,55.00
2023-09-02,Sewing Needle Pack,0,Household,12.00,25.00
2023-09-03,Cooking Oil 1L,42,Pantry,60.00,75.00
2023-09-03,Bear Brand Powdered Milk 320g,9,Dairy,70.00,90.00
2023-09-03,Alaska Evap Milk 370ml,2,Dairy,32.00,42.00
2023-09-03,Ligo Sardines 155g,3,Canned Goods,18.00,25.00
2023-09-03,Sunsilk Shampoo Sachet,0,Body Care,5.00,8.00
2023-09-03,Biogesic 500mg Tablet,1,Medicine,4.00,7.00
2023-09-03,AA Batteries (pair),0,Household,35.00,55.00
2023-09-03,Sewing Needle Pack,1,Household,12.00,25.00
2023-09-04,Cooking Oil 1L,26,Pantry,60.00,75.00
2023-09-04,Bear Brand Powdered Milk 320g,10,Dairy,70.00,90.00
2023-09-04,Alaska Evap Milk 370ml,4,Dairy,32.00,42.00
2023-09-04,Ligo Sardines 155g,0,Canned Goods,18.00,25.00
2023-09-04,Sunsilk Shampoo Sachet,3,Body Care,5.00,8.00
2023-09-04,Biogesic 500mg Tablet,1,Medicine,4.00,7.00
2023-09-04,AA Batteries (pair),0,Household,35.00,55.00
2023-09-04,Sewing Needle Pack,0,Household,12.00,25.00
2023-09-05,Cooking Oil 1L,29,Pantry,60.00,75.00
2023-09-05,Bear Brand Powdered Milk 320g,16,Dairy,70.00,90.00
2023-09-05,Alaska Evap Milk 370ml,3,Dairy,32.00,42.00
2023-09-05,Ligo Sardines 155g,6,Canned Goods,18.00,25.00
2023-09-05,Sunsilk Shampoo Sachet,0,Body Care,5.00,8.00
2023-09-05,Biogesic 500mg Tablet,0,Medicine,4.00,7.00
2023-09-05,AA Batteries (pair),0,Household,35.00,55.00
2023-09-05,Sewing Needle Pack,0,Household,12.00,25.00
2023-09-06,Cooking Oil 1L,40,Pantry,60.00,75.00
2023-09-06,Bear Brand Powdered Milk 320g,15,Dairy,70.00,90.00
2023-09-06,Alaska Evap Milk 370ml,0,Dairy,32.00,42.00
2023-09-06,Ligo Sardines 155g,0,Canned Goods,18.00,25.00
2023-09-06,Sunsilk Shampoo Sachet,1,Body Care,5.00,8.00
2023-09-06,Biogesic 500mg Tablet,0,Medicine,4.00,7.00
2023-09-06,AA Batteries (pair),0,Household,35.00,55.00
2023-09-06,Sewing Needle Pack,0,Household,12.00,25.00
2023-09-07,Cooking Oil 1L,24,Pantry,60.00,75.00
2023-09-07,Bear Brand Powdered Milk 320g,20,Dairy,70.00,90.00
2023-09-07,Alaska Evap Milk 370ml,3,Dairy,32.00,42.00
2023-09-07,Ligo Sardines 155g,3,Canned Goods,18.00,25.00
2023-09-07,Sunsilk Shampoo Sachet,1,Body Care,5.00,8.00
2023-09-07,Biogesic 500mg Tablet,3,Medicine,4.00,7.00
2023-09-07,AA Batteries (pair),0,Household,35.00,55.00
2023-09-07,Sewing Needle Pack,0,Household,12.00,25.00
2023-09-08,Cooking Oil 1L,35,Pantry,60.00,75.00
2023-09-08,Bear Brand Powdered Milk 320g,20,Dairy,70.00,90.00
2023-09-08,Alaska Evap Milk 370ml,4,Dairy,32.00,42.00
2023-09-08,Ligo Sardines 155g,8,Canned Goods,18.00,25.00
2023-09-08,Sunsilk Shampoo Sachet,1,Body Care,5.00,8.00
2023-09-08,Biogesic 500mg Tablet,0,Medicine,4.00,7.00
2023-09-08,AA Batteries (pair),0,Household,35.00,55.00
2023-09-08,Sewing Needle Pack,0,Household,12.00,25.00
2023-09-09,Cooking Oil 1L,34,Pantry,60.00,75.00
2023-09-09,Bear Brand Powdered Milk 320g,10,Dairy,70.00,90.00
2023-09-09,Alaska Evap Milk 370ml,4,Dairy,32.00,42.00
2023-09-09,Ligo Sardines 155g,4,Canned Goods,18.00,25.00
2023-09-09,Sunsilk Shampoo Sachet,0,Body Care,5.00,8.00
2023-09-09,Biogesic 500mg Tablet,0,Medicine,4.00,7.00
2023-09-09,AA Batteries (pair),0,Household,35.00,55.00
2023-09-09,Sewing Needle Pack,0,Household,12.00,25.00
2023-09-10,Cooking Oil 1L,39,Pantry,60.00,75.00
2023-09-10,Bear Brand Powdered Milk 320g,8,Dairy,70.00,90.00
2023-09-10,Alaska Evap Milk 370ml,6,Dairy,32.00,42.00
2023-09-10,Ligo Sardines 155g,8,Canned Goods,18.00,25.00
2023-09-10,Sunsilk Shampoo Sachet,1,Body Care,5.00,8.00
2023-09-10,Biogesic 500mg Tablet,1,Medicine,4.00,7.00
2023-09-10,AA Batteries (pair),0,Household,35.00,55.00
2023-09-10,Sewing Needle Pack,0,Household,12.00,25.00
2023-09-11,Cooking Oil 1L,27,Pantry,60.00,75.00
2023-09-11,Bear Brand Powdered Milk 320g,12,Dairy,70.00,90.00
2023-09-11,Alaska Evap Milk 370ml,4,Dairy,32.00,42.00
2023-09-11,Ligo Sardines 155g,2,Canned Goods,18.00,25.00
2023-09-11,Sunsilk Shampoo Sachet,1,Body Care,5.00,8.00
2023-09-11,Biogesic 500mg Tablet,1,Medicine,4.00,7.00
2023-09-11,AA Batteries (pair),0,Household,35.00,55.00
2023-09-11,Sewing Needle Pack,0,Household,12.00,25.00
2023-09-12,Cooking Oil 1L,32,Pantry,60.00,75.00
2023-09-12,Bear Brand Powdered Milk 320g,3,Dairy,70.00,90.00
2023-09-12,Alaska Evap Milk 370ml,4,Dairy,32.00,42.00
2023-09-12,Ligo Sardines 155g,2,Canned Goods,18.00,25.00
2023-09-12,Sunsilk Shampoo Sachet,0,Body Care,5.00,8.00
2023-09-12,Biogesic 500mg Tablet,0,Medicine,4.00,7.00
2023-09-12,AA Batteries (pair),0,Household,35.00,55.00
2023-09-12,Sewing Needle Pack,0,Household,12.00,25.00
2023-09-13,Cooking Oil 1L,31,Pantry,60.00,75.00
2023-09-13,Bear Brand Powdered Milk 320g,8,Dairy,70.00,90.00
2023-09-13,Alaska Evap Milk 370ml,1,Dairy,32.00,42.00
2023-09-13,Ligo Sardines 155g,2,Canned Goods,18.00,25.00
2023-09-13,Sunsilk Shampoo Sachet,1,Body Care,5.00,8.00
2023-09-13,Biogesic 500mg Tablet,1,Medicine,4.00,7.00
2023-09-13,AA Batteries (pair),0,Household,35.00,55.00
2023-09-13,Sewing Needle Pack,0,Household,12.00,25.00
2023-09-14,Cooking Oil 1L,32,Pantry,60.00,75.00
2023-09-14,Bear Brand Powdered Milk 320g,18,Dairy,70.00,90.00
2023-09-14,Alaska Evap Milk 370ml,5,Dairy,32.00,42.00
2023-09-14,Ligo Sardines 155g,2,Canned Goods,18.00,25.00
2023-09-14,Sunsilk Shampoo Sachet,1,Body Care,5.00,8.00
2023-09-14,Biogesic 500mg Tablet,0,Medicine,4.00,7.00
2023-09-14,AA Batteries (pair),0,Household,35.00,55.00
2023-09-14,Sewing Needle Pack,0,Household,12.00,25.00
2023-09-15,Cooking Oil 1L,34,Pantry,60.00,75.00
2023-09-15,Bear Brand Powdered Milk 320g,17,Dairy,70.00,90.00
2023-09-15,Alaska Evap Milk 370ml,3,Dairy,32.00,42.00
2023-09-15,Ligo Sardines 155g,3,Canned Goods,18.00,25.00
2023-09-15,Sunsilk Shampoo Sachet,2,Body Care,5.00,8.00
2023-09-15,Biogesic 500mg Tablet,0,Medicine,4.00,7.00
2023-09-15,AA Batteries (pair),0,Household,35.00,55.00
2023-09-15,Sewing Needle Pack,0,Household,12.00,25.00
2023-09-16,Cooking Oil 1L,35,Pantry,60.00,75.00
2023-09-16,Bear Brand Powdered Milk 320g,24,Dairy,70.00,90.00
2023-09-16,Alaska Evap Milk 370ml,4,Dairy,32.00,42.00
2023-09-16,Ligo Sardines 155g,3,Canned Goods,18.00,25.00
2023-09-16,Sunsilk Shampoo Sachet,3,Body Care,5.00,8.00
2023-09-16,Biogesic 500mg Tablet,0,Medicine,4.00,7.00
2023-09-16,AA Batteries (pair),0,Household,35.00,55.00
2023-09-16,Sewing Needle Pack,0,Household,12.00,25.00
2023-09-17,Cooking Oil 1L,44,Pantry,60.00,75.00
2023-09-17,Bear Brand Powdered Milk 320g,15,Dairy,70.00,90.00
2023-09-17,Alaska Evap Milk 370ml,6,Dairy,32.00,42.00
2023-09-17,Ligo Sardines 155g,6,Canned Goods,18.00,25.00
2023-09-17,Sunsilk Shampoo Sachet,1,Body Care,5.00,8.00
2023-09-17,Biogesic 500mg Tablet,0,Medicine,4.00,7.00
2023-09-17,AA Batteries (pair),0,Household,35.00,55.00
2023-09-17,Sewing Needle Pack,0,Household,12.00,25.00
2023-09-18,Cooking Oil 1L,21,Pantry,60.00,75.00
2023-09-18,Bear Brand Powdered Milk 320g,19,Dairy,70.00,90.00
2023-09-18,Alaska Evap Milk 370ml,2,Dairy,32.00,42.00
2023-09-18,Ligo Sardines 155g,2,Canned Goods,18.00,25.00
2023-09-18,Sunsilk Shampoo Sachet,1,Body Care,5.00,8.00
2023-09-18,Biogesic 500mg Tablet,0,Medicine,4.00,7.00
2023-09-18,AA Batteries (pair),0,Household,35.00,55.00
2023-09-18,Sewing Needle Pack,0,Household,12.00,25.00
2023-09-19,Cooking Oil 1L,19,Pantry,60.00,75.00
2023-09-19,Bear Brand Powdered Milk 320g,10,Dairy,70.00,90.00
2023-09-19,Alaska Evap Milk 370ml,3,Dairy,32.00,42.00
2023-09-19,Ligo Sardines 155g,1,Canned Goods,18.00,25.00
2023-09-19,Sunsilk Shampoo Sachet,3,Body Care,5.00,8.00
2023-09-19,Biogesic 500mg Tablet,1,Medicine,4.00,7.00
2023-09-19,AA Batteries (pair),0,Household,35.00,55.00
2023-09-19,Sewing Needle Pack,1,Household,12.00,25.00
2023-09-20,Cooking Oil 1L,18,Pantry,60.00,75.00
2023-09-20,Bear Brand Powdered Milk 320g,4,Dairy,70.00,90.00
2023-09-20,Alaska Evap Milk 370ml,8,Dairy,32.00,42.00
2023-09-20,Ligo Sardines 155g,4,Canned Goods,18.00,25.00
2023-09-20,Sunsilk Shampoo Sachet,0,Body Care,5.00,8.00
2023-09-20,Biogesic 500mg Tablet,0,Medicine,4.00,7.00
2023-09-20,AA Batteries (pair),0,Household,35.00,55.00
2023-09-20,Sewing Needle Pack,0,Household,12.00,25.00
2023-09-21,Cooking Oil 1L,12,Pantry,60.00,75.00
2023-09-21,Bear Brand Powdered Milk 320g,6,Dairy,70.00,90.00
2023-09-21,Alaska Evap Milk 370ml,3,Dairy,32.00,42.00
2023-09-21,Ligo Sardines 155g,2,Canned Goods,18.00,25.00
2023-09-21,Sunsilk Shampoo Sachet,1,Body Care,5.00,8.00
2023-09-21,Biogesic 500mg Tablet,0,Medicine,4.00,7.00
2023-09-21,AA Batteries (pair),0,Household,35.00,55.00
2023-09-21,Sewing Needle Pack,1,Household,12.00,25.00
2023-09-22,Cooking Oil 1L,47,Pantry,60.00,75.00
2023-09-22,Bear Brand Powdered Milk 320g,4,Dairy,70.00,90.00
2023-09-22,Alaska Evap Milk 370ml,2,Dairy,32.00,42.00
2023-09-22,Ligo Sardines 155g,3,Canned Goods,18.00,25.00
2023-09-22,Sunsilk Shampoo Sachet,0,Body Care,5.00,8.00
2023-09-22,Biogesic 500mg Tablet,0,Medicine,4.00,7.00
2023-09-22,AA Batteries (pair),0,Household,35.00,55.00
2023-09-22,Sewing Needle Pack,0,Household,12.00,25.00
2023-09-23,Cooking Oil 1L,39,Pantry,60.00,75.00
2023-09-23,Bear Brand Powdered Milk 320g,7,Dairy,70.00,90.00
2023-09-23,Alaska Evap Milk 370ml,5,Dairy,32.00,42.00
2023-09-23,Ligo Sardines 155g,3,Canned Goods,18.00,25.00
2023-09-23,Sunsilk Shampoo Sachet,1,Body Care,5.00,8.00
2023-09-23,Biogesic 500mg Tablet,1,Medicine,4.00,7.00
2023-09-23,AA Batteries (pair),0,Household,35.00,55.00
2023-09-23,Sewing Needle Pack,0,Household,12.00,25.00
2023-09-24,Cooking Oil 1L,36,Pantry,60.00,75.00
2023-09-24,Bear Brand Powdered Milk 320g,14,Dairy,70.00,90.00
2023-09-24,Alaska Evap Milk 370ml,4,Dairy,32.00,42.00
2023-09-24,Ligo Sardines 155g,2,Canned Goods,18.00,25.00
2023-09-24,Sunsilk Shampoo Sachet,1,Body Care,5.00,8.00
2023-09-24,Biogesic 500mg Tablet,0,Medicine,4.00,7.00
2023-09-24,AA Batteries (pair),0,Household,35.00,55.00
2023-09-24,Sewing Needle Pack,0,Household,12.00,25.00
2023-09-25,Cooking Oil 1L,31,Pantry,60.00,75.00
2023-09-25,Bear Brand Powdered Milk 320g,17,Dairy,70.00,90.00
2023-09-25,Alaska Evap Milk 370ml,5,Dairy,32.00,42.00
2023-09-25,Ligo Sardines 155g,3,Canned Goods,18.00,25.00
2023-09-25,Sunsilk Shampoo Sachet,1,Body Care,5.00,8.00
2023-09-25,Biogesic 500mg Tablet,1,Medicine,4.00,7.00
2023-09-25,AA Batteries (pair),0,Household,35.00,55.00
2023-09-25,Sewing Needle Pack,0,Household,12.00,25.00
2023-09-26,Cooking Oil 1L,25,Pantry,60.00,75.00
2023-09-26,Bear Brand Powdered Milk 320g,12,Dairy,70.00,90.00
2023-09-26,Alaska Evap Milk 370ml,4,Dairy,32.00,42.00
2023-09-26,Ligo Sardines 155g,1,Canned Goods,18.00,25.00
2023-09-26,Sunsilk Shampoo Sachet,0,Body Care,5.00,8.00
2023-09-26,Biogesic 500mg Tablet,1,Medicine,4.00,7.00
2023-09-26,AA Batteries (pair),0,Household,35.00,55.00
2023-09-26,Sewing Needle Pack,0,Household,12.00,25.00
2023-09-27,Cooking Oil 1L,35,Pantry,60.00,75.00
2023-09-27,Bear Brand Powdered Milk 320g,5,Dairy,70.00,90.00
2023-09-27,Alaska Evap Milk 370ml,5,Dairy,32.00,42.00
2023-09-27,Ligo Sardines 155g,0,Canned Goods,18.00,25.00
2023-09-27,Sunsilk Shampoo Sachet,1,Body Care,5.00,8.00
2023-09-27,Biogesic 500mg Tablet,0,Medicine,4.00,7.00
2023-09-27,AA Batteries (pair),0,Household,35.00,55.00
2023-09-27,Sewing Needle Pack,0,Household,12.00,25.00
2023-09-28,Cooking Oil 1L,41,Pantry,60.00,75.00
2023-09-28,Bear Brand Powdered Milk 320g,7,Dairy,70.00,90.00
2023-09-28,Alaska Evap Milk 370ml,12,Dairy,32.00,42.00
2023-09-28,Ligo Sardines 155g,1,Canned Goods,18.00,25.00
2023-09-28,Sunsilk Shampoo Sachet,1,Body Care,5.00,8.00
2023-09-28,Biogesic 500mg Tablet,0,Medicine,4.00,7.00
2023-09-28,AA Batteries (pair),0,Household,35.00,55.00
2023-09-28,Sewing Needle Pack,0,Household,12.00,25.00
2023-09-29,Cooking Oil 1L,75,Pantry,60.00,75.00
2023-09-29,Bear Brand Powdered Milk 320g,26,Dairy,70.00,90.00
2023-09-29,Alaska Evap Milk 370ml,13,Dairy,32.00,42.00
2023-09-29,Ligo Sardines 155g,0,Canned Goods,18.00,25.00
2023-09-29,Sunsilk Shampoo Sachet,0,Body Care,5.00,8.00
2023-09-29,Biogesic 500mg Tablet,0,Medicine,4.00,7.00
2023-09-29,AA Batteries (pair),0,Household,35.00,55.00
2023-09-29,Sewing Needle Pack,1,Household,12.00,25.00
2023-09-30,Cooking Oil 1L,59,Pantry,60.00,75.00
2023-09-30,Bear Brand Powdered Milk 320g,23,Dairy,70.00,90.00
2023-09-30,Alaska Evap Milk 370ml,9,Dairy,32.00,42.00
2023-09-30,Ligo Sardines 155g,2,Canned Goods,18.00,25.00
2023-09-30,Sunsilk Shampoo Sachet,0,Body Care,5.00,8.00
2023-09-30,Biogesic 500mg Tablet,2,Medicine,4.00,7.00
2023-09-30,AA Batteries (pair),0,Household,35.00,55.00
2023-09-30,Sewing Needle Pack,0,Household,12.00,25.00
2023-10-01,Cooking Oil 1L,28,Pantry,60.00,75.00
2023-10-01,Bear Brand Powdered Milk 320g,27,Dairy,70.00,90.00
2023-10-01,Alaska Evap Milk 370ml,9,Dairy,32.00,42.00
2023-10-01,Ligo Sardines 155g,5,Canned Goods,18.00,25.00
2023-10-01,Sunsilk Shampoo Sachet,1,Body Care,5.00,8.00
2023-10-01,Biogesic 500mg Tablet,1,Medicine,4.00,7.00
2023-10-01,AA Batteries (pair),0,Household,35.00,55.00
2023-10-01,Sewing Needle Pack,0,Household,12.00,25.00
2023-10-02,Cooking Oil 1L,37,Pantry,60.00,75.00
2023-10-02,Bear Brand Powdered Milk 320g,12,Dairy,70.00,90.00
2023-10-02,Alaska Evap Milk 370ml,1,Dairy,32.00,42.00
2023-10-02,Ligo Sardines 155g,4,Canned Goods,18.00,25.00
2023-10-02,Sunsilk Shampoo Sachet,1,Body Care,5.00,8.00
2023-10-02,Biogesic 500mg Tablet,1,Medicine,4.00,7.00
2023-10-02,AA Batteries (pair),0,Household,35.00,55.00
2023-10-02,Sewing Needle Pack,0,Household,12.00,25.00
2023-10-03,Cooking Oil 1L,20,Pantry,60.00,75.00
2023-10-03,Bear Brand Powdered Milk 320g,13,Dairy,70.00,90.00
2023-10-03,Alaska Evap Milk 370ml,4,Dairy,32.00,42.00
2023-10-03,Ligo Sardines 155g,0,Canned Goods,18.00,25.00
2023-10-03,Sunsilk Shampoo Sachet,0,Body Care,5.00,8.00
2023-10-03,Biogesic 500mg Tablet,0,Medicine,4.00,7.00
2023-10-03,AA Batteries (pair),0,Household,35.00,55.00
2023-10-03,Sewing Needle Pack,0,Household,12.00,25.00
2023-10-04,Cooking Oil 1L,23,Pantry,60.00,75.00
2023-10-04,Bear Brand Powdered Milk 320g,11,Dairy,70.00,90.00
2023-10-04,Alaska Evap Milk 370ml,5,Dairy,32.00,42.00
2023-10-04,Ligo Sardines 155g,3,Canned Goods,18.00,25.00
2023-10-04,Sunsilk Shampoo Sachet,0,Body Care,5.00,8.00
2023-10-04,Biogesic 500mg Tablet,0,Medicine,4.00,7.00
2023-10-04,AA Batteries (pair),1,Household,35.00,55.00
2023-10-04,Sewing Needle Pack,0,Household,12.00,25.00
2023-10-05,Cooking Oil 1L,25,Pantry,60.00,75.00
2023-10-05,Bear Brand Powdered Milk 320g,12,Dairy,70.00,90.00
2023-10-05,Alaska Evap Milk 370ml,4,Dairy,32.00,42.00
2023-10-05,Ligo Sardines 155g,4,Canned Goods,18.00,25.00
2023-10-05,Sunsilk Shampoo Sachet,1,Body Care,5.00,8.00
2023-10-05,Biogesic 500mg Tablet,0,Medicine,4.00,7.00
2023-10-05,AA Batteries (pair),0,Household,35.00,55.00
2023-10-05,Sewing Needle Pack,0,Household,12.00,25.00
2023-10-06,Cooking Oil 1L,36,Pantry,60.00,75.00
2023-10-06,Bear Brand Powdered Milk 320g,10,Dairy,70.00,90.00
2023-10-06,Alaska Evap Milk 370ml,4,Dairy,32.00,42.00
2023-10-06,Ligo Sardines 155g,1,Canned Goods,18.00,25.00
2023-10-06,Sunsilk Shampoo Sachet,1,Body Care,5.00,8.00
2023-10-06,Biogesic 500mg Tablet,0,Medicine,4.00,7.00
2023-10-06,AA Batteries (pair),0,Household,35.00,55.00
2023-10-06,Sewing Needle Pack,0,Household,12.00,25.00
2023-10-07,Cooking Oil 1L,34,Pantry,60.00,75.00
2023-10-07,Bear Brand Powdered Milk 320g,13,Dairy,70.00,90.00
2023-10-07,Alaska Evap Milk 370ml,4,Dairy,32.00,42.00
2023-10-07,Ligo Sardines 155g,1,Canned Goods,18.00,25.00
2023-10-07,Sunsilk Shampoo Sachet,1,Body Care,5.00,8.00
2023-10-07,Biogesic 500mg Tablet,0,Medicine,4.00,7.00
2023-10-07,AA Batteries (pair),0,Household,35.00,55.00
2023-10-07,Sewing Needle Pack,0,Household,12.00,25.00
2023-10-08,Cooking Oil 1L,34,Pantry,60.00,75.00
2023-10-08,Bear Brand Powdered Milk 320g,14,Dairy,70.00,90.00
2023-10-08,Alaska Evap Milk 370ml,2,Dairy,32.00,42.00
2023-10-08,Ligo Sardines 155g,2,Canned Goods,18.00,25.00
2023-10-08,Sunsilk Shampoo Sachet,3,Body Care,5.00,8.00
2023-10-08,Biogesic 500mg Tablet,1,Medicine,4.00,7.00
2023-10-08,AA Batteries (pair),1,Household,35.00,55.00
2023-10-08,Sewing Needle Pack,1,Household,12.00,25.00
2023-10-09,Cooking Oil 1L,15,Pantry,60.00,75.00
2023-10-09,Bear Brand Powdered Milk 320g,15,Dairy,70.00,90.00
2023-10-09,Alaska Evap Milk 370ml,4,Dairy,32.00,42.00
2023-10-09,Ligo Sardines 155g,2,Canned Goods,18.00,25.00
2023-10-09,Sunsilk Shampoo Sachet,2,Body Care,5.00,8.00
2023-10-09,Biogesic 500mg Tablet,1,Medicine,4.00,7.00
2023-10-09,AA Batteries (pair),0,Household,35.00,55.00
2023-10-09,Sewing Needle Pack,0,Household,12.00,25.00
2023-10-10,Cooking Oil 1L,26,Pantry,60.00,75.00
2023-10-10,Bear Brand Powdered Milk 320g,15,Dairy,70.00,90.00
2023-10-10,Alaska Evap Milk 370ml,6,Dairy,32.00,42.00
2023-10-10,Ligo Sardines 155g,4,Canned Goods,18.00,25.00
2023-10-10,Sunsilk Shampoo Sachet,2,Body Care,5.00,8.00
2023-10-10,Biogesic 500mg Tablet,0,Medicine,4.00,7.00
2023-10-10,AA Batteries (pair),1,Household,35.00,55.00
2023-10-10,Sewing Needle Pack,1,Household,12.00,25.00
2023-10-11,Cooking Oil 1L,32,Pantry,60.00,75.00
2023-10-11,Bear Brand Powdered Milk 320g,6,Dairy,70.00,90.00
2023-10-11,Alaska Evap Milk 370ml,5,Dairy,32.00,42.00
2023-10-11,Ligo Sardines 155g,3,Canned Goods,18.00,25.00
2023-10-11,Sunsilk Shampoo Sachet,0,Body Care,5.00,8.00
2023-10-11,Biogesic 500mg Tablet,1,Medicine,4.00,7.00
2023-10-11,AA Batteries (pair),0,Household,35.00,55.00
2023-10-11,Sewing Needle Pack,1,Household,12.00,25.00
2023-10-12,Cooking Oil 1L,47,Pantry,60.00,75.00
2023-10-12,Bear Brand Powdered Milk 320g,19,Dairy,70.00,90.00
2023-10-12,Alaska Evap Milk 370ml,10,Dairy,32.00,42.00
2023-10-12,Ligo Sardines 155g,2,Canned Goods,18.00,25.00
2023-10-12,Sunsilk Shampoo Sachet,1,Body Care,5.00,8.00
2023-10-12,Biogesic 500mg Tablet,0,Medicine,4.00,7.00
2023-10-12,AA Batteries (pair),0,Household,35.00,55.00
2023-10-12,Sewing Needle Pack,1,Household,12.00,25.00
2023-10-13,Cooking Oil 1L,36,Pantry,60.00,75.00
2023-10-13,Bear Brand Powdered Milk 320g,17,Dairy,70.00,90.00
2023-10-13,Alaska Evap Milk 370ml,6,Dairy,32.00,42.00
2023-10-13,Ligo Sardines 155g,3,Canned Goods,18.00,25.00
2023-10-13,Sunsilk Shampoo Sachet,0,Body Care,5.00,8.00
2023-10-13,Biogesic 500mg Tablet,0,Medicine,4.00,7.00
2023-10-13,AA Batteries (pair),1,Household,35.00,55.00
2023-10-13,Sewing Needle Pack,0,Household,12.00,25.00
2023-10-14,Cooking Oil 1L,36,Pantry,60.00,75.00
2023-10-14,Bear Brand Powdered Milk 320g,20,Dairy,70.00,90.00
2023-10-14,Alaska Evap Milk 370ml,4,Dairy,32.00,42.00
2023-10-14,Ligo Sardines 155g,2,Canned Goods,18.00,25.00
2023-10-14,Sunsilk Shampoo Sachet,0,Body Care,5.00,8.00
2023-10-14,Biogesic 500mg Tablet,0,Medicine,4.00,7.00
2023-10-14,AA Batteries (pair),0,Household,35.00,55.00
2023-10-14,Sewing Needle Pack,0,Household,12.00,25.00
2023-10-15,Cooking Oil 1L,16,Pantry,60.00,75.00
2023-10-15,Bear Brand Powdered Milk 320g,8,Dairy,70.00,90.00
2023-10-15,Alaska Evap Milk 370ml,3,Dairy,32.00,42.00
2023-10-15,Ligo Sardines 155g,1,Canned Goods,18.00,25.00
2023-10-15,Sunsilk Shampoo Sachet,2,Body Care,5.00,8.00
2023-10-15,Biogesic 500mg Tablet,0,Medicine,4.00,7.00
2023-10-15,AA Batteries (pair),0,Household,35.00,55.00
2023-10-15,Sewing Needle Pack,0,Household,12.00,25.00
2023-10-16,Cooking Oil 1L,34,Pantry,60.00,75.00
2023-10-16,Bear Brand Powdered Milk 320g,12,Dairy,70.00,90.00
2023-10-16,Alaska Evap Milk 370ml,5,Dairy,32.00,42.00
2023-10-16,Ligo Sardines 155g,3,Canned Goods,18.00,25.00
2023-10-16,Sunsilk Shampoo Sachet,3,Body Care,5.00,8.00
2023-10-16,Biogesic 500mg Tablet,0,Medicine,4.00,7.00
2023-10-16,AA Batteries (pair),0,Household,35.00,55.00
2023-10-16,Sewing Needle Pack,0,Household,12.00,25.00
2023-10-17,Cooking Oil 1L,32,Pantry,60.00,75.00
2023-10-17,Bear Brand Powdered Milk 320g,13,Dairy,70.00,90.00
2023-10-17,Alaska Evap Milk 370ml,3,Dairy,32.00,42.00
2023-10-17,Ligo Sardines 155g,3,Canned Goods,18.00,25.00
2023-10-17,Sunsilk Shampoo Sachet,1,Body Care,5.00,8.00
2023-10-17,Biogesic 500mg Tablet,0,Medicine,4.00,7.00
2023-10-17,AA Batteries (pair),0,Household,35.00,55.00
2023-10-17,Sewing Needle Pack,0,Household,12.00,25.00
2023-10-18,Cooking Oil 1L,29,Pantry,60.00,75.00
2023-10-18,Bear Brand Powdered Milk 320g,21,Dairy,70.00,90.00
2023-10-18,Alaska Evap Milk 370ml,5,Dairy,32.00,42.00
2023-10-18,Ligo Sardines 155g,3,Canned Goods,18.00,25.00
2023-10-18,Sunsilk Shampoo Sachet,3,Body Care,5.00,8.00
2023-10-18,Biogesic 500mg Tablet,0,Medicine,4.00,7.00
2023-10-18,AA Batteries (pair),1,Household,35.00,55.00
2023-10-18,Sewing Needle Pack,0,Household,12.00,25.00
2023-10-19,Cooking Oil 1L,25,Pantry,60.00,75.00
2023-10-19,Bear Brand Powdered Milk 320g,13,Dairy,70.00,90.00
2023-10-19,Alaska Evap Milk 370ml,7,Dairy,32.00,42.00
2023-10-19,Ligo Sardines 155g,2,Canned Goods,18.00,25.00
2023-10-19,Sunsilk Shampoo Sachet,1,Body Care,5.00,8.00
2023-10-19,Biogesic 500mg Tablet,0,Medicine,4.00,7.00
2023-10-19,AA Batteries (pair),0,Household,35.00,55.00
2023-10-19,Sewing Needle Pack,0,Household,12.00,25.00
2023-10-20,Cooking Oil 1L,60,Pantry,60.00,75.00
2023-10-20,Bear Brand Powdered Milk 320g,29,Dairy,70.00,90.00
2023-10-20,Alaska Evap Milk 370ml,5,Dairy,32.00,42.00
2023-10-20,Ligo Sardines 155g,0,Canned Goods,18.00,25.00
2023-10-20,Sunsilk Shampoo Sachet,2,Body Care,5.00,8.00
2023-10-20,Biogesic 500mg Tablet,0,Medicine,4.00,7.00
2023-10-20,AA Batteries (pair),0,Household,35.00,55.00
2023-10-20,Sewing Needle Pack,0,Household,12.00,25.00
2023-10-21,Cooking Oil 1L,51,Pantry,60.00,75.00
2023-10-21,Bear Brand Powdered Milk 320g,22,Dairy,70.00,90.00
2023-10-21,Alaska Evap Milk 370ml,7,Dairy,32.00,42.00
2023-10-21,Ligo Sardines 155g,4,Canned Goods,18.00,25.00
2023-10-21,Sunsilk Shampoo Sachet,3,Body Care,5.00,8.00
2023-10-21,Biogesic 500mg Tablet,0,Medicine,4.00,7.00
2023-10-21,AA Batteries (pair),0,Household,35.00,55.00
2023-10-21,Sewing Needle Pack,0,Household,12.00,25.00
2023-10-22,Cooking Oil 1L,45,Pantry,60.00,75.00
2023-10-22,Bear Brand Powdered Milk 320g,11,Dairy,70.00,90.00
2023-10-22,Alaska Evap Milk 370ml,4,Dairy,32.00,42.00
2023-10-22,Ligo Sardines 155g,4,Canned Goods,18.00,25.00
2023-10-22,Sunsilk Shampoo Sachet,0,Body Care,5.00,8.00
2023-10-22,Biogesic 500mg Tablet,2,Medicine,4.00,7.00
2023-10-22,AA Batteries (pair),1,Household,35.00,55.00
2023-10-22,Sewing Needle Pack,0,Household,12.00,25.00
2023-10-23,Cooking Oil 1L,37,Pantry,60.00,75.00
2023-10-23,Bear Brand Powdered Milk 320g,9,Dairy,70.00,90.00
2023-10-23,Alaska Evap Milk 370ml,5,Dairy,32.00,42.00
2023-10-23,Ligo Sardines 155g,2,Canned Goods,18.00,25.00
2023-10-23,Sunsilk Shampoo Sachet,0,Body Care,5.00,8.00
2023-10-23,Biogesic 500mg Tablet,1,Medicine,4.00,7.00
2023-10-23,AA Batteries (pair),0,Household,35.00,55.00
2023-10-23,Sewing Needle Pack,0,Household,12.00,25.00
2023-10-24,Cooking Oil 1L,31,Pantry,60.00,75.00
2023-10-24,Bear Brand Powdered Milk 320g,7,Dairy,70.00,90.00
2023-10-24,Alaska Evap Milk 370ml,3,Dairy,32.00,42.00
2023-10-24,Ligo Sardines 155g,1,Canned Goods,18.00,25.00
2023-10-24,Sunsilk Shampoo Sachet,2,Body Care,5.00,8.00
2023-10-24,Biogesic 500mg Tablet,0,Medicine,4.00,7.00
2023-10-24,AA Batteries (pair),0,Household,35.00,55.00
2023-10-24,Sewing Needle Pack,0,Household,12.00,25.00
2023-10-25,Cooking Oil 1L,14,Pantry,60.00,75.00
2023-10-25,Bear Brand Powdered Milk 320g,9,Dairy,70.00,90.00
2023-10-25,Alaska Evap Milk 370ml,5,Dairy,32.00,42.00
2023-10-25,Ligo Sardines 155g,1,Canned Goods,18.00,25.00
2023-10-25,Sunsilk Shampoo Sachet,0,Body Care,5.00,8.00
2023-10-25,Biogesic 500mg Tablet,0,Medicine,4.00,7.00
2023-10-25,AA Batteries (pair),0,Household,35.00,55.00
2023-10-25,Sewing Needle Pack,1,Household,12.00,25.00
2023-10-26,Cooking Oil 1L,24,Pantry,60.00,75.00
2023-10-26,Bear Brand Powdered Milk 320g,6,Dairy,70.00,90.00
2023-10-26,Alaska Evap Milk 370ml,4,Dairy,32.00,42.00
2023-10-26,Ligo Sardines 155g,3,Canned Goods,18.00,25.00
2023-10-26,Sunsilk Shampoo Sachet,2,Body Care,5.00,8.00
2023-10-26,Biogesic 500mg Tablet,0,Medicine,4.00,7.00
2023-10-26,AA Batteries (pair),0,Household,35.00,55.00
2023-10-26,Sewing Needle Pack,0,Household,12.00,25.00
2023-10-27,Cooking Oil 1L,41,Pantry,60.00,75.00
2023-10-27,Bear Brand Powdered Milk 320g,14,Dairy,70.00,90.00
2023-10-27,Alaska Evap Milk 370ml,2,Dairy,32.00,42.00
2023-10-27,Ligo Sardines 155g,0,Canned Goods,18.00,25.00
2023-10-27,Sunsilk Shampoo Sachet,0,Body Care,5.00,8.00
2023-10-27,Biogesic 500mg Tablet,3,Medicine,4.00,7.00
2023-10-27,AA Batteries (pair),0,Household,35.00,55.00
2023-10-27,Sewing Needle Pack,0,Household,12.00,25.00
2023-10-28,Cooking Oil 1L,41,Pantry,60.00,75.00
2023-10-28,Bear Brand Powdered Milk 320g,14,Dairy,70.00,90.00
2023-10-28,Alaska Evap Milk 370ml,6,Dairy,32.00,42.00
2023-10-28,Ligo Sardines 155g,2,Canned Goods,18.00,25.00
2023-10-28,Sunsilk Shampoo Sachet,1,Body Care,5.00,8.00
2023-10-28,Biogesic 500mg Tablet,1,Medicine,4.00,7.00
2023-10-28,AA Batteries (pair),0,Household,35.00,55.00
2023-10-28,Sewing Needle Pack,0,Household,12.00,25.00
2023-10-29,Cooking Oil 1L,57,Pantry,60.00,75.00
2023-10-29,Bear Brand Powdered Milk 320g,22,Dairy,70.00,90.00
2023-10-29,Alaska Evap Milk 370ml,5,Dairy,32.00,42.00
2023-10-29,Ligo Sardines 155g,3,Canned Goods,18.00,25.00
2023-10-29,Sunsilk Shampoo Sachet,0,Body Care,5.00,8.00
2023-10-29,Biogesic 500mg Tablet,0,Medicine,4.00,7.00
2023-10-29,AA Batteries (pair),0,Household,35.00,55.00
2023-10-29,Sewing Needle Pack,0,Household,12.00,25.00
2023-10-30,Cooking Oil 1L,31,Pantry,60.00,75.00
2023-10-30,Bear Brand Powdered Milk 320g,13,Dairy,70.00,90.00
2023-10-30,Alaska Evap Milk 370ml,1,Dairy,32.00,42.00
2023-10-30,Ligo Sardines 155g,5,Canned Goods,18.00,25.00
2023-10-30,Sunsilk Shampoo Sachet,1,Body Care,5.00,8.00
2023-10-30,Biogesic 500mg Tablet,0,Medicine,4.00,7.00
2023-10-30,AA Batteries (pair),0,Household,35.00,55.00
2023-10-30,Sewing Needle Pack,0,Household,12.00,25.00
2023-10-31,Cooking Oil 1L,42,Pantry,60.00,75.00
2023-10-31,Bear Brand Powdered Milk 320g,8,Dairy,70.00,90.00
2023-10-31,Alaska Evap Milk 370ml,3,Dairy,32.00,42.00
2023-10-31,Ligo Sardines 155g,3,Canned Goods,18.00,25.00
2023-10-31,Sunsilk Shampoo Sachet,1,Body Care,5.00,8.00
2023-10-31,Biogesic 500mg Tablet,1,Medicine,4.00,7.00
2023-10-31,AA Batteries (pair),0,Household,35.00,55.00
2023-10-31,Sewing Needle Pack,1,Household,12.00,25.00
2023-11-01,Cooking Oil 1L,42,Pantry,60.00,75.00
2023-11-01,Bear Brand Powdered Milk 320g,9,Dairy,70.00,90.00
2023-11-01,Alaska Evap Milk 370ml,8,Dairy,32.00,42.00
2023-11-01,Ligo Sardines 155g,6,Canned Goods,18.00,25.00
2023-11-01,Sunsilk Shampoo Sachet,0,Body Care,5.00,8.00
2023-11-01,Biogesic 500mg Tablet,0,Medicine,4.00,7.00
2023-11-01,AA Batteries (pair),0,Household,35.00,55.00
2023-11-01,Sewing Needle Pack,0,Household,12.00,25.00
2023-11-02,Cooking Oil 1L,63,Pantry,60.00,75.00
2023-11-02,Bear Brand Powdered Milk 320g,12,Dairy,70.00,90.00
2023-11-02,Alaska Evap Milk 370ml,6,Dairy,32.00,42.00
2023-11-02,Ligo Sardines 155g,3,Canned Goods,18.00,25.00
2023-11-02,Sunsilk Shampoo Sachet,0,Body Care,5.00,8.00
2023-11-02,Biogesic 500mg Tablet,0,Medicine,4.00,7.00
2023-11-02,AA Batteries (pair),0,Household,35.00,55.00
2023-11-02,Sewing Needle Pack,2,Household,12.00,25.00
2023-11-03,Cooking Oil 1L,40,Pantry,60.00,75.00
2023-11-03,Bear Brand Powdered Milk 320g,10,Dairy,70.00,90.00
2023-11-03,Alaska Evap Milk 370ml,5,Dairy,32.00,42.00
2023-11-03,Ligo Sardines 155g,2,Canned Goods,18.00,25.00
2023-11-03,Sunsilk Shampoo Sachet,4,Body Care,5.00,8.00
2023-11-03,Biogesic 500mg Tablet,0,Medicine,4.00,7.00
2023-11-03,AA Batteries (pair),0,Household,35.00,55.00
2023-11-03,Sewing Needle Pack,0,Household,12.00,25.00
2023-11-04,Cooking Oil 1L,31,Pantry,60.00,75.00
2023-11-04,Bear Brand Powdered Milk 320g,15,Dairy,70.00,90.00
2023-11-04,Alaska Evap Milk 370ml,1,Dairy,32.00,42.00
2023-11-04,Ligo Sardines 155g,4,Canned Goods,18.00,25.00
2023-11-04,Sunsilk Shampoo Sachet,3,Body Care,5.00,8.00
2023-11-04,Biogesic 500mg Tablet,0,Medicine,4.00,7.00
2023-11-04,AA Batteries (pair),0,Household,35.00,55.00
2023-11-04,Sewing Needle Pack,0,Household,12.00,25.00
2023-11-05,Cooking Oil 1L,40,Pantry,60.00,75.00
2023-11-05,Bear Brand Powdered Milk 320g,16,Dairy,70.00,90.00
2023-11-05,Alaska Evap Milk 370ml,4,Dairy,32.00,42.00
2023-11-05,Ligo Sardines 155g,6,Canned Goods,18.00,25.00
2023-11-05,Sunsilk Shampoo Sachet,2,Body Care,5.00,8.00
2023-11-05,Biogesic 500mg Tablet,0,Medicine,4.00,7.00
2023-11-05,AA Batteries (pair),0,Household,35.00,55.00
2023-11-05,Sewing Needle Pack,1,Household,12.00,25.00
2023-11-06,Cooking Oil 1L,32,Pantry,60.00,75.00
2023-11-06,Bear Brand Powdered Milk 320g,8,Dairy,70.00,90.00
2023-11-06,Alaska Evap Milk 370ml,1,Dairy,32.00,42.00
2023-11-06,Ligo Sardines 155g,1,Canned Goods,18.00,25.00
2023-11-06,Sunsilk Shampoo Sachet,0,Body Care,5.00,8.00
2023-11-06,Biogesic 500mg Tablet,0,Medicine,4.00,7.00
2023-11-06,AA Batteries (pair),0,Household,35.00,55.00
2023-11-06,Sewing Needle Pack,0,Household,12.00,25.00
2023-11-07,Cooking Oil 1L,40,Pantry,60.00,75.00
2023-11-07,Bear Brand Powdered Milk 320g,9,Dairy,70.00,90.00
2023-11-07,Alaska Evap Milk 370ml,7,Dairy,32.00,42.00
2023-11-07,Ligo Sardines 155g,1,Canned Goods,18.00,25.00
2023-11-07,Sunsilk Shampoo Sachet,0,Body Care,5.00,8.00
2023-11-07,Biogesic 500mg Tablet,1,Medicine,4.00,7.00
2023-11-07,AA Batteries (pair),1,Household,35.00,55.00
2023-11-07,Sewing Needle Pack,0,Household,12.00,25.00
2023-11-08,Cooking Oil 1L,28,Pantry,60.00,75.00
2023-11-08,Bear Brand Powdered Milk 320g,14,Dairy,70.00,90.00
2023-11-08,Alaska Evap Milk 370ml,4,Dairy,32.00,42.00
2023-11-08,Ligo Sardines 155g,1,Canned Goods,18.00,25.00
2023-11-08,Sunsilk Shampoo Sachet,0,Body Care,5.00,8.00
2023-11-08,Biogesic 500mg Tablet,0,Medicine,4.00,7.00
2023-11-08,AA Batteries (pair),0,Household,35.00,55.00
2023-11-08,Sewing Needle Pack,0,Household,12.00,25.00
2023-11-09,Cooking Oil 1L,22,Pantry,60.00,75.00
2023-11-09,Bear Brand Powdered Milk 320g,14,Dairy,70.00,90.00
2023-11-09,Alaska Evap Milk 370ml,0,Dairy,32.00,42.00
2023-11-09,Ligo Sardines 155g,1,Canned Goods,18.00,25.00
2023-11-09,Sunsilk Shampoo Sachet,3,Body Care,5.00,8.00
2023-11-09,Biogesic 500mg Tablet,0,Medicine,4.00,7.00
2023-11-09,AA Batteries (pair),0,Household,35.00,55.00
2023-11-09,Sewing Needle Pack,0,Household,12.00,25.00
2023-11-10,Cooking Oil 1L,31,Pantry,60.00,75.00
2023-11-10,Bear Brand Powdered Milk 320g,16,Dairy,70.00,90.00
2023-11-10,Alaska Evap Milk 370ml,5,Dairy,32.00,42.00
2023-11-10,Ligo Sardines 155g,2,Canned Goods,18.00,25.00
2023-11-10,Sunsilk Shampoo Sachet,1,Body Care,5.00,8.00
2023-11-10,Biogesic 500mg Tablet,2,Medicine,4.00,7.00
2023-11-10,AA Batteries (pair),0,Household,35.00,55.00
2023-11-10,Sewing Needle Pack,0,Household,12.00,25.00
2023-11-11,Cooking Oil 1L,47,Pantry,60.00,75.00
2023-11-11,Bear Brand Powdered Milk 320g,6,Dairy,70.00,90.00
2023-11-11,Alaska Evap Milk 370ml,6,Dairy,32.00,42.00
2023-11-11,Ligo Sardines 155g,3,Canned Goods,18.00,25.00
2023-11-11,Sunsilk Shampoo Sachet,0,Body Care,5.00,8.00
2023-11-11,Biogesic 500mg Tablet,2,Medicine,4.00,7.00
2023-11-11,AA Batteries (pair),0,Household,35.00,55.00
2023-11-11,Sewing Needle Pack,0,Household,12.00,25.00
2023-11-12,Cooking Oil 1L,18,Pantry,60.00,75.00
2023-11-12,Bear Brand Powdered Milk 320g,12,Dairy,70.00,90.00
2023-11-12,Alaska Evap Milk 370ml,4,Dairy,32.00,42.00
2023-11-12,Ligo Sardines 155g,1,Canned Goods,18.00,25.00
2023-11-12,Sunsilk Shampoo Sachet,0,Body Care,5.00,8.00
2023-11-12,Biogesic 500mg Tablet,1,Medicine,4.00,7.00
2023-11-12,AA Batteries (pair),0,Household,35.00,55.00
2023-11-12,Sewing Needle Pack,0,Household,12.00,25.00
2023-11-13,Cooking Oil 1L,10,Pantry,60.00,75.00
2023-11-13,Bear Brand Powdered Milk 320g,16,Dairy,70.00,90.00
2023-11-13,Alaska Evap Milk 370ml,4,Dairy,32.00,42.00
2023-11-13,Ligo Sardines 155g,0,Canned Goods,18.00,25.00
2023-11-13,Sunsilk Shampoo Sachet,3,Body Care,5.00,8.00
2023-11-13,Biogesic 500mg Tablet,1,Medicine,4.00,7.00
2023-11-13,AA Batteries (pair),0,Household,35.00,55.00
2023-11-13,Sewing Needle Pack,0,Household,12.00,25.00
2023-11-14,Cooking Oil 1L,22,Pantry,60.00,75.00
2023-11-14,Bear Brand Powdered Milk 320g,10,Dairy,70.00,90.00
2023-11-14,Alaska Evap Milk 370ml,3,Dairy,32.00,42.00
2023-11-14,Ligo Sardines 155g,3,Canned Goods,18.00,25.00
2023-11-14,Sunsilk Shampoo Sachet,1,Body Care,5.00,8.00
2023-11-14,Biogesic 500mg Tablet,1,Medicine,4.00,7.00
2023-11-14,AA Batteries (pair),0,Household,35.00,55.00
2023-11-14,Sewing Needle Pack,0,Household,12.00,25.00
2023-11-15,Cooking Oil 1L,34,Pantry,60.00,75.00
2023-11-15,Bear Brand Powdered Milk 320g,18,Dairy,70.00,90.00
2023-11-15,Alaska Evap Milk 370ml,3,Dairy,32.00,42.00
2023-11-15,Ligo Sardines 155g,2,Canned Goods,18.00,25.00
2023-11-15,Sunsilk Shampoo Sachet,0,Body Care,5.00,8.00
2023-11-15,Biogesic 500mg Tablet,1,Medicine,4.00,7.00
2023-11-15,AA Batteries (pair),0,Household,35.00,55.00
2023-11-15,Sewing Needle Pack,0,Household,12.00,25.00
2023-11-16,Cooking Oil 1L,20,Pantry,60.00,75.00
2023-11-16,Bear Brand Powdered Milk 320g,13,Dairy,70.00,90.00
2023-11-16,Alaska Evap Milk 370ml,4,Dairy,32.00,42.00
2023-11-16,Ligo Sardines 155g,1,Canned Goods,18.00,25.00
2023-11-16,Sunsilk Shampoo Sachet,0,Body Care,5.00,8.00
2023-11-16,Biogesic 500mg Tablet,1,Medicine,4.00,7.00
2023-11-16,AA Batteries (pair),0,Household,35.00,55.00
2023-11-16,Sewing Needle Pack,0,Household,12.00,25.00
2023-11-17,Cooking Oil 1L,38,Pantry,60.00,75.00
2023-11-17,Bear Brand Powdered Milk 320g,17,Dairy,70.00,90.00
2023-11-17,Alaska Evap Milk 370ml,4,Dairy,32.00,42.00
2023-11-17,Ligo Sardines 155g,5,Canned Goods,18.00,25.00
2023-11-17,Sunsilk Shampoo Sachet,0,Body Care,5.00,8.00
2023-11-17,Biogesic 500mg Tablet,2,Medicine,4.00,7.00
2023-11-17,AA Batteries (pair),0,Household,35.00,55.00
2023-11-17,Sewing Needle Pack,0,Household,12.00,25.00
2023-11-18,Cooking Oil 1L,31,Pantry,60.00,75.00
2023-11-18,Bear Brand Powdered Milk 320g,13,Dairy,70.00,90.00
2023-11-18,Alaska Evap Milk 370ml,6,Dairy,32.00,42.00
2023-11-18,Ligo Sardines 155g,4,Canned Goods,18.00,25.00
2023-11-18,Sunsilk Shampoo Sachet,1,Body Care,5.00,8.00
2023-11-18,Biogesic 500mg Tablet,1,Medicine,4.00,7.00
2023-11-18,AA Batteries (pair),0,Household,35.00,55.00
2023-11-18,Sewing Needle Pack,1,Household,12.00,25.00
2023-11-19,Cooking Oil 1L,34,Pantry,60.00,75.00
2023-11-19,Bear Brand Powdered Milk 320g,4,Dairy,70.00,90.00
2023-11-19,Alaska Evap Milk 370ml,9,Dairy,32.00,42.00
2023-11-19,Ligo Sardines 155g,1,Canned Goods,18.00,25.00
2023-11-19,Sunsilk Shampoo Sachet,1,Body Care,5.00,8.00
2023-11-19,Biogesic 500mg Tablet,1,Medicine,4.00,7.00
2023-11-19,AA Batteries (pair),1,Household,35.00,55.00
2023-11-19,Sewing Needle Pack,1,Household,12.00,25.00
2023-11-20,Cooking Oil 1L,26,Pantry,60.00,75.00
2023-11-20,Bear Brand Powdered Milk 320g,12,Dairy,70.00,90.00
2023-11-20,Alaska Evap Milk 370ml,5,Dairy,32.00,42.00
2023-11-20,Ligo Sardines 155g,2,Canned Goods,18.00,25.00
2023-11-20,Sunsilk Shampoo Sachet,2,Body Care,5.00,8.00
2023-11-20,Biogesic 500mg Tablet,0,Medicine,4.00,7.00
2023-11-20,AA Batteries (pair),0,Household,35.00,55.00
2023-11-20,Sewing Needle Pack,0,Household,12.00,25.00
2023-11-21,Cooking Oil 1L,37,Pantry,60.00,75.00
2023-11-21,Bear Brand Powdered Milk 320g,10,Dairy,70.00,90.00
2023-11-21,Alaska Evap Milk 370ml,8,Dairy,32.00,42.00
2023-11-21,Ligo Sardines 155g,1,Canned Goods,18.00,25.00
2023-11-21,Sunsilk Shampoo Sachet,1,Body Care,5.00,8.00
2023-11-21,Biogesic 500mg Tablet,0,Medicine,4.00,7.00
2023-11-21,AA Batteries (pair),0,Household,35.00,55.00
2023-11-21,Sewing Needle Pack,0,Household,12.00,25.00
2023-11-22,Cooking Oil 1L,13,Pantry,60.00,75.00
2023-11-22,Bear Brand Powdered Milk 320g,12,Dairy,70.00,90.00
2023-11-22,Alaska Evap Milk 370ml,4,Dairy,32.00,42.00
2023-11-22,Ligo Sardines 155g,5,Canned Goods,18.00,25.00
2023-11-22,Sunsilk Shampoo Sachet,1,Body Care,5.00,8.00
2023-11-22,Biogesic 500mg Tablet,1,Medicine,4.00,7.00
2023-11-22,AA Batteries (pair),1,Household,35.00,55.00
2023-11-22,Sewing Needle Pack,0,Household,12.00,25.00
2023-11-23,Cooking Oil 1L,28,Pantry,60.00,75.00
2023-11-23,Bear Brand Powdered Milk 320g,16,Dairy,70.00,90.00
2023-11-23,Alaska Evap Milk 370ml,5,Dairy,32.00,42.00
2023-11-23,Ligo Sardines 155g,1,Canned Goods,18.00,25.00
2023-11-23,Sunsilk Shampoo Sachet,1,Body Care,5.00,8.00
2023-11-23,Biogesic 500mg Tablet,0,Medicine,4.00,7.00
2023-11-23,AA Batteries (pair),0,Household,35.00,55.00
2023-11-23,Sewing Needle Pack,0,Household,12.00,25.00
2023-11-24,Cooking Oil 1L,37,Pantry,60.00,75.00
2023-11-24,Bear Brand Powdered Milk 320g,11,Dairy,70.00,90.00
2023-11-24,Alaska Evap Milk 370ml,5,Dairy,32.00,42.00
2023-11-24,Ligo Sardines 155g,3,Canned Goods,18.00,25.00
2023-11-24,Sunsilk Shampoo Sachet,1,Body Care,5.00,8.00
2023-11-24,Biogesic 500mg Tablet,0,Medicine,4.00,7.00
2023-11-24,AA Batteries (pair),0,Household,35.00,55.00
2023-11-24,Sewing Needle Pack,0,Household,12.00,25.00
2023-11-25,Cooking Oil 1L,40,Pantry,60.00,75.00
2023-11-25,Bear Brand Powdered Milk 320g,11,Dairy,70.00,90.00
2023-11-25,Alaska Evap Milk 370ml,6,Dairy,32.00,42.00
2023-11-25,Ligo Sardines 155g,2,Canned Goods,18.00,25.00
2023-11-25,Sunsilk Shampoo Sachet,0,Body Care,5.00,8.00
2023-11-25,Biogesic 500mg Tablet,2,Medicine,4.00,7.00
2023-11-25,AA Batteries (pair),1,Household,35.00,55.00
2023-11-25,Sewing Needle Pack,0,Household,12.00,25.00
2023-11-26,Cooking Oil 1L,36,Pantry,60.00,75.00
2023-11-26,Bear Brand Powdered Milk 320g,10,Dairy,70.00,90.00
2023-11-26,Alaska Evap Milk 370ml,2,Dairy,32.00,42.00
2023-11-26,Ligo Sardines 155g,1,Canned Goods,18.00,25.00
2023-11-26,Sunsilk Shampoo Sachet,0,Body Care,5.00,8.00
2023-11-26,Biogesic 500mg Tablet,2,Medicine,4.00,7.00
2023-11-26,AA Batteries (pair),1,Household,35.00,55.00
2023-11-26,Sewing Needle Pack,0,Household,12.00,25.00
2023-11-27,Cooking Oil 1L,20,Pantry,60.00,75.00
2023-11-27,Bear Brand Powdered Milk 320g,15,Dairy,70.00,90.00
2023-11-27,Alaska Evap Milk 370ml,2,Dairy,32.00,42.00
2023-11-27,Ligo Sardines 155g,0,Canned Goods,18.00,25.00
2023-11-27,Sunsilk Shampoo Sachet,1,Body Care,5.00,8.00
2023-11-27,Biogesic 500mg Tablet,0,Medicine,4.00,7.00
2023-11-27,AA Batteries (pair),0,Household,35.00,55.00
2023-11-27,Sewing Needle Pack,0,Household,12.00,25.00
2023-11-28,Cooking Oil 1L,35,Pantry,60.00,75.00
2023-11-28,Bear Brand Powdered Milk 320g,18,Dairy,70.00,90.00
2023-11-28,Alaska Evap Milk 370ml,7,Dairy,32.00,42.00
2023-11-28,Ligo Sardines 155g,4,Canned Goods,18.00,25.00
2023-11-28,Sunsilk Shampoo Sachet,1,Body Care,5.00,8.00
2023-11-28,Biogesic 500mg Tablet,0,Medicine,4.00,7.00
2023-11-28,AA Batteries (pair),0,Household,35.00,55.00
2023-11-28,Sewing Needle Pack,0,Household,12.00,25.00
2023-11-29,Cooking Oil 1L,49,Pantry,60.00,75.00
2023-11-29,Bear Brand Powdered Milk 320g,19,Dairy,70.00,90.00
2023-11-29,Alaska Evap Milk 370ml,4,Dairy,32.00,42.00
2023-11-29,Ligo Sardines 155g,3,Canned Goods,18.00,25.00
2023-11-29,Sunsilk Shampoo Sachet,1,Body Care,5.00,8.00
2023-11-29,Biogesic 500mg Tablet,0,Medicine,4.00,7.00
2023-11-29,AA Batteries (pair),0,Household,35.00,55.00
2023-11-29,Sewing Needle Pack,0,Household,12.00,25.00
2023-11-30,Cooking Oil 1L,34,Pantry,60.00,75.00
2023-11-30,Bear Brand Powdered Milk 320g,14,Dairy,70.00,90.00
2023-11-30,Alaska Evap Milk 370ml,6,Dairy,32.00,42.00
2023-11-30,Ligo Sardines 155g,3,Canned Goods,18.00,25.00
2023-11-30,Sunsilk Shampoo Sachet,0,Body Care,5.00,8.00
2023-11-30,Biogesic 500mg Tablet,0,Medicine,4.00,7.00
2023-11-30,AA Batteries (pair),0,Household,35.00,55.00
2023-11-30,Sewing Needle Pack,0,Household,12.00,25.00
2023-12-01,Cooking Oil 1L,18,Pantry,60.00,75.00
2023-12-01,Bear Brand Powdered Milk 320g,16,Dairy,70.00,90.00
2023-12-01,Alaska Evap Milk 370ml,6,Dairy,32.00,42.00
2023-12-01,Ligo Sardines 155g,3,Canned Goods,18.00,25.00
2023-12-01,Sunsilk Shampoo Sachet,2,Body Care,5.00,8.00
2023-12-01,Biogesic 500mg Tablet,1,Medicine,4.00,7.00
2023-12-01,AA Batteries (pair),0,Household,35.00,55.00
2023-12-01,Sewing Needle Pack,0,Household,12.00,25.00
2023-12-02,Cooking Oil 1L,54,Pantry,60.00,75.00
2023-12-02,Bear Brand Powdered Milk 320g,11,Dairy,70.00,90.00
2023-12-02,Alaska Evap Milk 370ml,4,Dairy,32.00,42.00
2023-12-02,Ligo Sardines 155g,3,Canned Goods,18.00,25.00
2023-12-02,Sunsilk Shampoo Sachet,1,Body Care,5.00,8.00
2023-12-02,Biogesic 500mg Tablet,0,Medicine,4.00,7.00
2023-12-02,AA Batteries (pair),0,Household,35.00,55.00
2023-12-02,Sewing Needle Pack,0,Household,12.00,25.00
2023-12-03,Cooking Oil 1L,39,Pantry,60.00,75.00
2023-12-03,Bear Brand Powdered Milk 320g,21,Dairy,70.00,90.00
2023-12-03,Alaska Evap Milk 370ml,4,Dairy,32.00,42.00
2023-12-03,Ligo Sardines 155g,2,Canned Goods,18.00,25.00
2023-12-03,Sunsilk Shampoo Sachet,0,Body Care,5.00,8.00
2023-12-03,Biogesic 500mg Tablet,0,Medicine,4.00,7.00
2023-12-03,AA Batteries (pair),0,Household,35.00,55.00
2023-12-03,Sewing Needle Pack,0,Household,12.00,25.00
2023-12-04,Cooking Oil 1L,30,Pantry,60.00,75.00
2023-12-04,Bear Brand Powdered Milk 320g,10,Dairy,70.00,90.00
2023-12-04,Alaska Evap Milk 370ml,3,Dairy,32.00,42.00
2023-12-04,Ligo Sardines 155g,1,Canned Goods,18.00,25.00
2023-12-04,Sunsilk Shampoo Sachet,0,Body Care,5.00,8.00
2023-12-04,Biogesic 500mg Tablet,0,Medicine,4.00,7.00
2023-12-04,AA Batteries (pair),0,Household,35.00,55.00
2023-12-04,Sewing Needle Pack,0,Household,12.00,25.00
2023-12-05,Cooking Oil 1L,25,Pantry,60.00,75.00
2023-12-05,Bear Brand Powdered Milk 320g,9,Dairy,70.00,90.00
2023-12-05,Alaska Evap Milk 370ml,3,Dairy,32.00,42.00
2023-12-05,Ligo Sardines 155g,2,Canned Goods,18.00,25.00
2023-12-05,Sunsilk Shampoo Sachet,0,Body Care,5.00,8.00
2023-12-05,Biogesic 500mg Tablet,0,Medicine,4.00,7.00
2023-12-05,AA Batteries (pair),0,Household,35.00,55.00
2023-12-05,Sewing Needle Pack,0,Household,12.00,25.00
2023-12-06,Cooking Oil 1L,19,Pantry,60.00,75.00
2023-12-06,Bear Brand Powdered Milk 320g,11,Dairy,70.00,90.00
2023-12-06,Alaska Evap Milk 370ml,3,Dairy,32.00,42.00
2023-12-06,Ligo Sardines 155g,2,Canned Goods,18.00,25.00
2023-12-06,Sunsilk Shampoo Sachet,0,Body Care,5.00,8.00
2023-12-06,Biogesic 500mg Tablet,0,Medicine,4.00,7.00
2023-12-06,AA Batteries (pair),0,Household,35.00,55.00
2023-12-06,Sewing Needle Pack,1,Household,12.00,25.00
2023-12-07,Cooking Oil 1L,28,Pantry,60.00,75.00
2023-12-07,Bear Brand Powdered Milk 320g,14,Dairy,70.00,90.00
2023-12-07,Alaska Evap Milk 370ml,4,Dairy,32.00,42.00
2023-12-07,Ligo Sardines 155g,3,Canned Goods,18.00,25.00
2023-12-07,Sunsilk Shampoo Sachet,0,Body Care,5.00,8.00
2023-12-07,Biogesic 500mg Tablet,0,Medicine,4.00,7.00
2023-12-07,AA Batteries (pair),0,Household,35.00,55.00
2023-12-07,Sewing Needle Pack,0,Household,12.00,25.00
2023-12-08,Cooking Oil 1L,57,Pantry,60.00,75.00
2023-12-08,Bear Brand Powdered Milk 320g,14,Dairy,70.00,90.00
2023-12-08,Alaska Evap Milk 370ml,8,Dairy,32.00,42.00
2023-12-08,Ligo Sardines 155g,3,Canned Goods,18.00,25.00
2023-12-08,Sunsilk Shampoo Sachet,0,Body Care,5.00,8.00
2023-12-08,Biogesic 500mg Tablet,1,Medicine,4.00,7.00
2023-12-08,AA Batteries (pair),0,Household,35.00,55.00
2023-12-08,Sewing Needle Pack,0,Household,12.00,25.00
2023-12-09,Cooking Oil 1L,27,Pantry,60.00,75.00
2023-12-09,Bear Brand Powdered Milk 320g,14,Dairy,70.00,90.00
2023-12-09,Alaska Evap Milk 370ml,3,Dairy,32.00,42.00
2023-12-09,Ligo Sardines 155g,3,Canned Goods,18.00,25.00
2023-12-09,Sunsilk Shampoo Sachet,2,Body Care,5.00,8.00
2023-12-09,Biogesic 500mg Tablet,0,Medicine,4.00,7.00
2023-12-09,AA Batteries (pair),1,Household,35.00,55.00
2023-12-09,Sewing Needle Pack,0,Household,12.00,25.00
2023-12-10,Cooking Oil 1L,34,Pantry,60.00,75.00
2023-12-10,Bear Brand Powdered Milk 320g,10,Dairy,70.00,90.00
2023-12-10,Alaska Evap Milk 370ml,7,Dairy,32.00,42.00
2023-12-10,Ligo Sardines 155g,4,Canned Goods,18.00,25.00
2023-12-10,Sunsilk Shampoo Sachet,0,Body Care,5.00,8.00
2023-12-10,Biogesic 500mg Tablet,0,Medicine,4.00,7.00
2023-12-10,AA Batteries (pair),0,Household,35.00,55.00
2023-12-10,Sewing Needle Pack,0,Household,12.00,25.00
2023-12-11,Cooking Oil 1L,21,Pantry,60.00,75.00
2023-12-11,Bear Brand Powdered Milk 320g,9,Dairy,70.00,90.00
2023-12-11,Alaska Evap Milk 370ml,7,Dairy,32.00,42.00
2023-12-11,Ligo Sardines 155g,1,Canned Goods,18.00,25.00
2023-12-11,Sunsilk Shampoo Sachet,0,Body Care,5.00,8.00
2023-12-11,Biogesic 500mg Tablet,1,Medicine,4.00,7.00
2023-12-11,AA Batteries (pair),1,Household,35.00,55.00
2023-12-11,Sewing Needle Pack,0,Household,12.00,25.00
2023-12-12,Cooking Oil 1L,41,Pantry,60.00,75.00
2023-12-12,Bear Brand Powdered Milk 320g,10,Dairy,70.00,90.00
2023-12-12,Alaska Evap Milk 370ml,8,Dairy,32.00,42.00
2023-12-12,Ligo Sardines 155g,1,Canned Goods,18.00,25.00
2023-12-12,Sunsilk Shampoo Sachet,0,Body Care,5.00,8.00
2023-12-12,Biogesic 500mg Tablet,0,Medicine,4.00,7.00
2023-12-12,AA Batteries (pair),0,Household,35.00,55.00
2023-12-12,Sewing Needle Pack,0,Household,12.00,25.00
2023-12-13,Cooking Oil 1L,19,Pantry,60.00,75.00
2023-12-13,Bear Brand Powdered Milk 320g,13,Dairy,70.00,90.00
2023-12-13,Alaska Evap Milk 370ml,9,Dairy,32.00,42.00
2023-12-13,Ligo Sardines 155g,1,Canned Goods,18.00,25.00
2023-12-13,Sunsilk Shampoo Sachet,0,Body Care,5.00,8.00
2023-12-13,Biogesic 500mg Tablet,1,Medicine,4.00,7.00
2023-12-13,AA Batteries (pair),1,Household,35.00,55.00
2023-12-13,Sewing Needle Pack,0,Household,12.00,25.00
2023-12-14,Cooking Oil 1L,44,Pantry,60.00,75.00
2023-12-14,Bear Brand Powdered Milk 320g,14,Dairy,70.00,90.00
2023-12-14,Alaska Evap Milk 370ml,4,Dairy,32.00,42.00
2023-12-14,Ligo Sardines 155g,5,Canned Goods,18.00,25.00
2023-12-14,Sunsilk Shampoo Sachet,0,Body Care,5.00,8.00
2023-12-14,Biogesic 500mg Tablet,1,Medicine,4.00,7.00
2023-12-14,AA Batteries (pair),0,Household,35.00,55.00
2023-12-14,Sewing Needle Pack,0,Household,12.00,25.00
2023-12-15,Cooking Oil 1L,59,Pantry,60.00,75.00
2023-12-15,Bear Brand Powdered Milk 320g,29,Dairy,70.00,90.00
2023-12-15,Alaska Evap Milk 370ml,7,Dairy,32.00,42.00
2023-12-15,Ligo Sardines 155g,5,Canned Goods,18.00,25.00
2023-12-15,Sunsilk Shampoo Sachet,0,Body Care,5.00,8.00
2023-12-15,Biogesic 500mg Tablet,0,Medicine,4.00,7.00
2023-12-15,AA Batteries (pair),1,Household,35.00,55.00
2023-12-15,Sewing Needle Pack,0,Household,12.00,25.00
2023-12-16,Cooking Oil 1L,69,Pantry,60.00,75.00
2023-12-16,Bear Brand Powdered Milk 320g,11,Dairy,70.00,90.00
2023-12-16,Alaska Evap Milk 370ml,9,Dairy,32.00,42.00
2023-12-16,Ligo Sardines 155g,6,Canned Goods,18.00,25.00
2023-12-16,Sunsilk Shampoo Sachet,1,Body Care,5.00,8.00
2023-12-16,Biogesic 500mg Tablet,1,Medicine,4.00,7.00
2023-12-16,AA Batteries (pair),0,Household,35.00,55.00
2023-12-16,Sewing Needle Pack,0,Household,12.00,25.00
2023-12-17,Cooking Oil 1L,68,Pantry,60.00,75.00
2023-12-17,Bear Brand Powdered Milk 320g,11,Dairy,70.00,90.00
2023-12-17,Alaska Evap Milk 370ml,7,Dairy,32.00,42.00
2023-12-17,Ligo Sardines 155g,5,Canned Goods,18.00,25.00
2023-12-17,Sunsilk Shampoo Sachet,2,Body Care,5.00,8.00
2023-12-17,Biogesic 500mg Tablet,1,Medicine,4.00,7.00
2023-12-17,AA Batteries (pair),1,Household,35.00,55.00
2023-12-17,Sewing Needle Pack,0,Household,12.00,25.00
2023-12-18,Cooking Oil 1L,43,Pantry,60.00,75.00
2023-12-18,Bear Brand Powdered Milk 320g,13,Dairy,70.00,90.00
2023-12-18,Alaska Evap Milk 370ml,4,Dairy,32.00,42.00
2023-12-18,Ligo Sardines 155g,1,Canned Goods,18.00,25.00
2023-12-18,Sunsilk Shampoo Sachet,1,Body Care,5.00,8.00
2023-12-18,Biogesic 500mg Tablet,1,Medicine,4.00,7.00
2023-12-18,AA Batteries (pair),1,Household,35.00,55.00
2023-12-18,Sewing Needle Pack,1,Household,12.00,25.00
2023-12-19,Cooking Oil 1L,44,Pantry,60.00,75.00
2023-12-19,Bear Brand Powdered Milk 320g,31,Dairy,70.00,90.00
2023-12-19,Alaska Evap Milk 370ml,11,Dairy,32.00,42.00
2023-12-19,Ligo Sardines 155g,4,Canned Goods,18.00,25.00
2023-12-19,Sunsilk Shampoo Sachet,1,Body Care,5.00,8.00
2023-12-19,Biogesic 500mg Tablet,0,Medicine,4.00,7.00
2023-12-19,AA Batteries (pair),0,Household,35.00,55.00
2023-12-19,Sewing Needle Pack,0,Household,12.00,25.00
2023-12-20,Cooking Oil 1L,33,Pantry,60.00,75.00
2023-12-20,Bear Brand Powdered Milk 320g,18,Dairy,70.00,90.00
2023-12-20,Alaska Evap Milk 370ml,1,Dairy,32.00,42.00
2023-12-20,Ligo Sardines 155g,5,Canned Goods,18.00,25.00
2023-12-20,Sunsilk Shampoo Sachet,0,Body Care,5.00,8.00
2023-12-20,Biogesic 500mg Tablet,1,Medicine,4.00,7.00
2023-12-20,AA Batteries (pair),1,Household,35.00,55.00
2023-12-20,Sewing Needle Pack,1,Household,12.00,25.00
2023-12-21,Cooking Oil 1L,23,Pantry,60.00,75.00
2023-12-21,Bear Brand Powdered Milk 320g,11,Dairy,70.00,90.00
2023-12-21,Alaska Evap Milk 370ml,5,Dairy,32.00,42.00
2023-12-21,Ligo Sardines 155g,0,Canned Goods,18.00,25.00
2023-12-21,Sunsilk Shampoo Sachet,2,Body Care,5.00,8.00
2023-12-21,Biogesic 500mg Tablet,0,Medicine,4.00,7.00
2023-12-21,AA Batteries (pair),0,Household,35.00,55.00
2023-12-21,Sewing Needle Pack,0,Household,12.00,25.00
2023-12-22,Cooking Oil 1L,73,Pantry,60.00,75.00
2023-12-22,Bear Brand Powdered Milk 320g,31,Dairy,70.00,90.00
2023-12-22,Alaska Evap Milk 370ml,6,Dairy,32.00,42.00
2023-12-22,Ligo Sardines 155g,5,Canned Goods,18.00,25.00
2023-12-22,Sunsilk Shampoo Sachet,0,Body Care,5.00,8.00
2023-12-22,Biogesic 500mg Tablet,1,Medicine,4.00,7.00
2023-12-22,AA Batteries (pair),0,Household,35.00,55.00
2023-12-22,Sewing Needle Pack,0,Household,12.00,25.00
2023-12-23,Cooking Oil 1L,81,Pantry,60.00,75.00
2023-12-23,Bear Brand Powdered Milk 320g,19,Dairy,70.00,90.00
2023-12-23,Alaska Evap Milk 370ml,8,Dairy,32.00,42.00
2023-12-23,Ligo Sardines 155g,1,Canned Goods,18.00,25.00
2023-12-23,Sunsilk Shampoo Sachet,3,Body Care,5.00,8.00
2023-12-23,Biogesic 500mg Tablet,1,Medicine,4.00,7.00
2023-12-23,AA Batteries (pair),1,Household,35.00,55.00
2023-12-23,Sewing Needle Pack,0,Household,12.00,25.00
2023-12-24,Cooking Oil 1L,83,Pantry,60.00,75.00
2023-12-24,Bear Brand Powdered Milk 320g,17,Dairy,70.00,90.00
2023-12-24,Alaska Evap Milk 370ml,6,Dairy,32.00,42.00
2023-12-24,Ligo Sardines 155g,5,Canned Goods,18.00,25.00
2023-12-24,Sunsilk Shampoo Sachet,0,Body Care,5.00,8.00
2023-12-24,Biogesic 500mg Tablet,0,Medicine,4.00,7.00
2023-12-24,AA Batteries (pair),0,Household,35.00,55.00
2023-12-24,Sewing Needle Pack,0,Household,12.00,25.00
2023-12-25,Cooking Oil 1L,64,Pantry,60.00,75.00
2023-12-25,Bear Brand Powdered Milk 320g,19,Dairy,70.00,90.00
2023-12-25,Alaska Evap Milk 370ml,4,Dairy,32.00,42.00
2023-12-25,Ligo Sardines 155g,2,Canned Goods,18.00,25.00
2023-12-25,Sunsilk Shampoo Sachet,1,Body Care,5.00,8.00
2023-12-25,Biogesic 500mg Tablet,0,Medicine,4.00,7.00
2023-12-25,AA Batteries (pair),0,Household,35.00,55.00
2023-12-25,Sewing Needle Pack,0,Household,12.00,25.00
2023-12-26,Cooking Oil 1L,41,Pantry,60.00,75.00
2023-12-26,Bear Brand Powdered Milk 320g,17,Dairy,70.00,90.00
2023-12-26,Alaska Evap Milk 370ml,6,Dairy,32.00,42.00
2023-12-26,Ligo Sardines 155g,10,Canned Goods,18.00,25.00
2023-12-26,Sunsilk Shampoo Sachet,4,Body Care,5.00,8.00
2023-12-26,Biogesic 500mg Tablet,1,Medicine,4.00,7.00
2023-12-26,AA Batteries (pair),1,Household,35.00,55.00
2023-12-26,Sewing Needle Pack,0,Household,12.00,25.00
2023-12-27,Cooking Oil 1L,51,Pantry,60.00,75.00
2023-12-27,Bear Brand Powdered Milk 320g,15,Dairy,70.00,90.00
2023-12-27,Alaska Evap Milk 370ml,7,Dairy,32.00,42.00
2023-12-27,Ligo Sardines 155g,0,Canned Goods,18.00,25.00
2023-12-27,Sunsilk Shampoo Sachet,0,Body Care,5.00,8.00
2023-12-27,Biogesic 500mg Tablet,1,Medicine,4.00,7.00
2023-12-27,AA Batteries (pair),1,Household,35.00,55.00
2023-12-27,Sewing Needle Pack,0,Household,12.00,25.00
2023-12-28,Cooking Oil 1L,54,Pantry,60.00,75.00
2023-12-28,Bear Brand Powdered Milk 320g,18,Dairy,70.00,90.00
2023-12-28,Alaska Evap Milk 370ml,2,Dairy,32.00,42.00
2023-12-28,Ligo Sardines 155g,2,Canned Goods,18.00,25.00
2023-12-28,Sunsilk Shampoo Sachet,1,Body Care,5.00,8.00
2023-12-28,Biogesic 500mg Tablet,1,Medicine,4.00,7.00
2023-12-28,AA Batteries (pair),0,Household,35.00,55.00
2023-12-28,Sewing Needle Pack,0,Household,12.00,25.00
2023-12-29,Cooking Oil 1L,69,Pantry,60.00,75.00
2023-12-29,Bear Brand Powdered Milk 320g,36,Dairy,70.00,90.00
2023-12-29,Alaska Evap Milk 370ml,10,Dairy,32.00,42.00
2023-12-29,Ligo Sardines 155g,1,Canned Goods,18.00,25.00
2023-12-29,Sunsilk Shampoo Sachet,2,Body Care,5.00,8.00
2023-12-29,Biogesic 500mg Tablet,1,Medicine,4.00,7.00
2023-12-29,AA Batteries (pair),1,Household,35.00,55.00
2023-12-29,Sewing Needle Pack,0,Household,12.00,25.00
2023-12-30,Cooking Oil 1L,112,Pantry,60.00,75.00
2023-12-30,Bear Brand Powdered Milk 320g,19,Dairy,70.00,90.00
2023-12-30,Alaska Evap Milk 370ml,8,Dairy,32.00,42.00
2023-12-30,Ligo Sardines 155g,5,Canned Goods,18.00,25.00
2023-12-30,Sunsilk Shampoo Sachet,1,Body Care,5.00,8.00
2023-12-30,Biogesic 500mg Tablet,3,Medicine,4.00,7.00
2023-12-30,AA Batteries (pair),0,Household,35.00,55.00
2023-12-30,Sewing Needle Pack,0,Household,12.00,25.00
2023-12-31,Cooking Oil 1L,104,Pantry,60.00,75.00
2023-12-31,Bear Brand Powdered Milk 320g,25,Dairy,70.00,90.00
2023-12-31,Alaska Evap Milk 370ml,11,Dairy,32.00,42.00
2023-12-31,Ligo Sardines 155g,9,Canned Goods,18.00,25.00
2023-12-31,Sunsilk Shampoo Sachet,1,Body Care,5.00,8.00
2023-12-31,Biogesic 500mg Tablet,1,Medicine,4.00,7.00
2023-12-31,AA Batteries (pair),0,Household,35.00,55.00
2023-12-31,Sewing Needle Pack,0,Household,12.00,25.00
2024-01-01,Cooking Oil 1L,35,Pantry,60.00,75.00
2024-01-01,Bear Brand Powdered Milk 320g,17,Dairy,70.00,90.00
2024-01-01,Alaska Evap Milk 370ml,6,Dairy,32.00,42.00
2024-01-01,Ligo Sardines 155g,3,Canned Goods,18.00,25.00
2024-01-01,Sunsilk Shampoo Sachet,1,Body Care,5.00,8.00
2024-01-01,Biogesic 500mg Tablet,1,Medicine,4.00,7.00
2024-01-01,AA Batteries (pair),0,Household,35.00,55.00
2024-01-01,Sewing Needle Pack,0,Household,12.00,25.00
2024-01-02,Cooking Oil 1L,36,Pantry,60.00,75.00
2024-01-02,Bear Brand Powdered Milk 320g,16,Dairy,70.00,90.00
2024-01-02,Alaska Evap Milk 370ml,3,Dairy,32.00,42.00
2024-01-02,Ligo Sardines 155g,1,Canned Goods,18.00,25.00
2024-01-02,Sunsilk Shampoo Sachet,2,Body Care,5.00,8.00
2024-01-02,Biogesic 500mg Tablet,0,Medicine,4.00,7.00
2024-01-02,AA Batteries (pair),0,Household,35.00,55.00
2024-01-02,Sewing Needle Pack,1,Household,12.00,25.00
2024-01-03,Cooking Oil 1L,29,Pantry,60.00,75.00
2024-01-03,Bear Brand Powdered Milk 320g,14,Dairy,70.00,90.00
2024-01-03,Alaska Evap Milk 370ml,2,Dairy,32.00,42.00
2024-01-03,Ligo Sardines 155g,2,Canned Goods,18.00,25.00
2024-01-03,Sunsilk Shampoo Sachet,0,Body Care,5.00,8.00
2024-01-03,Biogesic 500mg Tablet,2,Medicine,4.00,7.00
2024-01-03,AA Batteries (pair),0,Household,35.00,55.00
2024-01-03,Sewing Needle Pack,0,Household,12.00,25.00
2024-01-04,Cooking Oil 1L,27,Pantry,60.00,75.00
2024-01-04,Bear Brand Powdered Milk 320g,12,Dairy,70.00,90.00
2024-01-04,Alaska Evap Milk 370ml,3,Dairy,32.00,42.00
2024-01-04,Ligo Sardines 155g,2,Canned Goods,18.00,25.00
2024-01-04,Sunsilk Shampoo Sachet,1,Body Care,5.00,8.00
2024-01-04,Biogesic 500mg Tablet,0,Medicine,4.00,7.00
2024-01-04,AA Batteries (pair),1,Household,35.00,55.00
2024-01-04,Sewing Needle Pack,0,Household,12.00,25.00
2024-01-05,Cooking Oil 1L,50,Pantry,60.00,75.00
2024-01-05,Bear Brand Powdered Milk 320g,14,Dairy,70.00,90.00
2024-01-05,Alaska Evap Milk 370ml,6,Dairy,32.00,42.00
2024-01-05,Ligo Sardines 155g,2,Canned Goods,18.00,25.00
2024-01-05,Sunsilk Shampoo Sachet,2,Body Care,5.00,8.00
2024-01-05,Biogesic 500mg Tablet,0,Medicine,4.00,7.00
2024-01-05,AA Batteries (pair),0,Household,35.00,55.00
2024-01-05,Sewing Needle Pack,0,Household,12.00,25.00
2024-01-06,Cooking Oil 1L,20,Pantry,60.00,75.00
2024-01-06,Bear Brand Powdered Milk 320g,20,Dairy,70.00,90.00
2024-01-06,Alaska Evap Milk 370ml,4,Dairy,32.00,42.00
2024-01-06,Ligo Sardines 155g,0,Canned Goods,18.00,25.00
2024-01-06,Sunsilk Shampoo Sachet,0,Body Care,5.00,8.00
2024-01-06,Biogesic 500mg Tablet,1,Medicine,4.00,7.00
2024-01-06,AA Batteries (pair),0,Household,35.00,55.00
2024-01-06,Sewing Needle Pack,0,Household,12.00,25.00
2024-01-07,Cooking Oil 1L,34,Pantry,60.00,75.00
2024-01-07,Bear Brand Powdered Milk 320g,15,Dairy,70.00,90.00
2024-01-07,Alaska Evap Milk 370ml,3,Dairy,32.00,42.00
2024-01-07,Ligo Sardines 155g,4,Canned Goods,18.00,25.00
2024-01-07,Sunsilk Shampoo Sachet,2,Body Care,5.00,8.00
2024-01-07,Biogesic 500mg Tablet,0,Medicine,4.00,7.00
2024-01-07,AA Batteries (pair),0,Household,35.00,55.00
2024-01-07,Sewing Needle Pack,0,Household,12.00,25.00
2024-01-08,Cooking Oil 1L,18,Pantry,60.00,75.00
2024-01-08,Bear Brand Powdered Milk 320g,11,Dairy,70.00,90.00
2024-01-08,Alaska Evap Milk 370ml,2,Dairy,32.00,42.00
2024-01-08,Ligo Sardines 155g,0,Canned Goods,18.00,25.00
2024-01-08,Sunsilk Shampoo Sachet,2,Body Care,5.00,8.00
2024-01-08,Biogesic 500mg Tablet,0,Medicine,4.00,7.00
2024-01-08,AA Batteries (pair),0,Household,35.00,55.00
2024-01-08,Sewing Needle Pack,0,Household,12.00,25.00
2024-01-09,Cooking Oil 1L,31,Pantry,60.00,75.00
2024-01-09,Bear Brand Powdered Milk 320g,9,Dairy,70.00,90.00
2024-01-09,Alaska Evap Milk 370ml,7,Dairy,32.00,42.00
2024-01-09,Ligo Sardines 155g,1,Canned Goods,18.00,25.00
2024-01-09,Sunsilk Shampoo Sachet,1,Body Care,5.00,8.00
2024-01-09,Biogesic 500mg Tablet,0,Medicine,4.00,7.00
2024-01-09,AA Batteries (pair),0,Household,35.00,55.00
2024-01-09,Sewing Needle Pack,0,Household,12.00,25.00
2024-01-10,Cooking Oil 1L,32,Pantry,60.00,75.00
2024-01-10,Bear Brand Powdered Milk 320g,5,Dairy,70.00,90.00
2024-01-10,Alaska Evap Milk 370ml,1,Dairy,32.00,42.00
2024-01-10,Ligo Sardines 155g,5,Canned Goods,18.00,25.00
2024-01-10,Sunsilk Shampoo Sachet,1,Body Care,5.00,8.00
2024-01-10,Biogesic 500mg Tablet,2,Medicine,4.00,7.00
2024-01-10,AA Batteries (pair),0,Household,35.00,55.00
2024-01-10,Sewing Needle Pack,0,Household,12.00,25.00
2024-01-11,Cooking Oil 1L,38,Pantry,60.00,75.00
2024-01-11,Bear Brand Powdered Milk 320g,9,Dairy,70.00,90.00
2024-01-11,Alaska Evap Milk 370ml,5,Dairy,32.00,42.00
2024-01-11,Ligo Sardines 155g,1,Canned Goods,18.00,25.00
2024-01-11,Sunsilk Shampoo Sachet,2,Body Care,5.00,8.00
2024-01-11,Biogesic 500mg Tablet,0,Medicine,4.00,7.00
2024-01-11,AA Batteries (pair),0,Household,35.00,55.00
2024-01-11,Sewing Needle Pack,0,Household,12.00,25.00
2024-01-12,Cooking Oil 1L,49,Pantry,60.00,75.00
2024-01-12,Bear Brand Powdered Milk 320g,11,Dairy,70.00,90.00
2024-01-12,Alaska Evap Milk 370ml,3,Dairy,32.00,42.00
2024-01-12,Ligo Sardines 155g,4,Canned Goods,18.00,25.00
2024-01-12,Sunsilk Shampoo Sachet,1,Body Care,5.00,8.00
2024-01-12,Biogesic 500mg Tablet,1,Medicine,4.00,7.00
2024-01-12,AA Batteries (pair),0,Household,35.00,55.00
2024-01-12,Sewing Needle Pack,0,Household,12.00,25.00
2024-01-13,Cooking Oil 1L,58,Pantry,60.00,75.00
2024-01-13,Bear Brand Powdered Milk 320g,13,Dairy,70.00,90.00
2024-01-13,Alaska Evap Milk 370ml,7,Dairy,32.00,42.00
2024-01-13,Ligo Sardines 155g,3,Canned Goods,18.00,25.00
2024-01-13,Sunsilk Shampoo Sachet,2,Body Care,5.00,8.00
2024-01-13,Biogesic 500mg Tablet,0,Medicine,4.00,7.00
2024-01-13,AA Batteries (pair),0,Household,35.00,55.00
2024-01-13,Sewing Needle Pack,0,Household,12.00,25.00
2024-01-14,Cooking Oil 1L,33,Pantry,60.00,75.00
2024-01-14,Bear Brand Powdered Milk 320g,21,Dairy,70.00,90.00
2024-01-14,Alaska Evap Milk 370ml,6,Dairy,32.00,42.00
2024-01-14,Ligo Sardines 155g,2,Canned Goods,18.00,25.00
2024-01-14,Sunsilk Shampoo Sachet,1,Body Care,5.00,8.00
2024-01-14,Biogesic 500mg Tablet,1,Medicine,4.00,7.00
2024-01-14,AA Batteries (pair),0,Household,35.00,55.00
2024-01-14,Sewing Needle Pack,0,Household,12.00,25.00
2024-01-15,Cooking Oil 1L,24,Pantry,60.00,75.00
2024-01-15,Bear Brand Powdered Milk 320g,13,Dairy,70.00,90.00
2024-01-15,Alaska Evap Milk 370ml,3,Dairy,32.00,42.00
2024-01-15,Ligo Sardines 155g,5,Canned Goods,18.00,25.00
2024-01-15,Sunsilk Shampoo Sachet,0,Body Care,5.00,8.00
2024-01-15,Biogesic 500mg Tablet,0,Medicine,4.00,7.00
2024-01-15,AA Batteries (pair),0,Household,35.00,55.00
2024-01-15,Sewing Needle Pack,0,Household,12.00,25.00
2024-01-16,Cooking Oil 1L,21,Pantry,60.00,75.00
2024-01-16,Bear Brand Powdered Milk 320g,18,Dairy,70.00,90.00
2024-01-16,Alaska Evap Milk 370ml,6,Dairy,32.00,42.00
2024-01-16,Ligo Sardines 155g,1,Canned Goods,18.00,25.00
2024-01-16,Sunsilk Shampoo Sachet,3,Body Care,5.00,8.00
2024-01-16,Biogesic 500mg Tablet,0,Medicine,4.00,7.00
2024-01-16,AA Batteries (pair),0,Household,35.00,55.00
2024-01-16,Sewing Needle Pack,0,Household,12.00,25.00
2024-01-17,Cooking Oil 1L,32,Pantry,60.00,75.00
2024-01-17,Bear Brand Powdered Milk 320g,14,Dairy,70.00,90.00
2024-01-17,Alaska Evap Milk 370ml,2,Dairy,32.00,42.00
2024-01-17,Ligo Sardines 155g,6,Canned Goods,18.00,25.00
2024-01-17,Sunsilk Shampoo Sachet,0,Body Care,5.00,8.00
2024-01-17,Biogesic 500mg Tablet,2,Medicine,4.00,7.00
2024-01-17,AA Batteries (pair),0,Household,35.00,55.00
2024-01-17,Sewing Needle Pack,0,Household,12.00,25.00
2024-01-18,Cooking Oil 1L,35,Pantry,60.00,75.00
2024-01-18,Bear Brand Powdered Milk 320g,10,Dairy,70.00,90.00
2024-01-18,Alaska Evap Milk 370ml,6,Dairy,32.00,42.00
2024-01-18,Ligo Sardines 155g,3,Canned Goods,18.00,25.00
2024-01-18,Sunsilk Shampoo Sachet,1,Body Care,5.00,8.00
2024-01-18,Biogesic 500mg Tablet,0,Medicine,4.00,7.00
2024-01-18,AA Batteries (pair),0,Household,35.00,55.00
2024-01-18,Sewing Needle Pack,0,Household,12.00,25.00
2024-01-19,Cooking Oil 1L,49,Pantry,60.00,75.00
2024-01-19,Bear Brand Powdered Milk 320g,13,Dairy,70.00,90.00
2024-01-19,Alaska Evap Milk 370ml,4,Dairy,32.00,42.00
2024-01-19,Ligo Sardines 155g,3,Canned Goods,18.00,25.00
2024-01-19,Sunsilk Shampoo Sachet,2,Body Care,5.00,8.00
2024-01-19,Biogesic 500mg Tablet,1,Medicine,4.00,7.00
2024-01-19,AA Batteries (pair),0,Household,35.00,55.00
2024-01-19,Sewing Needle Pack,0,Household,12.00,25.00
2024-01-20,Cooking Oil 1L,38,Pantry,60.00,75.00
2024-01-20,Bear Brand Powdered Milk 320g,26,Dairy,70.00,90.00
2024-01-20,Alaska Evap Milk 370ml,3,Dairy,32.00,42.00
2024-01-20,Ligo Sardines 155g,3,Canned Goods,18.00,25.00
2024-01-20,Sunsilk Shampoo Sachet,0,Body Care,5.00,8.00
2024-01-20,Biogesic 500mg Tablet,1,Medicine,4.00,7.00
2024-01-20,AA Batteries (pair),0,Household,35.00,55.00
2024-01-20,Sewing Needle Pack,0,Household,12.00,25.00
2024-01-21,Cooking Oil 1L,44,Pantry,60.00,75.00
2024-01-21,Bear Brand Powdered Milk 320g,12,Dairy,70.00,90.00
2024-01-21,Alaska Evap Milk 370ml,6,Dairy,32.00,42.00
2024-01-21,Ligo Sardines 155g,7,Canned Goods,18.00,25.00
2024-01-21,Sunsilk Shampoo Sachet,0,Body Care,5.00,8.00
2024-01-21,Biogesic 500mg Tablet,2,Medicine,4.00,7.00
2024-01-21,AA Batteries (pair),1,Household,35.00,55.00
2024-01-21,Sewing Needle Pack,0,Household,12.00,25.00
2024-01-22,Cooking Oil 1L,22,Pantry,60.00,75.00
2024-01-22,Bear Brand Powdered Milk 320g,11,Dairy,70.00,90.00
2024-01-22,Alaska Evap Milk 370ml,5,Dairy,32.00,42.00
2024-01-22,Ligo Sardines 155g,1,Canned Goods,18.00,25.00
2024-01-22,Sunsilk Shampoo Sachet,0,Body Care,5.00,8.00
2024-01-22,Biogesic 500mg Tablet,0,Medicine,4.00,7.00
2024-01-22,AA Batteries (pair),0,Household,35.00,55.00
2024-01-22,Sewing Needle Pack,0,Household,12.00,25.00
2024-01-23,Cooking Oil 1L,23,Pantry,60.00,75.00
2024-01-23,Bear Brand Powdered Milk 320g,3,Dairy,70.00,90.00
2024-01-23,Alaska Evap Milk 370ml,5,Dairy,32.00,42.00
2024-01-23,Ligo Sardines 155g,1,Canned Goods,18.00,25.00
2024-01-23,Sunsilk Shampoo Sachet,1,Body Care,5.00,8.00
2024-01-23,Biogesic 500mg Tablet,0,Medicine,4.00,7.00
2024-01-23,AA Batteries (pair),1,Household,35.00,55.00
2024-01-23,Sewing Needle Pack,0,Household,12.00,25.00
2024-01-24,Cooking Oil 1L,34,Pantry,60.00,75.00
2024-01-24,Bear Brand Powdered Milk 320g,13,Dairy,70.00,90.00
2024-01-24,Alaska Evap Milk 370ml,5,Dairy,32.00,42.00
2024-01-24,Ligo Sardines 155g,0,Canned Goods,18.00,25.00
2024-01-24,Sunsilk Shampoo Sachet,1,Body Care,5.00,8.00
2024-01-24,Biogesic 500mg Tablet,1,Medicine,4.00,7.00
2024-01-24,AA Batteries (pair),0,Household,35.00,55.00
2024-01-24,Sewing Needle Pack,0,Household,12.00,25.00
2024-01-25,Cooking Oil 1L,27,Pantry,60.00,75.00
2024-01-25,Bear Brand Powdered Milk 320g,8,Dairy,70.00,90.00
2024-01-25,Alaska Evap Milk 370ml,3,Dairy,32.00,42.00
2024-01-25,Ligo Sardines 155g,4,Canned Goods,18.00,25.00
2024-01-25,Sunsilk Shampoo Sachet,3,Body Care,5.00,8.00
2024-01-25,Biogesic 500mg Tablet,0,Medicine,4.00,7.00
2024-01-25,AA Batteries (pair),0,Household,35.00,55.00
2024-01-25,Sewing Needle Pack,0,Household,12.00,25.00
2024-01-26,Cooking Oil 1L,38,Pantry,60.00,75.00
2024-01-26,Bear Brand Powdered Milk 320g,9,Dairy,70.00,90.00
2024-01-26,Alaska Evap Milk 370ml,2,Dairy,32.00,42.00
2024-01-26,Ligo Sardines 155g,4,Canned Goods,18.00,25.00
2024-01-26,Sunsilk Shampoo Sachet,2,Body Care,5.00,8.00
2024-01-26,Biogesic 500mg Tablet,0,Medicine,4.00,7.00
2024-01-26,AA Batteries (pair),0,Household,35.00,55.00
2024-01-26,Sewing Needle Pack,0,Household,12.00,25.00
2024-01-27,Cooking Oil 1L,41,Pantry,60.00,75.00
2024-01-27,Bear Brand Powdered Milk 320g,12,Dairy,70.00,90.00
2024-01-27,Alaska Evap Milk 370ml,5,Dairy,32.00,42.00
2024-01-27,Ligo Sardines 155g,1,Canned Goods,18.00,25.00
2024-01-27,Sunsilk Shampoo Sachet,1,Body Care,5.00,8.00
2024-01-27,Biogesic 500mg Tablet,0,Medicine,4.00,7.00
2024-01-27,AA Batteries (pair),0,Household,35.00,55.00
2024-01-27,Sewing Needle Pack,0,Household,12.00,25.00
2024-01-28,Cooking Oil 1L,48,Pantry,60.00,75.00
2024-01-28,Bear Brand Powdered Milk 320g,10,Dairy,70.00,90.00
2024-01-28,Alaska Evap Milk 370ml,2,Dairy,32.00,42.00
2024-01-28,Ligo Sardines 155g,2,Canned Goods,18.00,25.00
2024-01-28,Sunsilk Shampoo Sachet,3,Body Care,5.00,8.00
2024-01-28,Biogesic 500mg Tablet,0,Medicine,4.00,7.00
2024-01-28,AA Batteries (pair),0,Household,35.00,55.00
2024-01-28,Sewing Needle Pack,0,Household,12.00,25.00
2024-01-29,Cooking Oil 1L,48,Pantry,60.00,75.00
2024-01-29,Bear Brand Powdered Milk 320g,18,Dairy,70.00,90.00
2024-01-29,Alaska Evap Milk 370ml,6,Dairy,32.00,42.00
2024-01-29,Ligo Sardines 155g,5,Canned Goods,18.00,25.00
2024-01-29,Sunsilk Shampoo Sachet,2,Body Care,5.00,8.00
2024-01-29,Biogesic 500mg Tablet,1,Medicine,4.00,7.00
2024-01-29,AA Batteries (pair),0,Household,35.00,55.00
2024-01-29,Sewing Needle Pack,0,Household,12.00,25.00
2024-01-30,Cooking Oil 1L,57,Pantry,60.00,75.00
2024-01-30,Bear Brand Powdered Milk 320g,19,Dairy,70.00,90.00
2024-01-30,Alaska Evap Milk 370ml,9,Dairy,32.00,42.00
2024-01-30,Ligo Sardines 155g,1,Canned Goods,18.00,25.00
2024-01-30,Sunsilk Shampoo Sachet,4,Body Care,5.00,8.00
2024-01-30,Biogesic 500mg Tablet,1,Medicine,4.00,7.00
2024-01-30,AA Batteries (pair),0,Household,35.00,55.00
2024-01-30,Sewing Needle Pack,0,Household,12.00,25.00
2024-01-31,Cooking Oil 1L,22,Pantry,60.00,75.00
2024-01-31,Bear Brand Powdered Milk 320g,12,Dairy,70.00,90.00
2024-01-31,Alaska Evap Milk 370ml,6,Dairy,32.00,42.00
2024-01-31,Ligo Sardines 155g,2,Canned Goods,18.00,25.00
2024-01-31,Sunsilk Shampoo Sachet,2,Body Care,5.00,8.00
2024-01-31,Biogesic 500mg Tablet,2,Medicine,4.00,7.00
2024-01-31,AA Batteries (pair),1,Household,35.00,55.00
2024-01-31,Sewing Needle Pack,0,Household,12.00,25.00
2024-02-01,Cooking Oil 1L,28,Pantry,60.00,75.00
2024-02-01,Bear Brand Powdered Milk 320g,30,Dairy,70.00,90.00
2024-02-01,Alaska Evap Milk 370ml,7,Dairy,32.00,42.00
2024-02-01,Ligo Sardines 155g,1,Canned Goods,18.00,25.00
2024-02-01,Sunsilk Shampoo Sachet,4,Body Care,5.00,8.00
2024-02-01,Biogesic 500mg Tablet,0,Medicine,4.00,7.00
2024-02-01,AA Batteries (pair),0,Household,35.00,55.00
2024-02-01,Sewing Needle Pack,0,Household,12.00,25.00
2024-02-02,Cooking Oil 1L,40,Pantry,60.00,75.00
2024-02-02,Bear Brand Powdered Milk 320g,14,Dairy,70.00,90.00
2024-02-02,Alaska Evap Milk 370ml,7,Dairy,32.00,42.00
2024-02-02,Ligo Sardines 155g,1,Canned Goods,18.00,25.00
2024-02-02,Sunsilk Shampoo Sachet,1,Body Care,5.00,8.00
2024-02-02,Biogesic 500mg Tablet,2,Medicine,4.00,7.00
2024-02-02,AA Batteries (pair),0,Household,35.00,55.00
2024-02-02,Sewing Needle Pack,0,Household,12.00,25.00
2024-02-03,Cooking Oil 1L,43,Pantry,60.00,75.00
2024-02-03,Bear Brand Powdered Milk 320g,18,Dairy,70.00,90.00
2024-02-03,Alaska Evap Milk 370ml,5,Dairy,32.00,42.00
2024-02-03,Ligo Sardines 155g,4,Canned Goods,18.00,25.00
2024-02-03,Sunsilk Shampoo Sachet,2,Body Care,5.00,8.00
2024-02-03,Biogesic 500mg Tablet,0,Medicine,4.00,7.00
2024-02-03,AA Batteries (pair),0,Household,35.00,55.00
2024-02-03,Sewing Needle Pack,0,Household,12.00,25.00
2024-02-04,Cooking Oil 1L,26,Pantry,60.00,75.00
2024-02-04,Bear Brand Powdered Milk 320g,7,Dairy,70.00,90.00
2024-02-04,Alaska Evap Milk 370ml,6,Dairy,32.00,42.00
2024-02-04,Ligo Sardines 155g,0,Canned Goods,18.00,25.00
2024-02-04,Sunsilk Shampoo Sachet,2,Body Care,5.00,8.00
2024-02-04,Biogesic 500mg Tablet,0,Medicine,4.00,7.00
2024-02-04,AA Batteries (pair),0,Household,35.00,55.00
2024-02-04,Sewing Needle Pack,0,Household,12.00,25.00
2024-02-05,Cooking Oil 1L,31,Pantry,60.00,75.00
2024-02-05,Bear Brand Powdered Milk 320g,9,Dairy,70.00,90.00
2024-02-05,Alaska Evap Milk 370ml,2,Dairy,32.00,42.00
2024-02-05,Ligo Sardines 155g,9,Canned Goods,18.00,25.00
2024-02-05,Sunsilk Shampoo Sachet,5,Body Care,5.00,8.00
2024-02-05,Biogesic 500mg Tablet,0,Medicine,4.00,7.00
2024-02-05,AA Batteries (pair),1,Household,35.00,55.00
2024-02-05,Sewing Needle Pack,0,Household,12.00,25.00
2024-02-06,Cooking Oil 1L,30,Pantry,60.00,75.00
2024-02-06,Bear Brand Powdered Milk 320g,9,Dairy,70.00,90.00
2024-02-06,Alaska Evap Milk 370ml,2,Dairy,32.00,42.00
2024-02-06,Ligo Sardines 155g,1,Canned Goods,18.00,25.00
2024-02-06,Sunsilk Shampoo Sachet,1,Body Care,5.00,8.00
2024-02-06,Biogesic 500mg Tablet,0,Medicine,4.00,7.00
2024-02-06,AA Batteries (pair),1,Household,35.00,55.00
2024-02-06,Sewing Needle Pack,0,Household,12.00,25.00
2024-02-07,Cooking Oil 1L,15,Pantry,60.00,75.00
2024-02-07,Bear Brand Powdered Milk 320g,14,Dairy,70.00,90.00
2024-02-07,Alaska Evap Milk 370ml,5,Dairy,32.00,42.00
2024-02-07,Ligo Sardines 155g,0,Canned Goods,18.00,25.00
2024-02-07,Sunsilk Shampoo Sachet,0,Body Care,5.00,8.00
2024-02-07,Biogesic 500mg Tablet,0,Medicine,4.00,7.00
2024-02-07,AA Batteries (pair),0,Household,35.00,55.00
2024-02-07,Sewing Needle Pack,0,Household,12.00,25.00
2024-02-08,Cooking Oil 1L,31,Pantry,60.00,75.00
2024-02-08,Bear Brand Powdered Milk 320g,12,Dairy,70.00,90.00
2024-02-08,Alaska Evap Milk 370ml,6,Dairy,32.00,42.00
2024-02-08,Ligo Sardines 155g,2,Canned Goods,18.00,25.00
2024-02-08,Sunsilk Shampoo Sachet,0,Body Care,5.00,8.00
2024-02-08,Biogesic 500mg Tablet,0,Medicine,4.00,7.00
2024-02-08,AA Batteries (pair),0,Household,35.00,55.00
2024-02-08,Sewing Needle Pack,0,Household,12.00,25.00
2024-02-09,Cooking Oil 1L,53,Pantry,60.00,75.00
2024-02-09,Bear Brand Powdered Milk 320g,12,Dairy,70.00,90.00
2024-02-09,Alaska Evap Milk 370ml,7,Dairy,32.00,42.00
2024-02-09,Ligo Sardines 155g,3,Canned Goods,18.00,25.00
2024-02-09,Sunsilk Shampoo Sachet,2,Body Care,5.00,8.00
2024-02-09,Biogesic 500mg Tablet,0,Medicine,4.00,7.00
2024-02-09,AA Batteries (pair),0,Household,35.00,55.00
2024-02-09,Sewing Needle Pack,0,Household,12.00,25.00
2024-02-10,Cooking Oil 1L,56,Pantry,60.00,75.00
2024-02-10,Bear Brand Powdered Milk 320g,12,Dairy,70.00,90.00
2024-02-10,Alaska Evap Milk 370ml,3,Dairy,32.00,42.00
2024-02-10,Ligo Sardines 155g,3,Canned Goods,18.00,25.00
2024-02-10,Sunsilk Shampoo Sachet,4,Body Care,5.00,8.00
2024-02-10,Biogesic 500mg Tablet,0,Medicine,4.00,7.00
2024-02-10,AA Batteries (pair),0,Household,35.00,55.00
2024-02-10,Sewing Needle Pack,0,Household,12.00,25.00
2024-02-11,Cooking Oil 1L,47,Pantry,60.00,75.00
2024-02-11,Bear Brand Powdered Milk 320g,17,Dairy,70.00,90.00
2024-02-11,Alaska Evap Milk 370ml,2,Dairy,32.00,42.00
2024-02-11,Ligo Sardines 155g,3,Canned Goods,18.00,25.00
2024-02-11,Sunsilk Shampoo Sachet,0,Body Care,5.00,8.00
2024-02-11,Biogesic 500mg Tablet,0,Medicine,4.00,7.00
2024-02-11,AA Batteries (pair),0,Household,35.00,55.00
2024-02-11,Sewing Needle Pack,0,Household,12.00,25.00
2024-02-12,Cooking Oil 1L,30,Pantry,60.00,75.00
2024-02-12,Bear Brand Powdered Milk 320g,11,Dairy,70.00,90.00
2024-02-12,Alaska Evap Milk 370ml,2,Dairy,32.00,42.00
2024-02-12,Ligo Sardines 155g,1,Canned Goods,18.00,25.00
2024-02-12,Sunsilk Shampoo Sachet,0,Body Care,5.00,8.00
2024-02-12,Biogesic 500mg Tablet,0,Medicine,4.00,7.00
2024-02-12,AA Batteries (pair),0,Household,35.00,55.00
2024-02-12,Sewing Needle Pack,0,Household,12.00,25.00
2024-02-13,Cooking Oil 1L,18,Pantry,60.00,75.00
2024-02-13,Bear Brand Powdered Milk 320g,13,Dairy,70.00,90.00
2024-02-13,Alaska Evap Milk 370ml,3,Dairy,32.00,42.00
2024-02-13,Ligo Sardines 155g,1,Canned Goods,18.00,25.00
2024-02-13,Sunsilk Shampoo Sachet,0,Body Care,5.00,8.00
2024-02-13,Biogesic 500mg Tablet,1,Medicine,4.00,7.00
2024-02-13,AA Batteries (pair),0,Household,35.00,55.00
2024-02-13,Sewing Needle Pack,0,Household,12.00,25.00
2024-02-14,Cooking Oil 1L,28,Pantry,60.00,75.00
2024-02-14,Bear Brand Powdered Milk 320g,10,Dairy,70.00,90.00
2024-02-14,Alaska Evap Milk 370ml,7,Dairy,32.00,42.00
2024-02-14,Ligo Sardines 155g,5,Canned Goods,18.00,25.00
2024-02-14,Sunsilk Shampoo Sachet,0,Body Care,5.00,8.00
2024-02-14,Biogesic 500mg Tablet,0,Medicine,4.00,7.00
2024-02-14,AA Batteries (pair),0,Household,35.00,55.00
2024-02-14,Sewing Needle Pack,1,Household,12.00,25.00
2024-02-15,Cooking Oil 1L,37,Pantry,60.00,75.00
2024-02-15,Bear Brand Powdered Milk 320g,13,Dairy,70.00,90.00
2024-02-15,Alaska Evap Milk 370ml,6,Dairy,32.00,42.00
2024-02-15,Ligo Sardines 155g,2,Canned Goods,18.00,25.00
2024-02-15,Sunsilk Shampoo Sachet,4,Body Care,5.00,8.00
2024-02-15,Biogesic 500mg Tablet,5,Medicine,4.00,7.00
2024-02-15,AA Batteries (pair),0,Household,35.00,55.00
2024-02-15,Sewing Needle Pack,0,Household,12.00,25.00
2024-02-16,Cooking Oil 1L,42,Pantry,60.00,75.00
2024-02-16,Bear Brand Powdered Milk 320g,13,Dairy,70.00,90.00
2024-02-16,Alaska Evap Milk 370ml,3,Dairy,32.00,42.00
2024-02-16,Ligo Sardines 155g,2,Canned Goods,18.00,25.00
2024-02-16,Sunsilk Shampoo Sachet,1,Body Care,5.00,8.00
2024-02-16,Biogesic 500mg Tablet,0,Medicine,4.00,7.00
2024-02-16,AA Batteries (pair),0,Household,35.00,55.00
2024-02-16,Sewing Needle Pack,0,Household,12.00,25.00
2024-02-17,Cooking Oil 1L,43,Pantry,60.00,75.00
2024-02-17,Bear Brand Powdered Milk 320g,15,Dairy,70.00,90.00
2024-02-17,Alaska Evap Milk 370ml,3,Dairy,32.00,42.00
2024-02-17,Ligo Sardines 155g,3,Canned Goods,18.00,25.00
2024-02-17,Sunsilk Shampoo Sachet,1,Body Care,5.00,8.00
2024-02-17,Biogesic 500mg Tablet,1,Medicine,4.00,7.00
2024-02-17,AA Batteries (pair),0,Household,35.00,55.00
2024-02-17,Sewing Needle Pack,0,Household,12.00,25.00
2024-02-18,Cooking Oil 1L,62,Pantry,60.00,75.00
2024-02-18,Bear Brand Powdered Milk 320g,18,Dairy,70.00,90.00
2024-02-18,Alaska Evap Milk 370ml,3,Dairy,32.00,42.00
2024-02-18,Ligo Sardines 155g,4,Canned Goods,18.00,25.00
2024-02-18,Sunsilk Shampoo Sachet,0,Body Care,5.00,8.00
2024-02-18,Biogesic 500mg Tablet,0,Medicine,4.00,7.00
2024-02-18,AA Batteries (pair),0,Household,35.00,55.00
2024-02-18,Sewing Needle Pack,1,Household,12.00,25.00
2024-02-19,Cooking Oil 1L,13,Pantry,60.00,75.00
2024-02-19,Bear Brand Powdered Milk 320g,17,Dairy,70.00,90.00
2024-02-19,Alaska Evap Milk 370ml,3,Dairy,32.00,42.00
2024-02-19,Ligo Sardines 155g,1,Canned Goods,18.00,25.00
2024-02-19,Sunsilk Shampoo Sachet,1,Body Care,5.00,8.00
2024-02-19,Biogesic 500mg Tablet,0,Medicine,4.00,7.00
2024-02-19,AA Batteries (pair),0,Household,35.00,55.00
2024-02-19,Sewing Needle Pack,0,Household,12.00,25.00
2024-02-20,Cooking Oil 1L,26,Pantry,60.00,75.00
2024-02-20,Bear Brand Powdered Milk 320g,6,Dairy,70.00,90.00
2024-02-20,Alaska Evap Milk 370ml,3,Dairy,32.00,42.00
2024-02-20,Ligo Sardines 155g,1,Canned Goods,18.00,25.00
2024-02-20,Sunsilk Shampoo Sachet,4,Body Care,5.00,8.00
2024-02-20,Biogesic 500mg Tablet,0,Medicine,4.00,7.00
2024-02-20,AA Batteries (pair),0,Household,35.00,55.00
2024-02-20,Sewing Needle Pack,0,Household,12.00,25.00
2024-02-21,Cooking Oil 1L,32,Pantry,60.00,75.00
2024-02-21,Bear Brand Powdered Milk 320g,18,Dairy,70.00,90.00
2024-02-21,Alaska Evap Milk 370ml,0,Dairy,32.00,42.00
2024-02-21,Ligo Sardines 155g,3,Canned Goods,18.00,25.00
2024-02-21,Sunsilk Shampoo Sachet,0,Body Care,5.00,8.00
2024-02-21,Biogesic 500mg Tablet,0,Medicine,4.00,7.00
2024-02-21,AA Batteries (pair),1,Household,35.00,55.00
2024-02-21,Sewing Needle Pack,1,Household,12.00,25.00
2024-02-22,Cooking Oil 1L,22,Pantry,60.00,75.00
2024-02-22,Bear Brand Powdered Milk 320g,25,Dairy,70.00,90.00
2024-02-22,Alaska Evap Milk 370ml,6,Dairy,32.00,42.00
2024-02-22,Ligo Sardines 155g,1,Canned Goods,18.00,25.00
2024-02-22,Sunsilk Shampoo Sachet,1,Body Care,5.00,8.00
2024-02-22,Biogesic 500mg Tablet,0,Medicine,4.00,7.00
2024-02-22,AA Batteries (pair),0,Household,35.00,55.00
2024-02-22,Sewing Needle Pack,0,Household,12.00,25.00
2024-02-23,Cooking Oil 1L,38,Pantry,60.00,75.00
2024-02-23,Bear Brand Powdered Milk 320g,17,Dairy,70.00,90.00
2024-02-23,Alaska Evap Milk 370ml,5,Dairy,32.00,42.00
2024-02-23,Ligo Sardines 155g,1,Canned Goods,18.00,25.00
2024-02-23,Sunsilk Shampoo Sachet,0,Body Care,5.00,8.00
2024-02-23,Biogesic 500mg Tablet,0,Medicine,4.00,7.00
2024-02-23,AA Batteries (pair),0,Household,35.00,55.00
2024-02-23,Sewing Needle Pack,1,Household,12.00,25.00
2024-02-24,Cooking Oil 1L,31,Pantry,60.00,75.00
2024-02-24,Bear Brand Powdered Milk 320g,21,Dairy,70.00,90.00
2024-02-24,Alaska Evap Milk 370ml,5,Dairy,32.00,42.00
2024-02-24,Ligo Sardines 155g,3,Canned Goods,18.00,25.00
2024-02-24,Sunsilk Shampoo Sachet,0,Body Care,5.00,8.00
2024-02-24,Biogesic 500mg Tablet,0,Medicine,4.00,7.00
2024-02-24,AA Batteries (pair),0,Household,35.00,55.00
2024-02-24,Sewing Needle Pack,0,Household,12.00,25.00
2024-02-25,Cooking Oil 1L,46,Pantry,60.00,75.00
2024-02-25,Bear Brand Powdered Milk 320g,10,Dairy,70.00,90.00
2024-02-25,Alaska Evap Milk 370ml,3,Dairy,32.00,42.00
2024-02-25,Ligo Sardines 155g,1,Canned Goods,18.00,25.00
2024-02-25,Sunsilk Shampoo Sachet,0,Body Care,5.00,8.00
2024-02-25,Biogesic 500mg Tablet,0,Medicine,4.00,7.00
2024-02-25,AA Batteries (pair),0,Household,35.00,55.00
2024-02-25,Sewing Needle Pack,0,Household,12.00,25.00
2024-02-26,Cooking Oil 1L,25,Pantry,60.00,75.00
2024-02-26,Bear Brand Powdered Milk 320g,16,Dairy,70.00,90.00
2024-02-26,Alaska Evap Milk 370ml,4,Dairy,32.00,42.00
2024-02-26,Ligo Sardines 155g,4,Canned Goods,18.00,25.00
2024-02-26,Sunsilk Shampoo Sachet,2,Body Care,5.00,8.00
2024-02-26,Biogesic 500mg Tablet,0,Medicine,4.00,7.00
2024-02-26,AA Batteries (pair),0,Household,35.00,55.00
2024-02-26,Sewing Needle Pack,0,Household,12.00,25.00
2024-02-27,Cooking Oil 1L,30,Pantry,60.00,75.00
2024-02-27,Bear Brand Powdered Milk 320g,22,Dairy,70.00,90.00
2024-02-27,Alaska Evap Milk 370ml,5,Dairy,32.00,42.00
2024-02-27,Ligo Sardines 155g,4,Canned Goods,18.00,25.00
2024-02-27,Sunsilk Shampoo Sachet,0,Body Care,5.00,8.00
2024-02-27,Biogesic 500mg Tablet,0,Medicine,4.00,7.00
2024-02-27,AA Batteries (pair),0,Household,35.00,55.00
2024-02-27,Sewing Needle Pack,0,Household,12.00,25.00
2024-02-28,Cooking Oil 1L,38,Pantry,60.00,75.00
2024-02-28,Bear Brand Powdered Milk 320g,18,Dairy,70.00,90.00
2024-02-28,Alaska Evap Milk 370ml,4,Dairy,32.00,42.00
2024-02-28,Ligo Sardines 155g,5,Canned Goods,18.00,25.00
2024-02-28,Sunsilk Shampoo Sachet,0,Body Care,5.00,8.00
2024-02-28,Biogesic 500mg Tablet,0,Medicine,4.00,7.00
2024-02-28,AA Batteries (pair),1,Household,35.00,55.00
2024-02-28,Sewing Needle Pack,0,Household,12.00,25.00
2024-02-29,Cooking Oil 1L,56,Pantry,60.00,75.00
2024-02-29,Bear Brand Powdered Milk 320g,18,Dairy,70.00,90.00
2024-02-29,Alaska Evap Milk 370ml,8,Dairy,32.00,42.00
2024-02-29,Ligo Sardines 155g,1,Canned Goods,18.00,25.00
2024-02-29,Sunsilk Shampoo Sachet,0,Body Care,5.00,8.00
2024-02-29,Biogesic 500mg Tablet,0,Medicine,4.00,7.00
2024-02-29,AA Batteries (pair),0,Household,35.00,55.00
2024-02-29,Sewing Needle Pack,0,Household,12.00,25.00
2024-03-01,Cooking Oil 1L,27,Pantry,60.00,75.00
2024-03-01,Bear Brand Powdered Milk 320g,14,Dairy,70.00,90.00
2024-03-01,Alaska Evap Milk 370ml,4,Dairy,32.00,42.00
2024-03-01,Ligo Sardines 155g,4,Canned Goods,18.00,25.00
2024-03-01,Sunsilk Shampoo Sachet,0,Body Care,5.00,8.00
2024-03-01,Biogesic 500mg Tablet,0,Medicine,4.00,7.00
2024-03-01,AA Batteries (pair),0,Household,35.00,55.00
2024-03-01,Sewing Needle Pack,0,Household,12.00,25.00
2024-03-02,Cooking Oil 1L,24,Pantry,60.00,75.00
2024-03-02,Bear Brand Powdered Milk 320g,17,Dairy,70.00,90.00
2024-03-02,Alaska Evap Milk 370ml,3,Dairy,32.00,42.00
2024-03-02,Ligo Sardines 155g,5,Canned Goods,18.00,25.00
2024-03-02,Sunsilk Shampoo Sachet,1,Body Care,5.00,8.00
2024-03-02,Biogesic 500mg Tablet,2,Medicine,4.00,7.00
2024-03-02,AA Batteries (pair),0,Household,35.00,55.00
2024-03-02,Sewing Needle Pack,0,Household,12.00,25.00
2024-03-03,Cooking Oil 1L,30,Pantry,60.00,75.00
2024-03-03,Bear Brand Powdered Milk 320g,6,Dairy,70.00,90.00
2024-03-03,Alaska Evap Milk 370ml,6,Dairy,32.00,42.00
2024-03-03,Ligo Sardines 155g,1,Canned Goods,18.00,25.00
2024-03-03,Sunsilk Shampoo Sachet,3,Body Care,5.00,8.00
2024-03-03,Biogesic 500mg Tablet,0,Medicine,4.00,7.00
2024-03-03,AA Batteries (pair),0,Household,35.00,55.00
2024-03-03,Sewing Needle Pack,0,Household,12.00,25.00
2024-03-04,Cooking Oil 1L,34,Pantry,60.00,75.00
2024-03-04,Bear Brand Powdered Milk 320g,10,Dairy,70.00,90.00
2024-03-04,Alaska Evap Milk 370ml,2,Dairy,32.00,42.00
2024-03-04,Ligo Sardines 155g,2,Canned Goods,18.00,25.00
2024-03-04,Sunsilk Shampoo Sachet,2,Body Care,5.00,8.00
2024-03-04,Biogesic 500mg Tablet,0,Medicine,4.00,7.00
2024-03-04,AA Batteries (pair),0,Household,35.00,55.00
2024-03-04,Sewing Needle Pack,0,Household,12.00,25.00
2024-03-05,Cooking Oil 1L,26,Pantry,60.00,75.00
2024-03-05,Bear Brand Powdered Milk 320g,10,Dairy,70.00,90.00
2024-03-05,Alaska Evap Milk 370ml,0,Dairy,32.00,42.00
2024-03-05,Ligo Sardines 155g,2,Canned Goods,18.00,25.00
2024-03-05,Sunsilk Shampoo Sachet,1,Body Care,5.00,8.00
2024-03-05,Biogesic 500mg Tablet,1,Medicine,4.00,7.00
2024-03-05,AA Batteries (pair),0,Household,35.00,55.00
2024-03-05,Sewing Needle Pack,0,Household,12.00,25.00
2024-03-06,Cooking Oil 1L,35,Pantry,60.00,75.00
2024-03-06,Bear Brand Powdered Milk 320g,11,Dairy,70.00,90.00
2024-03-06,Alaska Evap Milk 370ml,9,Dairy,32.00,42.00
2024-03-06,Ligo Sardines 155g,0,Canned Goods,18.00,25.00
2024-03-06,Sunsilk Shampoo Sachet,2,Body Care,5.00,8.00
2024-03-06,Biogesic 500mg Tablet,0,Medicine,4.00,7.00
2024-03-06,AA Batteries (pair),0,Household,35.00,55.00
2024-03-06,Sewing Needle Pack,0,Household,12.00,25.00
2024-03-07,Cooking Oil 1L,27,Pantry,60.00,75.00
2024-03-07,Bear Brand Powdered Milk 320g,7,Dairy,70.00,90.00
2024-03-07,Alaska Evap Milk 370ml,2,Dairy,32.00,42.00
2024-03-07,Ligo Sardines 155g,3,Canned Goods,18.00,25.00
2024-03-07,Sunsilk Shampoo Sachet,0,Body Care,5.00,8.00
2024-03-07,Biogesic 500mg Tablet,0,Medicine,4.00,7.00
2024-03-07,AA Batteries (pair),0,Household,35.00,55.00
2024-03-07,Sewing Needle Pack,0,Household,12.00,25.00
2024-03-08,Cooking Oil 1L,47,Pantry,60.00,75.00
2024-03-08,Bear Brand Powdered Milk 320g,11,Dairy,70.00,90.00
2024-03-08,Alaska Evap Milk 370ml,6,Dairy,32.00,42.00
2024-03-08,Ligo Sardines 155g,2,Canned Goods,18.00,25.00
2024-03-08,Sunsilk Shampoo Sachet,0,Body Care,5.00,8.00
2024-03-08,Biogesic 500mg Tablet,0,Medicine,4.00,7.00
2024-03-08,AA Batteries (pair),1,Household,35.00,55.00
2024-03-08,Sewing Needle Pack,0,Household,12.00,25.00
2024-03-09,Cooking Oil 1L,32,Pantry,60.00,75.00
2024-03-09,Bear Brand Powdered Milk 320g,18,Dairy,70.00,90.00
2024-03-09,Alaska Evap Milk 370ml,2,Dairy,32.00,42.00
2024-03-09,Ligo Sardines 155g,4,Canned Goods,18.00,25.00
2024-03-09,Sunsilk Shampoo Sachet,0,Body Care,5.00,8.00
2024-03-09,Biogesic 500mg Tablet,1,Medicine,4.00,7.00
2024-03-09,AA Batteries (pair),1,Household,35.00,55.00
2024-03-09,Sewing Needle Pack,0,Household,12.00,25.00
2024-03-10,Cooking Oil 1L,37,Pantry,60.00,75.00
2024-03-10,Bear Brand Powdered Milk 320g,19,Dairy,70.00,90.00
2024-03-10,Alaska Evap Milk 370ml,3,Dairy,32.00,42.00
2024-03-10,Ligo Sardines 155g,1,Canned Goods,18.00,25.00
2024-03-10,Sunsilk Shampoo Sachet,1,Body Care,5.00,8.00
2024-03-10,Biogesic 500mg Tablet,0,Medicine,4.00,7.00
2024-03-10,AA Batteries (pair),0,Household,35.00,55.00
2024-03-10,Sewing Needle Pack,0,Household,12.00,25.00
2024-03-11,Cooking Oil 1L,25,Pantry,60.00,75.00
2024-03-11,Bear Brand Powdered Milk 320g,11,Dairy,70.00,90.00
2024-03-11,Alaska Evap Milk 370ml,3,Dairy,32.00,42.00
2024-03-11,Ligo Sardines 155g,1,Canned Goods,18.00,25.00
2024-03-11,Sunsilk Shampoo Sachet,0,Body Care,5.00,8.00
2024-03-11,Biogesic 500mg Tablet,0,Medicine,4.00,7.00
2024-03-11,AA Batteries (pair),0,Household,35.00,55.00
2024-03-11,Sewing Needle Pack,0,Household,12.00,25.00
2024-03-12,Cooking Oil 1L,25,Pantry,60.00,75.00
2024-03-12,Bear Brand Powdered Milk 320g,18,Dairy,70.00,90.00
2024-03-12,Alaska Evap Milk 370ml,7,Dairy,32.00,42.00
2024-03-12,Ligo Sardines 155g,0,Canned Goods,18.00,25.00
2024-03-12,Sunsilk Shampoo Sachet,1,Body Care,5.00,8.00
2024-03-12,Biogesic 500mg Tablet,2,Medicine,4.00,7.00
2024-03-12,AA Batteries (pair),1,Household,35.00,55.00
2024-03-12,Sewing Needle Pack,0,Household,12.00,25.00
2024-03-13,Cooking Oil 1L,37,Pantry,60.00,75.00
2024-03-13,Bear Brand Powdered Milk 320g,16,Dairy,70.00,90.00
2024-03-13,Alaska Evap Milk 370ml,7,Dairy,32.00,42.00
2024-03-13,Ligo Sardines 155g,1,Canned Goods,18.00,25.00
2024-03-13,Sunsilk Shampoo Sachet,0,Body Care,5.00,8.00
2024-03-13,Biogesic 500mg Tablet,0,Medicine,4.00,7.00
2024-03-13,AA Batteries (pair),0,Household,35.00,55.00
2024-03-13,Sewing Needle Pack,0,Household,12.00,25.00
2024-03-14,Cooking Oil 1L,26,Pantry,60.00,75.00
2024-03-14,Bear Brand Powdered Milk 320g,16,Dairy,70.00,90.00
2024-03-14,Alaska Evap Milk 370ml,5,Dairy,32.00,42.00
2024-03-14,Ligo Sardines 155g,4,Canned Goods,18.00,25.00
2024-03-14,Sunsilk Shampoo Sachet,0,Body Care,5.00,8.00
2024-03-14,Biogesic 500mg Tablet,0,Medicine,4.00,7.00
2024-03-14,AA Batteries (pair),1,Household,35.00,55.00
2024-03-14,Sewing Needle Pack,0,Household,12.00,25.00
2024-03-15,Cooking Oil 1L,55,Pantry,60.00,75.00
2024-03-15,Bear Brand Powdered Milk 320g,15,Dairy,70.00,90.00
2024-03-15,Alaska Evap Milk 370ml,3,Dairy,32.00,42.00
2024-03-15,Ligo Sardines 155g,3,Canned Goods,18.00,25.00
2024-03-15,Sunsilk Shampoo Sachet,0,Body Care,5.00,8.00
2024-03-15,Biogesic 500mg Tablet,2,Medicine,4.00,7.00
2024-03-15,AA Batteries (pair),0,Household,35.00,55.00
2024-03-15,Sewing Needle Pack,0,Household,12.00,25.00
2024-03-16,Cooking Oil 1L,24,Pantry,60.00,75.00
2024-03-16,Bear Brand Powdered Milk 320g,22,Dairy,70.00,90.00
2024-03-16,Alaska Evap Milk 370ml,7,Dairy,32.00,42.00
2024-03-16,Ligo Sardines 155g,3,Canned Goods,18.00,25.00
2024-03-16,Sunsilk Shampoo Sachet,2,Body Care,5.00,8.00
2024-03-16,Biogesic 500mg Tablet,0,Medicine,4.00,7.00
2024-03-16,AA Batteries (pair),2,Household,35.00,55.00
2024-03-16,Sewing Needle Pack,0,Household,12.00,25.00
2024-03-17,Cooking Oil 1L,36,Pantry,60.00,75.00
2024-03-17,Bear Brand Powdered Milk 320g,13,Dairy,70.00,90.00
2024-03-17,Alaska Evap Milk 370ml,2,Dairy,32.00,42.00
2024-03-17,Ligo Sardines 155g,3,Canned Goods,18.00,25.00
2024-03-17,Sunsilk Shampoo Sachet,0,Body Care,5.00,8.00
2024-03-17,Biogesic 500mg Tablet,1,Medicine,4.00,7.00
2024-03-17,AA Batteries (pair),1,Household,35.00,55.00
2024-03-17,Sewing Needle Pack,1,Household,12.00,25.00
2024-03-18,Cooking Oil 1L,34,Pantry,60.00,75.00
2024-03-18,Bear Brand Powdered Milk 320g,10,Dairy,70.00,90.00
2024-03-18,Alaska Evap Milk 370ml,5,Dairy,32.00,42.00
2024-03-18,Ligo Sardines 155g,3,Canned Goods,18.00,25.00
2024-03-18,Sunsilk Shampoo Sachet,1,Body Care,5.00,8.00
2024-03-18,Biogesic 500mg Tablet,1,Medicine,4.00,7.00
2024-03-18,AA Batteries (pair),1,Household,35.00,55.00
2024-03-18,Sewing Needle Pack,0,Household,12.00,25.00
2024-03-19,Cooking Oil 1L,40,Pantry,60.00,75.00
2024-03-19,Bear Brand Powdered Milk 320g,21,Dairy,70.00,90.00
2024-03-19,Alaska Evap Milk 370ml,2,Dairy,32.00,42.00
2024-03-19,Ligo Sardines 155g,2,Canned Goods,18.00,25.00
2024-03-19,Sunsilk Shampoo Sachet,1,Body Care,5.00,8.00
2024-03-19,Biogesic 500mg Tablet,1,Medicine,4.00,7.00
2024-03-19,AA Batteries (pair),2,Household,35.00,55.00
2024-03-19,Sewing Needle Pack,0,Household,12.00,25.00
2024-03-20,Cooking Oil 1L,16,Pantry,60.00,75.00
2024-03-20,Bear Brand Powdered Milk 320g,9,Dairy,70.00,90.00
2024-03-20,Alaska Evap Milk 370ml,5,Dairy,32.00,42.00
2024-03-20,Ligo Sardines 155g,3,Canned Goods,18.00,25.00
2024-03-20,Sunsilk Shampoo Sachet,0,Body Care,5.00,8.00
2024-03-20,Biogesic 500mg Tablet,0,Medicine,4.00,7.00
2024-03-20,AA Batteries (pair),1,Household,35.00,55.00
2024-03-20,Sewing Needle Pack,0,Household,12.00,25.00
2024-03-21,Cooking Oil 1L,46,Pantry,60.00,75.00
2024-03-21,Bear Brand Powdered Milk 320g,18,Dairy,70.00,90.00
2024-03-21,Alaska Evap Milk 370ml,2,Dairy,32.00,42.00
2024-03-21,Ligo Sardines 155g,2,Canned Goods,18.00,25.00
2024-03-21,Sunsilk Shampoo Sachet,1,Body Care,5.00,8.00
2024-03-21,Biogesic 500mg Tablet,2,Medicine,4.00,7.00
2024-03-21,AA Batteries (pair),0,Household,35.00,55.00
2024-03-21,Sewing Needle Pack,0,Household,12.00,25.00
2024-03-22,Cooking Oil 1L,48,Pantry,60.00,75.00
2024-03-22,Bear Brand Powdered Milk 320g,15,Dairy,70.00,90.00
2024-03-22,Alaska Evap Milk 370ml,10,Dairy,32.00,42.00
2024-03-22,Ligo Sardines 155g,5,Canned Goods,18.00,25.00
2024-03-22,Sunsilk Shampoo Sachet,1,Body Care,5.00,8.00
2024-03-22,Biogesic 500mg Tablet,0,Medicine,4.00,7.00
2024-03-22,AA Batteries (pair),1,Household,35.00,55.00
2024-03-22,Sewing Needle Pack,0,Household,12.00,25.00
2024-03-23,Cooking Oil 1L,46,Pantry,60.00,75.00
2024-03-23,Bear Brand Powdered Milk 320g,15,Dairy,70.00,90.00
2024-03-23,Alaska Evap Milk 370ml,12,Dairy,32.00,42.00
2024-03-23,Ligo Sardines 155g,5,Canned Goods,18.00,25.00
2024-03-23,Sunsilk Shampoo Sachet,0,Body Care,5.00,8.00
2024-03-23,Biogesic 500mg Tablet,1,Medicine,4.00,7.00
2024-03-23,AA Batteries (pair),0,Household,35.00,55.00
2024-03-23,Sewing Needle Pack,0,Household,12.00,25.00
2024-03-24,Cooking Oil 1L,51,Pantry,60.00,75.00
2024-03-24,Bear Brand Powdered Milk 320g,12,Dairy,70.00,90.00
2024-03-24,Alaska Evap Milk 370ml,4,Dairy,32.00,42.00
2024-03-24,Ligo Sardines 155g,5,Canned Goods,18.00,25.00
2024-03-24,Sunsilk Shampoo Sachet,1,Body Care,5.00,8.00
2024-03-24,Biogesic 500mg Tablet,1,Medicine,4.00,7.00
2024-03-24,AA Batteries (pair),1,Household,35.00,55.00
2024-03-24,Sewing Needle Pack,0,Household,12.00,25.00
2024-03-25,Cooking Oil 1L,31,Pantry,60.00,75.00
2024-03-25,Bear Brand Powdered Milk 320g,17,Dairy,70.00,90.00
2024-03-25,Alaska Evap Milk 370ml,9,Dairy,32.00,42.00
2024-03-25,Ligo Sardines 155g,0,Canned Goods,18.00,25.00
2024-03-25,Sunsilk Shampoo Sachet,0,Body Care,5.00,8.00
2024-03-25,Biogesic 500mg Tablet,0,Medicine,4.00,7.00
2024-03-25,AA Batteries (pair),0,Household,35.00,55.00
2024-03-25,Sewing Needle Pack,0,Household,12.00,25.00
2024-03-26,Cooking Oil 1L,34,Pantry,60.00,75.00
2024-03-26,Bear Brand Powdered Milk 320g,19,Dairy,70.00,90.00
2024-03-26,Alaska Evap Milk 370ml,4,Dairy,32.00,42.00
2024-03-26,Ligo Sardines 155g,1,Canned Goods,18.00,25.00
2024-03-26,Sunsilk Shampoo Sachet,0,Body Care,5.00,8.00
2024-03-26,Biogesic 500mg Tablet,0,Medicine,4.00,7.00
2024-03-26,AA Batteries (pair),0,Household,35.00,55.00
2024-03-26,Sewing Needle Pack,0,Household,12.00,25.00
2024-03-27,Cooking Oil 1L,44,Pantry,60.00,75.00
2024-03-27,Bear Brand Powdered Milk 320g,17,Dairy,70.00,90.00
2024-03-27,Alaska Evap Milk 370ml,6,Dairy,32.00,42.00
2024-03-27,Ligo Sardines 155g,1,Canned Goods,18.00,25.00
2024-03-27,Sunsilk Shampoo Sachet,1,Body Care,5.00,8.00
2024-03-27,Biogesic 500mg Tablet,0,Medicine,4.00,7.00
2024-03-27,AA Batteries (pair),0,Household,35.00,55.00
2024-03-27,Sewing Needle Pack,0,Household,12.00,25.00
2024-03-28,Cooking Oil 1L,41,Pantry,60.00,75.00
2024-03-28,Bear Brand Powdered Milk 320g,23,Dairy,70.00,90.00
2024-03-28,Alaska Evap Milk 370ml,3,Dairy,32.00,42.00
2024-03-28,Ligo Sardines 155g,6,Canned Goods,18.00,25.00
2024-03-28,Sunsilk Shampoo Sachet,1,Body Care,5.00,8.00
2024-03-28,Biogesic 500mg Tablet,1,Medicine,4.00,7.00
2024-03-28,AA Batteries (pair),0,Household,35.00,55.00
2024-03-28,Sewing Needle Pack,0,Household,12.00,25.00
2024-03-29,Cooking Oil 1L,74,Pantry,60.00,75.00
2024-03-29,Bear Brand Powdered Milk 320g,20,Dairy,70.00,90.00
2024-03-29,Alaska Evap Milk 370ml,10,Dairy,32.00,42.00
2024-03-29,Ligo Sardines 155g,3,Canned Goods,18.00,25.00
2024-03-29,Sunsilk Shampoo Sachet,1,Body Care,5.00,8.00
2024-03-29,Biogesic 500mg Tablet,2,Medicine,4.00,7.00
2024-03-29,AA Batteries (pair),3,Household,35.00,55.00
2024-03-29,Sewing Needle Pack,0,Household,12.00,25.00
2024-03-30,Cooking Oil 1L,89,Pantry,60.00,75.00
2024-03-30,Bear Brand Powdered Milk 320g,17,Dairy,70.00,90.00
2024-03-30,Alaska Evap Milk 370ml,11,Dairy,32.00,42.00
2024-03-30,Ligo Sardines 155g,11,Canned Goods,18.00,25.00
2024-03-30,Sunsilk Shampoo Sachet,2,Body Care,5.00,8.00
2024-03-30,Biogesic 500mg Tablet,2,Medicine,4.00,7.00
2024-03-30,AA Batteries (pair),0,Household,35.00,55.00
2024-03-30,Sewing Needle Pack,0,Household,12.00,25.00
2024-03-31,Cooking Oil 1L,35,Pantry,60.00,75.00
2024-03-31,Bear Brand Powdered Milk 320g,28,Dairy,70.00,90.00
2024-03-31,Alaska Evap Milk 370ml,9,Dairy,32.00,42.00
2024-03-31,Ligo Sardines 155g,6,Canned Goods,18.00,25.00
2024-03-31,Sunsilk Shampoo Sachet,0,Body Care,5.00,8.00
2024-03-31,Biogesic 500mg Tablet,0,Medicine,4.00,7.00
2024-03-31,AA Batteries (pair),0,Household,35.00,55.00
2024-03-31,Sewing Needle Pack,1,Household,12.00,25.00
2024-04-01,Cooking Oil 1L,27,Pantry,60.00,75.00
2024-04-01,Bear Brand Powdered Milk 320g,13,Dairy,70.00,90.00
2024-04-01,Alaska Evap Milk 370ml,3,Dairy,32.00,42.00
2024-04-01,Ligo Sardines 155g,2,Canned Goods,18.00,25.00
2024-04-01,Sunsilk Shampoo Sachet,0,Body Care,5.00,8.00
2024-04-01,Biogesic 500mg Tablet,0,Medicine,4.00,7.00
2024-04-01,AA Batteries (pair),0,Household,35.00,55.00
2024-04-01,Sewing Needle Pack,0,Household,12.00,25.00
2024-04-02,Cooking Oil 1L,33,Pantry,60.00,75.00
2024-04-02,Bear Brand Powdered Milk 320g,9,Dairy,70.00,90.00
2024-04-02,Alaska Evap Milk 370ml,1,Dairy,32.00,42.00
2024-04-02,Ligo Sardines 155g,3,Canned Goods,18.00,25.00
2024-04-02,Sunsilk Shampoo Sachet,3,Body Care,5.00,8.00
2024-04-02,Biogesic 500mg Tablet,1,Medicine,4.00,7.00
2024-04-02,AA Batteries (pair),0,Household,35.00,55.00
2024-04-02,Sewing Needle Pack,0,Household,12.00,25.00
2024-04-03,Cooking Oil 1L,39,Pantry,60.00,75.00
2024-04-03,Bear Brand Powdered Milk 320g,11,Dairy,70.00,90.00
2024-04-03,Alaska Evap Milk 370ml,3,Dairy,32.00,42.00
2024-04-03,Ligo Sardines 155g,1,Canned Goods,18.00,25.00
2024-04-03,Sunsilk Shampoo Sachet,0,Body Care,5.00,8.00
2024-04-03,Biogesic 500mg Tablet,1,Medicine,4.00,7.00
2024-04-03,AA Batteries (pair),0,Household,35.00,55.00
2024-04-03,Sewing Needle Pack,0,Household,12.00,25.00
2024-04-04,Cooking Oil 1L,27,Pantry,60.00,75.00
2024-04-04,Bear Brand Powdered Milk 320g,15,Dairy,70.00,90.00
2024-04-04,Alaska Evap Milk 370ml,1,Dairy,32.00,42.00
2024-04-04,Ligo Sardines 155g,5,Canned Goods,18.00,25.00
2024-04-04,Sunsilk Shampoo Sachet,0,Body Care,5.00,8.00
2024-04-04,Biogesic 500mg Tablet,1,Medicine,4.00,7.00
2024-04-04,AA Batteries (pair),1,Household,35.00,55.00
2024-04-04,Sewing Needle Pack,0,Household,12.00,25.00
2024-04-05,Cooking Oil 1L,37,Pantry,60.00,75.00
2024-04-05,Bear Brand Powdered Milk 320g,16,Dairy,70.00,90.00
2024-04-05,Alaska Evap Milk 370ml,6,Dairy,32.00,42.00
2024-04-05,Ligo Sardines 155g,1,Canned Goods,18.00,25.00
2024-04-05,Sunsilk Shampoo Sachet,1,Body Care,5.00,8.00
2024-04-05,Biogesic 500mg Tablet,0,Medicine,4.00,7.00
2024-04-05,AA Batteries (pair),0,Household,35.00,55.00
2024-04-05,Sewing Needle Pack,0,Household,12.00,25.00
2024-04-06,Cooking Oil 1L,40,Pantry,60.00,75.00
2024-04-06,Bear Brand Powdered Milk 320g,17,Dairy,70.00,90.00
2024-04-06,Alaska Evap Milk 370ml,2,Dairy,32.00,42.00
2024-04-06,Ligo Sardines 155g,1,Canned Goods,18.00,25.00
2024-04-06,Sunsilk Shampoo Sachet,3,Body Care,5.00,8.00
2024-04-06,Biogesic 500mg Tablet,0,Medicine,4.00,7.00
2024-04-06,AA Batteries (pair),1,Household,35.00,55.00
2024-04-06,Sewing Needle Pack,0,Household,12.00,25.00
2024-04-07,Cooking Oil 1L,35,Pantry,60.00,75.00
2024-04-07,Bear Brand Powdered Milk 320g,16,Dairy,70.00,90.00
2024-04-07,Alaska Evap Milk 370ml,3,Dairy,32.00,42.00
2024-04-07,Ligo Sardines 155g,5,Canned Goods,18.00,25.00
2024-04-07,Sunsilk Shampoo Sachet,4,Body Care,5.00,8.00
2024-04-07,Biogesic 500mg Tablet,1,Medicine,4.00,7.00
2024-04-07,AA Batteries (pair),0,Household,35.00,55.00
2024-04-07,Sewing Needle Pack,0,Household,12.00,25.00
2024-04-08,Cooking Oil 1L,33,Pantry,60.00,75.00
2024-04-08,Bear Brand Powdered Milk 320g,10,Dairy,70.00,90.00
2024-04-08,Alaska Evap Milk 370ml,3,Dairy,32.00,42.00
2024-04-08,Ligo Sardines 155g,1,Canned Goods,18.00,25.00
2024-04-08,Sunsilk Shampoo Sachet,2,Body Care,5.00,8.00
2024-04-08,Biogesic 500mg Tablet,3,Medicine,4.00,7.00
2024-04-08,AA Batteries (pair),0,Household,35.00,55.00
2024-04-08,Sewing Needle Pack,0,Household,12.00,25.00
2024-04-09,Cooking Oil 1L,17,Pantry,60.00,75.00
2024-04-09,Bear Brand Powdered Milk 320g,10,Dairy,70.00,90.00
2024-04-09,Alaska Evap Milk 370ml,3,Dairy,32.00,42.00
2024-04-09,Ligo Sardines 155g,2,Canned Goods,18.00,25.00
2024-04-09,Sunsilk Shampoo Sachet,2,Body Care,5.00,8.00
2024-04-09,Biogesic 500mg Tablet,0,Medicine,4.00,7.00
2024-04-09,AA Batteries (pair),0,Household,35.00,55.00
2024-04-09,Sewing Needle Pack,0,Household,12.00,25.00
2024-04-10,Cooking Oil 1L,39,Pantry,60.00,75.00
2024-04-10,Bear Brand Powdered Milk 320g,10,Dairy,70.00,90.00
2024-04-10,Alaska Evap Milk 370ml,6,Dairy,32.00,42.00
2024-04-10,Ligo Sardines 155g,3,Canned Goods,18.00,25.00
2024-04-10,Sunsilk Shampoo Sachet,0,Body Care,5.00,8.00
2024-04-10,Biogesic 500mg Tablet,3,Medicine,4.00,7.00
2024-04-10,AA Batteries (pair),1,Household,35.00,55.00
2024-04-10,Sewing Needle Pack,0,Household,12.00,25.00
2024-04-11,Cooking Oil 1L,41,Pantry,60.00,75.00
2024-04-11,Bear Brand Powdered Milk 320g,15,Dairy,70.00,90.00
2024-04-11,Alaska Evap Milk 370ml,2,Dairy,32.00,42.00
2024-04-11,Ligo Sardines 155g,1,Canned Goods,18.00,25.00
2024-04-11,Sunsilk Shampoo Sachet,2,Body Care,5.00,8.00
2024-04-11,Biogesic 500mg Tablet,0,Medicine,4.00,7.00
2024-04-11,AA Batteries (pair),0,Household,35.00,55.00
2024-04-11,Sewing Needle Pack,0,Household,12.00,25.00
2024-04-12,Cooking Oil 1L,49,Pantry,60.00,75.00
2024-04-12,Bear Brand Powdered Milk 320g,20,Dairy,70.00,90.00
2024-04-12,Alaska Evap Milk 370ml,3,Dairy,32.00,42.00
2024-04-12,Ligo Sardines 155g,0,Canned Goods,18.00,25.00
2024-04-12,Sunsilk Shampoo Sachet,1,Body Care,5.00,8.00
2024-04-12,Biogesic 500mg Tablet,1,Medicine,4.00,7.00
2024-04-12,AA Batteries (pair),1,Household,35.00,55.00
2024-04-12,Sewing Needle Pack,0,Household,12.00,25.00
2024-04-13,Cooking Oil 1L,55,Pantry,60.00,75.00
2024-04-13,Bear Brand Powdered Milk 320g,11,Dairy,70.00,90.00
2024-04-13,Alaska Evap Milk 370ml,6,Dairy,32.00,42.00
2024-04-13,Ligo Sardines 155g,3,Canned Goods,18.00,25.00
2024-04-13,Sunsilk Shampoo Sachet,1,Body Care,5.00,8.00
2024-04-13,Biogesic 500mg Tablet,1,Medicine,4.00,7.00
2024-04-13,AA Batteries (pair),0,Household,35.00,55.00
2024-04-13,Sewing Needle Pack,0,Household,12.00,25.00
2024-04-14,Cooking Oil 1L,27,Pantry,60.00,75.00
2024-04-14,Bear Brand Powdered Milk 320g,14,Dairy,70.00,90.00
2024-04-14,Alaska Evap Milk 370ml,1,Dairy,32.00,42.00
2024-04-14,Ligo Sardines 155g,1,Canned Goods,18.00,25.00
2024-04-14,Sunsilk Shampoo Sachet,2,Body Care,5.00,8.00
2024-04-14,Biogesic 500mg Tablet,0,Medicine,4.00,7.00
2024-04-14,AA Batteries (pair),0,Household,35.00,55.00
2024-04-14,Sewing Needle Pack,0,Household,12.00,25.00
2024-04-15,Cooking Oil 1L,32,Pantry,60.00,75.00
2024-04-15,Bear Brand Powdered Milk 320g,11,Dairy,70.00,90.00
2024-04-15,Alaska Evap Milk 370ml,4,Dairy,32.00,42.00
2024-04-15,Ligo Sardines 155g,1,Canned Goods,18.00,25.00
2024-04-15,Sunsilk Shampoo Sachet,0,Body Care,5.00,8.00
2024-04-15,Biogesic 500mg Tablet,1,Medicine,4.00,7.00
2024-04-15,AA Batteries (pair),1,Household,35.00,55.00
2024-04-15,Sewing Needle Pack,0,Household,12.00,25.00
2024-04-16,Cooking Oil 1L,21,Pantry,60.00,75.00
2024-04-16,Bear Brand Powdered Milk 320g,14,Dairy,70.00,90.00
2024-04-16,Alaska Evap Milk 370ml,4,Dairy,32.00,42.00
2024-04-16,Ligo Sardines 155g,4,Canned Goods,18.00,25.00
2024-04-16,Sunsilk Shampoo Sachet,0,Body Care,5.00,8.00
2024-04-16,Biogesic 500mg Tablet,1,Medicine,4.00,7.00
2024-04-16,AA Batteries (pair),1,Household,35.00,55.00
2024-04-16,Sewing Needle Pack,0,Household,12.00,25.00
2024-04-17,Cooking Oil 1L,35,Pantry,60.00,75.00
2024-04-17,Bear Brand Powdered Milk 320g,12,Dairy,70.00,90.00
2024-04-17,Alaska Evap Milk 370ml,4,Dairy,32.00,42.00
2024-04-17,Ligo Sardines 155g,3,Canned Goods,18.00,25.00
2024-04-17,Sunsilk Shampoo Sachet,3,Body Care,5.00,8.00
2024-04-17,Biogesic 500mg Tablet,1,Medicine,4.00,7.00
2024-04-17,AA Batteries (pair),0,Household,35.00,55.00
2024-04-17,Sewing Needle Pack,0,Household,12.00,25.00
2024-04-18,Cooking Oil 1L,18,Pantry,60.00,75.00
2024-04-18,Bear Brand Powdered Milk 320g,11,Dairy,70.00,90.00
2024-04-18,Alaska Evap Milk 370ml,2,Dairy,32.00,42.00
2024-04-18,Ligo Sardines 155g,1,Canned Goods,18.00,25.00
2024-04-18,Sunsilk Shampoo Sachet,0,Body Care,5.00,8.00
2024-04-18,Biogesic 500mg Tablet,0,Medicine,4.00,7.00
2024-04-18,AA Batteries (pair),0,Household,35.00,55.00
2024-04-18,Sewing Needle Pack,0,Household,12.00,25.00
2024-04-19,Cooking Oil 1L,34,Pantry,60.00,75.00
2024-04-19,Bear Brand Powdered Milk 320g,13,Dairy,70.00,90.00
2024-04-19,Alaska Evap Milk 370ml,6,Dairy,32.00,42.00
2024-04-19,Ligo Sardines 155g,2,Canned Goods,18.00,25.00
2024-04-19,Sunsilk Shampoo Sachet,1,Body Care,5.00,8.00
2024-04-19,Biogesic 500mg Tablet,0,Medicine,4.00,7.00
2024-04-19,AA Batteries (pair),0,Household,35.00,55.00
2024-04-19,Sewing Needle Pack,0,Household,12.00,25.00
2024-04-20,Cooking Oil 1L,30,Pantry,60.00,75.00
2024-04-20,Bear Brand Powdered Milk 320g,26,Dairy,70.00,90.00
2024-04-20,Alaska Evap Milk 370ml,4,Dairy,32.00,42.00
2024-04-20,Ligo Sardines 155g,0,Canned Goods,18.00,25.00
2024-04-20,Sunsilk Shampoo Sachet,3,Body Care,5.00,8.00
2024-04-20,Biogesic 500mg Tablet,0,Medicine,4.00,7.00
2024-04-20,AA Batteries (pair),0,Household,35.00,55.00
2024-04-20,Sewing Needle Pack,0,Household,12.00,25.00
2024-04-21,Cooking Oil 1L,49,Pantry,60.00,75.00
2024-04-21,Bear Brand Powdered Milk 320g,16,Dairy,70.00,90.00
2024-04-21,Alaska Evap Milk 370ml,4,Dairy,32.00,42.00
2024-04-21,Ligo Sardines 155g,1,Canned Goods,18.00,25.00
2024-04-21,Sunsilk Shampoo Sachet,1,Body Care,5.00,8.00
2024-04-21,Biogesic 500mg Tablet,1,Medicine,4.00,7.00
2024-04-21,AA Batteries (pair),0,Household,35.00,55.00
2024-04-21,Sewing Needle Pack,0,Household,12.00,25.00
2024-04-22,Cooking Oil 1L,29,Pantry,60.00,75.00
2024-04-22,Bear Brand Powdered Milk 320g,13,Dairy,70.00,90.00
2024-04-22,Alaska Evap Milk 370ml,5,Dairy,32.00,42.00
2024-04-22,Ligo Sardines 155g,4,Canned Goods,18.00,25.00
2024-04-22,Sunsilk Shampoo Sachet,1,Body Care,5.00,8.00
2024-04-22,Biogesic 500mg Tablet,0,Medicine,4.00,7.00
2024-04-22,AA Batteries (pair),0,Household,35.00,55.00
2024-04-22,Sewing Needle Pack,0,Household,12.00,25.00
2024-04-23,Cooking Oil 1L,23,Pantry,60.00,75.00
2024-04-23,Bear Brand Powdered Milk 320g,10,Dairy,70.00,90.00
2024-04-23,Alaska Evap Milk 370ml,3,Dairy,32.00,42.00
2024-04-23,Ligo Sardines 155g,1,Canned Goods,18.00,25.00
2024-04-23,Sunsilk Shampoo Sachet,0,Body Care,5.00,8.00
2024-04-23,Biogesic 500mg Tablet,0,Medicine,4.00,7.00
2024-04-23,AA Batteries (pair),0,Household,35.00,55.00
2024-04-23,Sewing Needle Pack,0,Household,12.00,25.00
2024-04-24,Cooking Oil 1L,31,Pantry,60.00,75.00
2024-04-24,Bear Brand Powdered Milk 320g,13,Dairy,70.00,90.00
2024-04-24,Alaska Evap Milk 370ml,3,Dairy,32.00,42.00
2024-04-24,Ligo Sardines 155g,4,Canned Goods,18.00,25.00
2024-04-24,Sunsilk Shampoo Sachet,2,Body Care,5.00,8.00
2024-04-24,Biogesic 500mg Tablet,0,Medicine,4.00,7.00
2024-04-24,AA Batteries (pair),0,Household,35.00,55.00
2024-04-24,Sewing Needle Pack,1,Household,12.00,25.00
2024-04-25,Cooking Oil 1L,34,Pantry,60.00,75.00
2024-04-25,Bear Brand Powdered Milk 320g,6,Dairy,70.00,90.00
2024-04-25,Alaska Evap Milk 370ml,2,Dairy,32.00,42.00
2024-04-25,Ligo Sardines 155g,5,Canned Goods,18.00,25.00
2024-04-25,Sunsilk Shampoo Sachet,1,Body Care,5.00,8.00
2024-04-25,Biogesic 500mg Tablet,0,Medicine,4.00,7.00
2024-04-25,AA Batteries (pair),0,Household,35.00,55.00
2024-04-25,Sewing Needle Pack,0,Household,12.00,25.00
2024-04-26,Cooking Oil 1L,34,Pantry,60.00,75.00
2024-04-26,Bear Brand Powdered Milk 320g,12,Dairy,70.00,90.00
2024-04-26,Alaska Evap Milk 370ml,8,Dairy,32.00,42.00
2024-04-26,Ligo Sardines 155g,3,Canned Goods,18.00,25.00
2024-04-26,Sunsilk Shampoo Sachet,0,Body Care,5.00,8.00
2024-04-26,Biogesic 500mg Tablet,1,Medicine,4.00,7.00
2024-04-26,AA Batteries (pair),0,Household,35.00,55.00
2024-04-26,Sewing Needle Pack,0,Household,12.00,25.00
2024-04-27,Cooking Oil 1L,41,Pantry,60.00,75.00
2024-04-27,Bear Brand Powdered Milk 320g,9,Dairy,70.00,90.00
2024-04-27,Alaska Evap Milk 370ml,5,Dairy,32.00,42.00
2024-04-27,Ligo Sardines 155g,10,Canned Goods,18.00,25.00
2024-04-27,Sunsilk Shampoo Sachet,0,Body Care,5.00,8.00
2024-04-27,Biogesic 500mg Tablet,1,Medicine,4.00,7.00
2024-04-27,AA Batteries (pair),0,Household,35.00,55.00
2024-04-27,Sewing Needle Pack,0,Household,12.00,25.00
2024-04-28,Cooking Oil 1L,59,Pantry,60.00,75.00
2024-04-28,Bear Brand Powdered Milk 320g,22,Dairy,70.00,90.00
2024-04-28,Alaska Evap Milk 370ml,5,Dairy,32.00,42.00
2024-04-28,Ligo Sardines 155g,1,Canned Goods,18.00,25.00
2024-04-28,Sunsilk Shampoo Sachet,0,Body Care,5.00,8.00
2024-04-28,Biogesic 500mg Tablet,1,Medicine,4.00,7.00
2024-04-28,AA Batteries (pair),1,Household,35.00,55.00
2024-04-28,Sewing Needle Pack,1,Household,12.00,25.00
2024-04-29,Cooking Oil 1L,41,Pantry,60.00,75.00
2024-04-29,Bear Brand Powdered Milk 320g,14,Dairy,70.00,90.00
2024-04-29,Alaska Evap Milk 370ml,6,Dairy,32.00,42.00
2024-04-29,Ligo Sardines 155g,0,Canned Goods,18.00,25.00
2024-04-29,Sunsilk Shampoo Sachet,1,Body Care,5.00,8.00
2024-04-29,Biogesic 500mg Tablet,1,Medicine,4.00,7.00
2024-04-29,AA Batteries (pair),1,Household,35.00,55.00
2024-04-29,Sewing Needle Pack,0,Household,12.00,25.00
2024-04-30,Cooking Oil 1L,27,Pantry,60.00,75.00
2024-04-30,Bear Brand Powdered Milk 320g,8,Dairy,70.00,90.00
2024-04-30,Alaska Evap Milk 370ml,3,Dairy,32.00,42.00
2024-04-30,Ligo Sardines 155g,5,Canned Goods,18.00,25.00
2024-04-30,Sunsilk Shampoo Sachet,0,Body Care,5.00,8.00
2024-04-30,Biogesic 500mg Tablet,1,Medicine,4.00,7.00
2024-04-30,AA Batteries (pair),1,Household,35.00,55.00
2024-04-30,Sewing Needle Pack,1,Household,12.00,25.00
2024-05-01,Cooking Oil 1L,16,Pantry,60.00,75.00
2024-05-01,Bear Brand Powdered Milk 320g,10,Dairy,70.00,90.00
2024-05-01,Alaska Evap Milk 370ml,5,Dairy,32.00,42.00
2024-05-01,Ligo Sardines 155g,3,Canned Goods,18.00,25.00
2024-05-01,Sunsilk Shampoo Sachet,2,Body Care,5.00,8.00
2024-05-01,Biogesic 500mg Tablet,1,Medicine,4.00,7.00
2024-05-01,AA Batteries (pair),0,Household,35.00,55.00
2024-05-01,Sewing Needle Pack,0,Household,12.00,25.00
2024-05-02,Cooking Oil 1L,29,Pantry,60.00,75.00
2024-05-02,Bear Brand Powdered Milk 320g,10,Dairy,70.00,90.00
2024-05-02,Alaska Evap Milk 370ml,1,Dairy,32.00,42.00
2024-05-02,Ligo Sardines 155g,5,Canned Goods,18.00,25.00
2024-05-02,Sunsilk Shampoo Sachet,0,Body Care,5.00,8.00
2024-05-02,Biogesic 500mg Tablet,0,Medicine,4.00,7.00
2024-05-02,AA Batteries (pair),0,Household,35.00,55.00
2024-05-02,Sewing Needle Pack,0,Household,12.00,25.00
2024-05-03,Cooking Oil 1L,34,Pantry,60.00,75.00
2024-05-03,Bear Brand Powdered Milk 320g,13,Dairy,70.00,90.00
2024-05-03,Alaska Evap Milk 370ml,7,Dairy,32.00,42.00
2024-05-03,Ligo Sardines 155g,1,Canned Goods,18.00,25.00
2024-05-03,Sunsilk Shampoo Sachet,1,Body Care,5.00,8.00
2024-05-03,Biogesic 500mg Tablet,0,Medicine,4.00,7.00
2024-05-03,AA Batteries (pair),0,Household,35.00,55.00
2024-05-03,Sewing Needle Pack,0,Household,12.00,25.00
2024-05-04,Cooking Oil 1L,42,Pantry,60.00,75.00
2024-05-04,Bear Brand Powdered Milk 320g,17,Dairy,70.00,90.00
2024-05-04,Alaska Evap Milk 370ml,3,Dairy,32.00,42.00
2024-05-04,Ligo Sardines 155g,5,Canned Goods,18.00,25.00
2024-05-04,Sunsilk Shampoo Sachet,2,Body Care,5.00,8.00
2024-05-04,Biogesic 500mg Tablet,0,Medicine,4.00,7.00
2024-05-04,AA Batteries (pair),0,Household,35.00,55.00
2024-05-04,Sewing Needle Pack,0,Household,12.00,25.00
2024-05-05,Cooking Oil 1L,46,Pantry,60.00,75.00
2024-05-05,Bear Brand Powdered Milk 320g,11,Dairy,70.00,90.00
2024-05-05,Alaska Evap Milk 370ml,5,Dairy,32.00,42.00
2024-05-05,Ligo Sardines 155g,5,Canned Goods,18.00,25.00
2024-05-05,Sunsilk Shampoo Sachet,0,Body Care,5.00,8.00
2024-05-05,Biogesic 500mg Tablet,1,Medicine,4.00,7.00
2024-05-05,AA Batteries (pair),0,Household,35.00,55.00
2024-05-05,Sewing Needle Pack,0,Household,12.00,25.00
2024-05-06,Cooking Oil 1L,36,Pantry,60.00,75.00
2024-05-06,Bear Brand Powdered Milk 320g,11,Dairy,70.00,90.00
2024-05-06,Alaska Evap Milk 370ml,2,Dairy,32.00,42.00
2024-05-06,Ligo Sardines 155g,2,Canned Goods,18.00,25.00
2024-05-06,Sunsilk Shampoo Sachet,0,Body Care,5.00,8.00
2024-05-06,Biogesic 500mg Tablet,0,Medicine,4.00,7.00
2024-05-06,AA Batteries (pair),1,Household,35.00,55.00
2024-05-06,Sewing Needle Pack,0,Household,12.00,25.00
2024-05-07,Cooking Oil 1L,27,Pantry,60.00,75.00
2024-05-07,Bear Brand Powdered Milk 320g,12,Dairy,70.00,90.00
2024-05-07,Alaska Evap Milk 370ml,3,Dairy,32.00,42.00
2024-05-07,Ligo Sardines 155g,2,Canned Goods,18.00,25.00
2024-05-07,Sunsilk Shampoo Sachet,1,Body Care,5.00,8.00
2024-05-07,Biogesic 500mg Tablet,1,Medicine,4.00,7.00
2024-05-07,AA Batteries (pair),0,Household,35.00,55.00
2024-05-07,Sewing Needle Pack,0,Household,12.00,25.00
2024-05-08,Cooking Oil 1L,40,Pantry,60.00,75.00
2024-05-08,Bear Brand Powdered Milk 320g,10,Dairy,70.00,90.00
2024-05-08,Alaska Evap Milk 370ml,3,Dairy,32.00,42.00
2024-05-08,Ligo Sardines 155g,2,Canned Goods,18.00,25.00
2024-05-08,Sunsilk Shampoo Sachet,1,Body Care,5.00,8.00
2024-05-08,Biogesic 500mg Tablet,0,Medicine,4.00,7.00
2024-05-08,AA Batteries (pair),0,Household,35.00,55.00
2024-05-08,Sewing Needle Pack,1,Household,12.00,25.00
2024-05-09,Cooking Oil 1L,42,Pantry,60.00,75.00
2024-05-09,Bear Brand Powdered Milk 320g,9,Dairy,70.00,90.00
2024-05-09,Alaska Evap Milk 370ml,6,Dairy,32.00,42.00
2024-05-09,Ligo Sardines 155g,0,Canned Goods,18.00,25.00
2024-05-09,Sunsilk Shampoo Sachet,3,Body Care,5.00,8.00
2024-05-09,Biogesic 500mg Tablet,1,Medicine,4.00,7.00
2024-05-09,AA Batteries (pair),0,Household,35.00,55.00
2024-05-09,Sewing Needle Pack,0,Household,12.00,25.00
2024-05-10,Cooking Oil 1L,30,Pantry,60.00,75.00
2024-05-10,Bear Brand Powdered Milk 320g,15,Dairy,70.00,90.00
2024-05-10,Alaska Evap Milk 370ml,4,Dairy,32.00,42.00
2024-05-10,Ligo Sardines 155g,2,Canned Goods,18.00,25.00
2024-05-10,Sunsilk Shampoo Sachet,0,Body Care,5.00,8.00
2024-05-10,Biogesic 500mg Tablet,1,Medicine,4.00,7.00
2024-05-10,AA Batteries (pair),0,Household,35.00,55.00
2024-05-10,Sewing Needle Pack,1,Household,12.00,25.00
2024-05-11,Cooking Oil 1L,50,Pantry,60.00,75.00
2024-05-11,Bear Brand Powdered Milk 320g,24,Dairy,70.00,90.00
2024-05-11,Alaska Evap Milk 370ml,5,Dairy,32.00,42.00
2024-05-11,Ligo Sardines 155g,2,Canned Goods,18.00,25.00
2024-05-11,Sunsilk Shampoo Sachet,0,Body Care,5.00,8.00
2024-05-11,Biogesic 500mg Tablet,0,Medicine,4.00,7.00
2024-05-11,AA Batteries (pair),0,Household,35.00,55.00
2024-05-11,Sewing Needle Pack,0,Household,12.00,25.00
2024-05-12,Cooking Oil 1L,32,Pantry,60.00,75.00
2024-05-12,Bear Brand Powdered Milk 320g,16,Dairy,70.00,90.00
2024-05-12,Alaska Evap Milk 370ml,4,Dairy,32.00,42.00
2024-05-12,Ligo Sardines 155g,3,Canned Goods,18.00,25.00
2024-05-12,Sunsilk Shampoo Sachet,2,Body Care,5.00,8.00
2024-05-12,Biogesic 500mg Tablet,0,Medicine,4.00,7.00
2024-05-12,AA Batteries (pair),0,Household,35.00,55.00
2024-05-12,Sewing Needle Pack,0,Household,12.00,25.00
2024-05-13,Cooking Oil 1L,29,Pantry,60.00,75.00
2024-05-13,Bear Brand Powdered Milk 320g,14,Dairy,70.00,90.00
2024-05-13,Alaska Evap Milk 370ml,1,Dairy,32.00,42.00
2024-05-13,Ligo Sardines 155g,3,Canned Goods,18.00,25.00
2024-05-13,Sunsilk Shampoo Sachet,1,Body Care,5.00,8.00
2024-05-13,Biogesic 500mg Tablet,0,Medicine,4.00,7.00
2024-05-13,AA Batteries (pair),0,Household,35.00,55.00
2024-05-13,Sewing Needle Pack,1,Household,12.00,25.00
2024-05-14,Cooking Oil 1L,23,Pantry,60.00,75.00
2024-05-14,Bear Brand Powdered Milk 320g,12,Dairy,70.00,90.00
2024-05-14,Alaska Evap Milk 370ml,2,Dairy,32.00,42.00
2024-05-14,Ligo Sardines 155g,0,Canned Goods,18.00,25.00
2024-05-14,Sunsilk Shampoo Sachet,0,Body Care,5.00,8.00
2024-05-14,Biogesic 500mg Tablet,1,Medicine,4.00,7.00
2024-05-14,AA Batteries (pair),0,Household,35.00,55.00
2024-05-14,Sewing Needle Pack,0,Household,12.00,25.00
2024-05-15,Cooking Oil 1L,22,Pantry,60.00,75.00
2024-05-15,Bear Brand Powdered Milk 320g,11,Dairy,70.00,90.00
2024-05-15,Alaska Evap Milk 370ml,5,Dairy,32.00,42.00
2024-05-15,Ligo Sardines 155g,1,Canned Goods,18.00,25.00
2024-05-15,Sunsilk Shampoo Sachet,2,Body Care,5.00,8.00
2024-05-15,Biogesic 500mg Tablet,1,Medicine,4.00,7.00
2024-05-15,AA Batteries (pair),0,Household,35.00,55.00
2024-05-15,Sewing Needle Pack,0,Household,12.00,25.00
2024-05-16,Cooking Oil 1L,19,Pantry,60.00,75.00
2024-05-16,Bear Brand Powdered Milk 320g,10,Dairy,70.00,90.00
2024-05-16,Alaska Evap Milk 370ml,6,Dairy,32.00,42.00
2024-05-16,Ligo Sardines 155g,1,Canned Goods,18.00,25.00
2024-05-16,Sunsilk Shampoo Sachet,1,Body Care,5.00,8.00
2024-05-16,Biogesic 500mg Tablet,0,Medicine,4.00,7.00
2024-05-16,AA Batteries (pair),0,Household,35.00,55.00
2024-05-16,Sewing Needle Pack,1,Household,12.00,25.00
2024-05-17,Cooking Oil 1L,35,Pantry,60.00,75.00
2024-05-17,Bear Brand Powdered Milk 320g,27,Dairy,70.00,90.00
2024-05-17,Alaska Evap Milk 370ml,8,Dairy,32.00,42.00
2024-05-17,Ligo Sardines 155g,3,Canned Goods,18.00,25.00
2024-05-17,Sunsilk Shampoo Sachet,0,Body Care,5.00,8.00
2024-05-17,Biogesic 500mg Tablet,0,Medicine,4.00,7.00
2024-05-17,AA Batteries (pair),1,Household,35.00,55.00
2024-05-17,Sewing Needle Pack,0,Household,12.00,25.00
2024-05-18,Cooking Oil 1L,49,Pantry,60.00,75.00
2024-05-18,Bear Brand Powdered Milk 320g,9,Dairy,70.00,90.00
2024-05-18,Alaska Evap Milk 370ml,4,Dairy,32.00,42.00
2024-05-18,Ligo Sardines 155g,5,Canned Goods,18.00,25.00
2024-05-18,Sunsilk Shampoo Sachet,0,Body Care,5.00,8.00
2024-05-18,Biogesic 500mg Tablet,0,Medicine,4.00,7.00
2024-05-18,AA Batteries (pair),0,Household,35.00,55.00
2024-05-18,Sewing Needle Pack,1,Household,12.00,25.00
2024-05-19,Cooking Oil 1L,33,Pantry,60.00,75.00
2024-05-19,Bear Brand Powdered Milk 320g,24,Dairy,70.00,90.00
2024-05-19,Alaska Evap Milk 370ml,6,Dairy,32.00,42.00
2024-05-19,Ligo Sardines 155g,1,Canned Goods,18.00,25.00
2024-05-19,Sunsilk Shampoo Sachet,1,Body Care,5.00,8.00
2024-05-19,Biogesic 500mg Tablet,1,Medicine,4.00,7.00
2024-05-19,AA Batteries (pair),0,Household,35.00,55.00
2024-05-19,Sewing Needle Pack,0,Household,12.00,25.00
2024-05-20,Cooking Oil 1L,27,Pantry,60.00,75.00
2024-05-20,Bear Brand Powdered Milk 320g,12,Dairy,70.00,90.00
2024-05-20,Alaska Evap Milk 370ml,3,Dairy,32.00,42.00
2024-05-20,Ligo Sardines 155g,4,Canned Goods,18.00,25.00
2024-05-20,Sunsilk Shampoo Sachet,0,Body Care,5.00,8.00
2024-05-20,Biogesic 500mg Tablet,0,Medicine,4.00,7.00
2024-05-20,AA Batteries (pair),1,Household,35.00,55.00
2024-05-20,Sewing Needle Pack,0,Household,12.00,25.00
2024-05-21,Cooking Oil 1L,12,Pantry,60.00,75.00
2024-05-21,Bear Brand Powdered Milk 320g,15,Dairy,70.00,90.00
2024-05-21,Alaska Evap Milk 370ml,3,Dairy,32.00,42.00
2024-05-21,Ligo Sardines 155g,0,Canned Goods,18.00,25.00
2024-05-21,Sunsilk Shampoo Sachet,1,Body Care,5.00,8.00
2024-05-21,Biogesic 500mg Tablet,1,Medicine,4.00,7.00
2024-05-21,AA Batteries (pair),0,Household,35.00,55.00
2024-05-21,Sewing Needle Pack,0,Household,12.00,25.00
2024-05-22,Cooking Oil 1L,23,Pantry,60.00,75.00
2024-05-22,Bear Brand Powdered Milk 320g,9,Dairy,70.00,90.00
2024-05-22,Alaska Evap Milk 370ml,4,Dairy,32.00,42.00
2024-05-22,Ligo Sardines 155g,1,Canned Goods,18.00,25.00
2024-05-22,Sunsilk Shampoo Sachet,2,Body Care,5.00,8.00
2024-05-22,Biogesic 500mg Tablet,0,Medicine,4.00,7.00
2024-05-22,AA Batteries (pair),0,Household,35.00,55.00
2024-05-22,Sewing Needle Pack,1,Household,12.00,25.00
2024-05-23,Cooking Oil 1L,26,Pantry,60.00,75.00
2024-05-23,Bear Brand Powdered Milk 320g,13,Dairy,70.00,90.00
2024-05-23,Alaska Evap Milk 370ml,4,Dairy,32.00,42.00
2024-05-23,Ligo Sardines 155g,1,Canned Goods,18.00,25.00
2024-05-23,Sunsilk Shampoo Sachet,1,Body Care,5.00,8.00
2024-05-23,Biogesic 500mg Tablet,0,Medicine,4.00,7.00
2024-05-23,AA Batteries (pair),2,Household,35.00,55.00
2024-05-23,Sewing Needle Pack,0,Household,12.00,25.00
2024-05-24,Cooking Oil 1L,58,Pantry,60.00,75.00
2024-05-24,Bear Brand Powdered Milk 320g,13,Dairy,70.00,90.00
2024-05-24,Alaska Evap Milk 370ml,5,Dairy,32.00,42.00
2024-05-24,Ligo Sardines 155g,1,Canned Goods,18.00,25.00
2024-05-24,Sunsilk Shampoo Sachet,1,Body Care,5.00,8.00
2024-05-24,Biogesic 500mg Tablet,1,Medicine,4.00,7.00
2024-05-24,AA Batteries (pair),0,Household,35.00,55.00
2024-05-24,Sewing Needle Pack,0,Household,12.00,25.00
2024-05-25,Cooking Oil 1L,43,Pantry,60.00,75.00
2024-05-25,Bear Brand Powdered Milk 320g,15,Dairy,70.00,90.00
2024-05-25,Alaska Evap Milk 370ml,3,Dairy,32.00,42.00
2024-05-25,Ligo Sardines 155g,3,Canned Goods,18.00,25.00
2024-05-25,Sunsilk Shampoo Sachet,0,Body Care,5.00,8.00
2024-05-25,Biogesic 500mg Tablet,0,Medicine,4.00,7.00
2024-05-25,AA Batteries (pair),0,Household,35.00,55.00
2024-05-25,Sewing Needle Pack,0,Household,12.00,25.00
2024-05-26,Cooking Oil 1L,35,Pantry,60.00,75.00
2024-05-26,Bear Brand Powdered Milk 320g,15,Dairy,70.00,90.00
2024-05-26,Alaska Evap Milk 370ml,1,Dairy,32.00,42.00
2024-05-26,Ligo Sardines 155g,1,Canned Goods,18.00,25.00
2024-05-26,Sunsilk Shampoo Sachet,1,Body Care,5.00,8.00
2024-05-26,Biogesic 500mg Tablet,0,Medicine,4.00,7.00
2024-05-26,AA Batteries (pair),1,Household,35.00,55.00
2024-05-26,Sewing Needle Pack,0,Household,12.00,25.00
2024-05-27,Cooking Oil 1L,36,Pantry,60.00,75.00
2024-05-27,Bear Brand Powdered Milk 320g,18,Dairy,70.00,90.00
2024-05-27,Alaska Evap Milk 370ml,1,Dairy,32.00,42.00
2024-05-27,Ligo Sardines 155g,4,Canned Goods,18.00,25.00
2024-05-27,Sunsilk Shampoo Sachet,1,Body Care,5.00,8.00
2024-05-27,Biogesic 500mg Tablet,0,Medicine,4.00,7.00
2024-05-27,AA Batteries (pair),1,Household,35.00,55.00
2024-05-27,Sewing Needle Pack,1,Household,12.00,25.00
2024-05-28,Cooking Oil 1L,19,Pantry,60.00,75.00
2024-05-28,Bear Brand Powdered Milk 320g,8,Dairy,70.00,90.00
2024-05-28,Alaska Evap Milk 370ml,1,Dairy,32.00,42.00
2024-05-28,Ligo Sardines 155g,1,Canned Goods,18.00,25.00
2024-05-28,Sunsilk Shampoo Sachet,0,Body Care,5.00,8.00
2024-05-28,Biogesic 500mg Tablet,1,Medicine,4.00,7.00
2024-05-28,AA Batteries (pair),0,Household,35.00,55.00
2024-05-28,Sewing Needle Pack,0,Household,12.00,25.00
2024-05-29,Cooking Oil 1L,46,Pantry,60.00,75.00
2024-05-29,Bear Brand Powdered Milk 320g,17,Dairy,70.00,90.00
2024-05-29,Alaska Evap Milk 370ml,6,Dairy,32.00,42.00
2024-05-29,Ligo Sardines 155g,1,Canned Goods,18.00,25.00
2024-05-29,Sunsilk Shampoo Sachet,2,Body Care,5.00,8.00
2024-05-29,Biogesic 500mg Tablet,1,Medicine,4.00,7.00
2024-05-29,AA Batteries (pair),1,Household,35.00,55.00
2024-05-29,Sewing Needle Pack,0,Household,12.00,25.00
2024-05-30,Cooking Oil 1L,30,Pantry,60.00,75.00
2024-05-30,Bear Brand Powdered Milk 320g,23,Dairy,70.00,90.00
2024-05-30,Alaska Evap Milk 370ml,5,Dairy,32.00,42.00
2024-05-30,Ligo Sardines 155g,0,Canned Goods,18.00,25.00
2024-05-30,Sunsilk Shampoo Sachet,2,Body Care,5.00,8.00
2024-05-30,Biogesic 500mg Tablet,0,Medicine,4.00,7.00
2024-05-30,AA Batteries (pair),0,Household,35.00,55.00
2024-05-30,Sewing Needle Pack,0,Household,12.00,25.00
2024-05-31,Cooking Oil 1L,51,Pantry,60.00,75.00
2024-05-31,Bear Brand Powdered Milk 320g,28,Dairy,70.00,90.00
2024-05-31,Alaska Evap Milk 370ml,6,Dairy,32.00,42.00
2024-05-31,Ligo Sardines 155g,5,Canned Goods,18.00,25.00
2024-05-31,Sunsilk Shampoo Sachet,1,Body Care,5.00,8.00
2024-05-31,Biogesic 500mg Tablet,0,Medicine,4.00,7.00
2024-05-31,AA Batteries (pair),0,Household,35.00,55.00
2024-05-31,Sewing Needle Pack,0,Household,12.00,25.00
2024-06-01,Cooking Oil 1L,40,Pantry,60.00,75.00
2024-06-01,Bear Brand Powdered Milk 320g,10,Dairy,70.00,90.00
2024-06-01,Alaska Evap Milk 370ml,5,Dairy,32.00,42.00
2024-06-01,Ligo Sardines 155g,3,Canned Goods,18.00,25.00
2024-06-01,Sunsilk Shampoo Sachet,1,Body Care,5.00,8.00
2024-06-01,Biogesic 500mg Tablet,0,Medicine,4.00,7.00
2024-06-01,AA Batteries (pair),1,Household,35.00,55.00
2024-06-01,Sewing Needle Pack,0,Household,12.00,25.00
2024-06-02,Cooking Oil 1L,46,Pantry,60.00,75.00
2024-06-02,Bear Brand Powdered Milk 320g,16,Dairy,70.00,90.00
2024-06-02,Alaska Evap Milk 370ml,5,Dairy,32.00,42.00
2024-06-02,Ligo Sardines 155g,1,Canned Goods,18.00,25.00
2024-06-02,Sunsilk Shampoo Sachet,0,Body Care,5.00,8.00
2024-06-02,Biogesic 500mg Tablet,0,Medicine,4.00,7.00
2024-06-02,AA Batteries (pair),0,Household,35.00,55.00
2024-06-02,Sewing Needle Pack,0,Household,12.00,25.00
2024-06-03,Cooking Oil 1L,26,Pantry,60.00,75.00
2024-06-03,Bear Brand Powdered Milk 320g,16,Dairy,70.00,90.00
2024-06-03,Alaska Evap Milk 370ml,2,Dairy,32.00,42.00
2024-06-03,Ligo Sardines 155g,1,Canned Goods,18.00,25.00
2024-06-03,Sunsilk Shampoo Sachet,1,Body Care,5.00,8.00
2024-06-03,Biogesic 500mg Tablet,4,Medicine,4.00,7.00
2024-06-03,AA Batteries (pair),0,Household,35.00,55.00
2024-06-03,Sewing Needle Pack,0,Household,12.00,25.00
2024-06-04,Cooking Oil 1L,30,Pantry,60.00,75.00
2024-06-04,Bear Brand Powdered Milk 320g,6,Dairy,70.00,90.00
2024-06-04,Alaska Evap Milk 370ml,5,Dairy,32.00,42.00
2024-06-04,Ligo Sardines 155g,0,Canned Goods,18.00,25.00
2024-06-04,Sunsilk Shampoo Sachet,1,Body Care,5.00,8.00
2024-06-04,Biogesic 500mg Tablet,1,Medicine,4.00,7.00
2024-06-04,AA Batteries (pair),0,Household,35.00,55.00
2024-06-04,Sewing Needle Pack,0,Household,12.00,25.00
2024-06-05,Cooking Oil 1L,19,Pantry,60.00,75.00
2024-06-05,Bear Brand Powdered Milk 320g,6,Dairy,70.00,90.00
2024-06-05,Alaska Evap Milk 370ml,6,Dairy,32.00,42.00
2024-06-05,Ligo Sardines 155g,2,Canned Goods,18.00,25.00
2024-06-05,Sunsilk Shampoo Sachet,1,Body Care,5.00,8.00
2024-06-05,Biogesic 500mg Tablet,0,Medicine,4.00,7.00
2024-06-05,AA Batteries (pair),0,Household,35.00,55.00
2024-06-05,Sewing Needle Pack,0,Household,12.00,25.00
2024-06-06,Cooking Oil 1L,35,Pantry,60.00,75.00
2024-06-06,Bear Brand Powdered Milk 320g,8,Dairy,70.00,90.00
2024-06-06,Alaska Evap Milk 370ml,7,Dairy,32.00,42.00
2024-06-06,Ligo Sardines 155g,2,Canned Goods,18.00,25.00
2024-06-06,Sunsilk Shampoo Sachet,1,Body Care,5.00,8.00
2024-06-06,Biogesic 500mg Tablet,1,Medicine,4.00,7.00
2024-06-06,AA Batteries (pair),2,Household,35.00,55.00
2024-06-06,Sewing Needle Pack,0,Household,12.00,25.00
2024-06-07,Cooking Oil 1L,50,Pantry,60.00,75.00
2024-06-07,Bear Brand Powdered Milk 320g,8,Dairy,70.00,90.00
2024-06-07,Alaska Evap Milk 370ml,8,Dairy,32.00,42.00
2024-06-07,Ligo Sardines 155g,3,Canned Goods,18.00,25.00
2024-06-07,Sunsilk Shampoo Sachet,0,Body Care,5.00,8.00
2024-06-07,Biogesic 500mg Tablet,2,Medicine,4.00,7.00
2024-06-07,AA Batteries (pair),0,Household,35.00,55.00
2024-06-07,Sewing Needle Pack,0,Household,12.00,25.00
2024-06-08,Cooking Oil 1L,28,Pantry,60.00,75.00
2024-06-08,Bear Brand Powdered Milk 320g,22,Dairy,70.00,90.00
2024-06-08,Alaska Evap Milk 370ml,9,Dairy,32.00,42.00
2024-06-08,Ligo Sardines 155g,3,Canned Goods,18.00,25.00
2024-06-08,Sunsilk Shampoo Sachet,1,Body Care,5.00,8.00
2024-06-08,Biogesic 500mg Tablet,1,Medicine,4.00,7.00
2024-06-08,AA Batteries (pair),2,Household,35.00,55.00
2024-06-08,Sewing Needle Pack,0,Household,12.00,25.00
2024-06-09,Cooking Oil 1L,29,Pantry,60.00,75.00
2024-06-09,Bear Brand Powdered Milk 320g,16,Dairy,70.00,90.00
2024-06-09,Alaska Evap Milk 370ml,4,Dairy,32.00,42.00
2024-06-09,Ligo Sardines 155g,0,Canned Goods,18.00,25.00
2024-06-09,Sunsilk Shampoo Sachet,1,Body Care,5.00,8.00
2024-06-09,Biogesic 500mg Tablet,2,Medicine,4.00,7.00
2024-06-09,AA Batteries (pair),0,Household,35.00,55.00
2024-06-09,Sewing Needle Pack,0,Household,12.00,25.00
2024-06-10,Cooking Oil 1L,16,Pantry,60.00,75.00
2024-06-10,Bear Brand Powdered Milk 320g,10,Dairy,70.00,90.00
2024-06-10,Alaska Evap Milk 370ml,4,Dairy,32.00,42.00
2024-06-10,Ligo Sardines 155g,2,Canned Goods,18.00,25.00
2024-06-10,Sunsilk Shampoo Sachet,1,Body Care,5.00,8.00
2024-06-10,Biogesic 500mg Tablet,1,Medicine,4.00,7.00
2024-06-10,AA Batteries (pair),0,Household,35.00,55.00
2024-06-10,Sewing Needle Pack,0,Household,12.00,25.00
2024-06-11,Cooking Oil 1L,31,Pantry,60.00,75.00
2024-06-11,Bear Brand Powdered Milk 320g,8,Dairy,70.00,90.00
2024-06-11,Alaska Evap Milk 370ml,6,Dairy,32.00,42.00
2024-06-11,Ligo Sardines 155g,1,Canned Goods,18.00,25.00
2024-06-11,Sunsilk Shampoo Sachet,1,Body Care,5.00,8.00
2024-06-11,Biogesic 500mg Tablet,1,Medicine,4.00,7.00
2024-06-11,AA Batteries (pair),0,Household,35.00,55.00
2024-06-11,Sewing Needle Pack,0,Household,12.00,25.00
2024-06-12,Cooking Oil 1L,29,Pantry,60.00,75.00
2024-06-12,Bear Brand Powdered Milk 320g,10,Dairy,70.00,90.00
2024-06-12,Alaska Evap Milk 370ml,1,Dairy,32.00,42.00
2024-06-12,Ligo Sardines 155g,0,Canned Goods,18.00,25.00
2024-06-12,Sunsilk Shampoo Sachet,0,Body Care,5.00,8.00
2024-06-12,Biogesic 500mg Tablet,1,Medicine,4.00,7.00
2024-06-12,AA Batteries (pair),0,Household,35.00,55.00
2024-06-12,Sewing Needle Pack,0,Household,12.00,25.00
2024-06-13,Cooking Oil 1L,21,Pantry,60.00,75.00
2024-06-13,Bear Brand Powdered Milk 320g,16,Dairy,70.00,90.00
2024-06-13,Alaska Evap Milk 370ml,4,Dairy,32.00,42.00
2024-06-13,Ligo Sardines 155g,4,Canned Goods,18.00,25.00
2024-06-13,Sunsilk Shampoo Sachet,1,Body Care,5.00,8.00
2024-06-13,Biogesic 500mg Tablet,1,Medicine,4.00,7.00
2024-06-13,AA Batteries (pair),1,Household,35.00,55.00
2024-06-13,Sewing Needle Pack,0,Household,12.00,25.00
2024-06-14,Cooking Oil 1L,41,Pantry,60.00,75.00
2024-06-14,Bear Brand Powdered Milk 320g,6,Dairy,70.00,90.00
2024-06-14,Alaska Evap Milk 370ml,7,Dairy,32.00,42.00
2024-06-14,Ligo Sardines 155g,2,Canned Goods,18.00,25.00
2024-06-14,Sunsilk Shampoo Sachet,0,Body Care,5.00,8.00
2024-06-14,Biogesic 500mg Tablet,0,Medicine,4.00,7.00
2024-06-14,AA Batteries (pair),0,Household,35.00,55.00
2024-06-14,Sewing Needle Pack,0,Household,12.00,25.00
2024-06-15,Cooking Oil 1L,40,Pantry,60.00,75.00
2024-06-15,Bear Brand Powdered Milk 320g,19,Dairy,70.00,90.00
2024-06-15,Alaska Evap Milk 370ml,5,Dairy,32.00,42.00
2024-06-15,Ligo Sardines 155g,2,Canned Goods,18.00,25.00
2024-06-15,Sunsilk Shampoo Sachet,1,Body Care,5.00,8.00
2024-06-15,Biogesic 500mg Tablet,0,Medicine,4.00,7.00
2024-06-15,AA Batteries (pair),0,Household,35.00,55.00
2024-06-15,Sewing Needle Pack,0,Household,12.00,25.00
2024-06-16,Cooking Oil 1L,33,Pantry,60.00,75.00
2024-06-16,Bear Brand Powdered Milk 320g,8,Dairy,70.00,90.00
2024-06-16,Alaska Evap Milk 370ml,5,Dairy,32.00,42.00
2024-06-16,Ligo Sardines 155g,1,Canned Goods,18.00,25.00
2024-06-16,Sunsilk Shampoo Sachet,0,Body Care,5.00,8.00
2024-06-16,Biogesic 500mg Tablet,0,Medicine,4.00,7.00
2024-06-16,AA Batteries (pair),0,Household,35.00,55.00
2024-06-16,Sewing Needle Pack,0,Household,12.00,25.00
2024-06-17,Cooking Oil 1L,22,Pantry,60.00,75.00
2024-06-17,Bear Brand Powdered Milk 320g,10,Dairy,70.00,90.00
2024-06-17,Alaska Evap Milk 370ml,4,Dairy,32.00,42.00
2024-06-17,Ligo Sardines 155g,2,Canned Goods,18.00,25.00
2024-06-17,Sunsilk Shampoo Sachet,1,Body Care,5.00,8.00
2024-06-17,Biogesic 500mg Tablet,0,Medicine,4.00,7.00
2024-06-17,AA Batteries (pair),0,Household,35.00,55.00
2024-06-17,Sewing Needle Pack,0,Household,12.00,25.00
2024-06-18,Cooking Oil 1L,28,Pantry,60.00,75.00
2024-06-18,Bear Brand Powdered Milk 320g,16,Dairy,70.00,90.00
2024-06-18,Alaska Evap Milk 370ml,2,Dairy,32.00,42.00
2024-06-18,Ligo Sardines 155g,2,Canned Goods,18.00,25.00
2024-06-18,Sunsilk Shampoo Sachet,1,Body Care,5.00,8.00
2024-06-18,Biogesic 500mg Tablet,1,Medicine,4.00,7.00
2024-06-18,AA Batteries (pair),0,Household,35.00,55.00
2024-06-18,Sewing Needle Pack,0,Household,12.00,25.00
2024-06-19,Cooking Oil 1L,19,Pantry,60.00,75.00
2024-06-19,Bear Brand Powdered Milk 320g,13,Dairy,70.00,90.00
2024-06-19,Alaska Evap Milk 370ml,6,Dairy,32.00,42.00
2024-06-19,Ligo Sardines 155g,2,Canned Goods,18.00,25.00
2024-06-19,Sunsilk Shampoo Sachet,5,Body Care,5.00,8.00
2024-06-19,Biogesic 500mg Tablet,0,Medicine,4.00,7.00
2024-06-19,AA Batteries (pair),2,Household,35.00,55.00
2024-06-19,Sewing Needle Pack,0,Household,12.00,25.00
2024-06-20,Cooking Oil 1L,28,Pantry,60.00,75.00
2024-06-20,Bear Brand Powdered Milk 320g,24,Dairy,70.00,90.00
2024-06-20,Alaska Evap Milk 370ml,6,Dairy,32.00,42.00
2024-06-20,Ligo Sardines 155g,1,Canned Goods,18.00,25.00
2024-06-20,Sunsilk Shampoo Sachet,1,Body Care,5.00,8.00
2024-06-20,Biogesic 500mg Tablet,1,Medicine,4.00,7.00
2024-06-20,AA Batteries (pair),2,Household,35.00,55.00
2024-06-20,Sewing Needle Pack,1,Household,12.00,25.00
2024-06-21,Cooking Oil 1L,49,Pantry,60.00,75.00
2024-06-21,Bear Brand Powdered Milk 320g,16,Dairy,70.00,90.00
2024-06-21,Alaska Evap Milk 370ml,2,Dairy,32.00,42.00
2024-06-21,Ligo Sardines 155g,1,Canned Goods,18.00,25.00
2024-06-21,Sunsilk Shampoo Sachet,0,Body Care,5.00,8.00
2024-06-21,Biogesic 500mg Tablet,0,Medicine,4.00,7.00
2024-06-21,AA Batteries (pair),0,Household,35.00,55.00
2024-06-21,Sewing Needle Pack,0,Household,12.00,25.00
2024-06-22,Cooking Oil 1L,51,Pantry,60.00,75.00
2024-06-22,Bear Brand Powdered Milk 320g,32,Dairy,70.00,90.00
2024-06-22,Alaska Evap Milk 370ml,3,Dairy,32.00,42.00
2024-06-22,Ligo Sardines 155g,1,Canned Goods,18.00,25.00
2024-06-22,Sunsilk Shampoo Sachet,0,Body Care,5.00,8.00
2024-06-22,Biogesic 500mg Tablet,0,Medicine,4.00,7.00
2024-06-22,AA Batteries (pair),1,Household,35.00,55.00
2024-06-22,Sewing Needle Pack,0,Household,12.00,25.00
2024-06-23,Cooking Oil 1L,34,Pantry,60.00,75.00
2024-06-23,Bear Brand Powdered Milk 320g,14,Dairy,70.00,90.00
2024-06-23,Alaska Evap Milk 370ml,4,Dairy,32.00,42.00
2024-06-23,Ligo Sardines 155g,2,Canned Goods,18.00,25.00
2024-06-23,Sunsilk Shampoo Sachet,1,Body Care,5.00,8.00
2024-06-23,Biogesic 500mg Tablet,2,Medicine,4.00,7.00
2024-06-23,AA Batteries (pair),0,Household,35.00,55.00
2024-06-23,Sewing Needle Pack,0,Household,12.00,25.00
2024-06-24,Cooking Oil 1L,36,Pantry,60.00,75.00
2024-06-24,Bear Brand Powdered Milk 320g,14,Dairy,70.00,90.00
2024-06-24,Alaska Evap Milk 370ml,1,Dairy,32.00,42.00
2024-06-24,Ligo Sardines 155g,2,Canned Goods,18.00,25.00
2024-06-24,Sunsilk Shampoo Sachet,2,Body Care,5.00,8.00
2024-06-24,Biogesic 500mg Tablet,0,Medicine,4.00,7.00
2024-06-24,AA Batteries (pair),0,Household,35.00,55.00
2024-06-24,Sewing Needle Pack,0,Household,12.00,25.00
2024-06-25,Cooking Oil 1L,18,Pantry,60.00,75.00
2024-06-25,Bear Brand Powdered Milk 320g,13,Dairy,70.00,90.00
2024-06-25,Alaska Evap Milk 370ml,5,Dairy,32.00,42.00
2024-06-25,Ligo Sardines 155g,1,Canned Goods,18.00,25.00
2024-06-25,Sunsilk Shampoo Sachet,0,Body Care,5.00,8.00
2024-06-25,Biogesic 500mg Tablet,1,Medicine,4.00,7.00
2024-06-25,AA Batteries (pair),0,Household,35.00,55.00
2024-06-25,Sewing Needle Pack,0,Household,12.00,25.00
2024-06-26,Cooking Oil 1L,20,Pantry,60.00,75.00
2024-06-26,Bear Brand Powdered Milk 320g,14,Dairy,70.00,90.00
2024-06-26,Alaska Evap Milk 370ml,2,Dairy,32.00,42.00
2024-06-26,Ligo Sardines 155g,2,Canned Goods,18.00,25.00
2024-06-26,Sunsilk Shampoo Sachet,1,Body Care,5.00,8.00
2024-06-26,Biogesic 500mg Tablet,0,Medicine,4.00,7.00
2024-06-26,AA Batteries (pair),0,Household,35.00,55.00
2024-06-26,Sewing Needle Pack,0,Household,12.00,25.00
2024-06-27,Cooking Oil 1L,26,Pantry,60.00,75.00
2024-06-27,Bear Brand Powdered Milk 320g,11,Dairy,70.00,90.00
2024-06-27,Alaska Evap Milk 370ml,2,Dairy,32.00,42.00
2024-06-27,Ligo Sardines 155g,1,Canned Goods,18.00,25.00
2024-06-27,Sunsilk Shampoo Sachet,0,Body Care,5.00,8.00
2024-06-27,Biogesic 500mg Tablet,1,Medicine,4.00,7.00
2024-06-27,AA Batteries (pair),0,Household,35.00,55.00
2024-06-27,Sewing Needle Pack,0,Household,12.00,25.00
2024-06-28,Cooking Oil 1L,68,Pantry,60.00,75.00
2024-06-28,Bear Brand Powdered Milk 320g,12,Dairy,70.00,90.00
2024-06-28,Alaska Evap Milk 370ml,5,Dairy,32.00,42.00
2024-06-28,Ligo Sardines 155g,3,Canned Goods,18.00,25.00
2024-06-28,Sunsilk Shampoo Sachet,1,Body Care,5.00,8.00
2024-06-28,Biogesic 500mg Tablet,0,Medicine,4.00,7.00
2024-06-28,AA Batteries (pair),0,Household,35.00,55.00
2024-06-28,Sewing Needle Pack,0,Household,12.00,25.00
2024-06-29,Cooking Oil 1L,74,Pantry,60.00,75.00
2024-06-29,Bear Brand Powdered Milk 320g,25,Dairy,70.00,90.00
2024-06-29,Alaska Evap Milk 370ml,9,Dairy,32.00,42.00
2024-06-29,Ligo Sardines 155g,4,Canned Goods,18.00,25.00
2024-06-29,Sunsilk Shampoo Sachet,3,Body Care,5.00,8.00
2024-06-29,Biogesic 500mg Tablet,1,Medicine,4.00,7.00
2024-06-29,AA Batteries (pair),0,Household,35.00,55.00
2024-06-29,Sewing Needle Pack,1,Household,12.00,25.00
2024-06-30,Cooking Oil 1L,67,Pantry,60.00,75.00
2024-06-30,Bear Brand Powdered Milk 320g,13,Dairy,70.00,90.00
2024-06-30,Alaska Evap Milk 370ml,6,Dairy,32.00,42.00
2024-06-30,Ligo Sardines 155g,4,Canned Goods,18.00,25.00
2024-06-30,Sunsilk Shampoo Sachet,1,Body Care,5.00,8.00
2024-06-30,Biogesic 500mg Tablet,2,Medicine,4.00,7.00
2024-06-30,AA Batteries (pair),0,Household,35.00,55.00
2024-06-30,Sewing Needle Pack,0,Household,12.00,25.00
2024-07-01,Cooking Oil 1L,30,Pantry,60.00,75.00
2024-07-01,Bear Brand Powdered Milk 320g,14,Dairy,70.00,90.00
2024-07-01,Alaska Evap Milk 370ml,5,Dairy,32.00,42.00
2024-07-01,Ligo Sardines 155g,1,Canned Goods,18.00,25.00
2024-07-01,Sunsilk Shampoo Sachet,0,Body Care,5.00,8.00
2024-07-01,Biogesic 500mg Tablet,0,Medicine,4.00,7.00
2024-07-01,AA Batteries (pair),0,Household,35.00,55.00
2024-07-01,Sewing Needle Pack,0,Household,12.00,25.00
2024-07-02,Cooking Oil 1L,22,Pantry,60.00,75.00
2024-07-02,Bear Brand Powdered Milk 320g,15,Dairy,70.00,90.00
2024-07-02,Alaska Evap Milk 370ml,4,Dairy,32.00,42.00
2024-07-02,Ligo Sardines 155g,4,Canned Goods,18.00,25.00
2024-07-02,Sunsilk Shampoo Sachet,0,Body Care,5.00,8.00
2024-07-02,Biogesic 500mg Tablet,0,Medicine,4.00,7.00
2024-07-02,AA Batteries (pair),1,Household,35.00,55.00
2024-07-02,Sewing Needle Pack,0,Household,12.00,25.00
2024-07-03,Cooking Oil 1L,20,Pantry,60.00,75.00
2024-07-03,Bear Brand Powdered Milk 320g,18,Dairy,70.00,90.00
2024-07-03,Alaska Evap Milk 370ml,5,Dairy,32.00,42.00
2024-07-03,Ligo Sardines 155g,4,Canned Goods,18.00,25.00
2024-07-03,Sunsilk Shampoo Sachet,1,Body Care,5.00,8.00
2024-07-03,Biogesic 500mg Tablet,1,Medicine,4.00,7.00
2024-07-03,AA Batteries (pair),0,Household,35.00,55.00
2024-07-03,Sewing Needle Pack,0,Household,12.00,25.00
2024-07-04,Cooking Oil 1L,25,Pantry,60.00,75.00
2024-07-04,Bear Brand Powdered Milk 320g,12,Dairy,70.00,90.00
2024-07-04,Alaska Evap Milk 370ml,7,Dairy,32.00,42.00
2024-07-04,Ligo Sardines 155g,1,Canned Goods,18.00,25.00
2024-07-04,Sunsilk Shampoo Sachet,0,Body Care,5.00,8.00
2024-07-04,Biogesic 500mg Tablet,1,Medicine,4.00,7.00
2024-07-04,AA Batteries (pair),0,Household,35.00,55.00
2024-07-04,Sewing Needle Pack,0,Household,12.00,25.00
2024-07-05,Cooking Oil 1L,46,Pantry,60.00,75.00
2024-07-05,Bear Brand Powdered Milk 320g,14,Dairy,70.00,90.00
2024-07-05,Alaska Evap Milk 370ml,4,Dairy,32.00,42.00
2024-07-05,Ligo Sardines 155g,3,Canned Goods,18.00,25.00
2024-07-05,Sunsilk Shampoo Sachet,0,Body Care,5.00,8.00
2024-07-05,Biogesic 500mg Tablet,0,Medicine,4.00,7.00
2024-07-05,AA Batteries (pair),0,Household,35.00,55.00
2024-07-05,Sewing Needle Pack,0,Household,12.00,25.00
2024-07-06,Cooking Oil 1L,39,Pantry,60.00,75.00
2024-07-06,Bear Brand Powdered Milk 320g,14,Dairy,70.00,90.00
2024-07-06,Alaska Evap Milk 370ml,0,Dairy,32.00,42.00
2024-07-06,Ligo Sardines 155g,2,Canned Goods,18.00,25.00
2024-07-06,Sunsilk Shampoo Sachet,1,Body Care,5.00,8.00
2024-07-06,Biogesic 500mg Tablet,0,Medicine,4.00,7.00
2024-07-06,AA Batteries (pair),0,Household,35.00,55.00
2024-07-06,Sewing Needle Pack,0,Household,12.00,25.00
2024-07-07,Cooking Oil 1L,40,Pantry,60.00,75.00
2024-07-07,Bear Brand Powdered Milk 320g,17,Dairy,70.00,90.00
2024-07-07,Alaska Evap Milk 370ml,3,Dairy,32.00,42.00
2024-07-07,Ligo Sardines 155g,2,Canned Goods,18.00,25.00
2024-07-07,Sunsilk Shampoo Sachet,1,Body Care,5.00,8.00
2024-07-07,Biogesic 500mg Tablet,0,Medicine,4.00,7.00
2024-07-07,AA Batteries (pair),0,Household,35.00,55.00
2024-07-07,Sewing Needle Pack,0,Household,12.00,25.00
2024-07-08,Cooking Oil 1L,33,Pantry,60.00,75.00
2024-07-08,Bear Brand Powdered Milk 320g,14,Dairy,70.00,90.00
2024-07-08,Alaska Evap Milk 370ml,3,Dairy,32.00,42.00
2024-07-08,Ligo Sardines 155g,5,Canned Goods,18.00,25.00
2024-07-08,Sunsilk Shampoo Sachet,1,Body Care,5.00,8.00
2024-07-08,Biogesic 500mg Tablet,0,Medicine,4.00,7.00
2024-07-08,AA Batteries (pair),0,Household,35.00,55.00
2024-07-08,Sewing Needle Pack,1,Household,12.00,25.00
2024-07-09,Cooking Oil 1L,24,Pantry,60.00,75.00
2024-07-09,Bear Brand Powdered Milk 320g,14,Dairy,70.00,90.00
2024-07-09,Alaska Evap Milk 370ml,2,Dairy,32.00,42.00
2024-07-09,Ligo Sardines 155g,5,Canned Goods,18.00,25.00
2024-07-09,Sunsilk Shampoo Sachet,2,Body Care,5.00,8.00
2024-07-09,Biogesic 500mg Tablet,1,Medicine,4.00,7.00
2024-07-09,AA Batteries (pair),1,Household,35.00,55.00
2024-07-09,Sewing Needle Pack,0,Household,12.00,25.00
2024-07-10,Cooking Oil 1L,23,Pantry,60.00,75.00
2024-07-10,Bear Brand Powdered Milk 320g,7,Dairy,70.00,90.00
2024-07-10,Alaska Evap Milk 370ml,6,Dairy,32.00,42.00
2024-07-10,Ligo Sardines 155g,1,Canned Goods,18.00,25.00
2024-07-10,Sunsilk Shampoo Sachet,0,Body Care,5.00,8.00
2024-07-10,Biogesic 500mg Tablet,1,Medicine,4.00,7.00
2024-07-10,AA Batteries (pair),0,Household,35.00,55.00
2024-07-10,Sewing Needle Pack,0,Household,12.00,25.00
2024-07-11,Cooking Oil 1L,24,Pantry,60.00,75.00
2024-07-11,Bear Brand Powdered Milk 320g,17,Dairy,70.00,90.00
2024-07-11,Alaska Evap Milk 370ml,0,Dairy,32.00,42.00
2024-07-11,Ligo Sardines 155g,0,Canned Goods,18.00,25.00
2024-07-11,Sunsilk Shampoo Sachet,2,Body Care,5.00,8.00
2024-07-11,Biogesic 500mg Tablet,0,Medicine,4.00,7.00
2024-07-11,AA Batteries (pair),0,Household,35.00,55.00
2024-07-11,Sewing Needle Pack,0,Household,12.00,25.00
2024-07-12,Cooking Oil 1L,39,Pantry,60.00,75.00
2024-07-12,Bear Brand Powdered Milk 320g,15,Dairy,70.00,90.00
2024-07-12,Alaska Evap Milk 370ml,8,Dairy,32.00,42.00
2024-07-12,Ligo Sardines 155g,2,Canned Goods,18.00,25.00
2024-07-12,Sunsilk Shampoo Sachet,2,Body Care,5.00,8.00
2024-07-12,Biogesic 500mg Tablet,0,Medicine,4.00,7.00
2024-07-12,AA Batteries (pair),0,Household,35.00,55.00
2024-07-12,Sewing Needle Pack,0,Household,12.00,25.00
2024-07-13,Cooking Oil 1L,18,Pantry,60.00,75.00
2024-07-13,Bear Brand Powdered Milk 320g,19,Dairy,70.00,90.00
2024-07-13,Alaska Evap Milk 370ml,4,Dairy,32.00,42.00
2024-07-13,Ligo Sardines 155g,5,Canned Goods,18.00,25.00
2024-07-13,Sunsilk Shampoo Sachet,0,Body Care,5.00,8.00
2024-07-13,Biogesic 500mg Tablet,1,Medicine,4.00,7.00
2024-07-13,AA Batteries (pair),0,Household,35.00,55.00
2024-07-13,Sewing Needle Pack,0,Household,12.00,25.00
2024-07-14,Cooking Oil 1L,17,Pantry,60.00,75.00
2024-07-14,Bear Brand Powdered Milk 320g,14,Dairy,70.00,90.00
2024-07-14,Alaska Evap Milk 370ml,6,Dairy,32.00,42.00
2024-07-14,Ligo Sardines 155g,1,Canned Goods,18.00,25.00
2024-07-14,Sunsilk Shampoo Sachet,1,Body Care,5.00,8.00
2024-07-14,Biogesic 500mg Tablet,0,Medicine,4.00,7.00
2024-07-14,AA Batteries (pair),1,Household,35.00,55.00
2024-07-14,Sewing Needle Pack,0,Household,12.00,25.00
2024-07-15,Cooking Oil 1L,21,Pantry,60.00,75.00
2024-07-15,Bear Brand Powdered Milk 320g,12,Dairy,70.00,90.00
2024-07-15,Alaska Evap Milk 370ml,3,Dairy,32.00,42.00
2024-07-15,Ligo Sardines 155g,1,Canned Goods,18.00,25.00
2024-07-15,Sunsilk Shampoo Sachet,2,Body Care,5.00,8.00
2024-07-15,Biogesic 500mg Tablet,0,Medicine,4.00,7.00
2024-07-15,AA Batteries (pair),0,Household,35.00,55.00
2024-07-15,Sewing Needle Pack,0,Household,12.00,25.00
2024-07-16,Cooking Oil 1L,43,Pantry,60.00,75.00
2024-07-16,Bear Brand Powdered Milk 320g,12,Dairy,70.00,90.00
2024-07-16,Alaska Evap Milk 370ml,5,Dairy,32.00,42.00
2024-07-16,Ligo Sardines 155g,2,Canned Goods,18.00,25.00
2024-07-16,Sunsilk Shampoo Sachet,0,Body Care,5.00,8.00
2024-07-16,Biogesic 500mg Tablet,1,Medicine,4.00,7.00
2024-07-16,AA Batteries (pair),0,Household,35.00,55.00
2024-07-16,Sewing Needle Pack,0,Household,12.00,25.00
2024-07-17,Cooking Oil 1L,25,Pantry,60.00,75.00
2024-07-17,Bear Brand Powdered Milk 320g,9,Dairy,70.00,90.00
2024-07-17,Alaska Evap Milk 370ml,2,Dairy,32.00,42.00
2024-07-17,Ligo Sardines 155g,3,Canned Goods,18.00,25.00
2024-07-17,Sunsilk Shampoo Sachet,1,Body Care,5.00,8.00
2024-07-17,Biogesic 500mg Tablet,0,Medicine,4.00,7.00
2024-07-17,AA Batteries (pair),0,Household,35.00,55.00
2024-07-17,Sewing Needle Pack,0,Household,12.00,25.00
2024-07-18,Cooking Oil 1L,34,Pantry,60.00,75.00
2024-07-18,Bear Brand Powdered Milk 320g,11,Dairy,70.00,90.00
2024-07-18,Alaska Evap Milk 370ml,8,Dairy,32.00,42.00
2024-07-18,Ligo Sardines 155g,2,Canned Goods,18.00,25.00
2024-07-18,Sunsilk Shampoo Sachet,0,Body Care,5.00,8.00
2024-07-18,Biogesic 500mg Tablet,0,Medicine,4.00,7.00
2024-07-18,AA Batteries (pair),0,Household,35.00,55.00
2024-07-18,Sewing Needle Pack,0,Household,12.00,25.00
2024-07-19,Cooking Oil 1L,63,Pantry,60.00,75.00
2024-07-19,Bear Brand Powdered Milk 320g,13,Dairy,70.00,90.00
2024-07-19,Alaska Evap Milk 370ml,9,Dairy,32.00,42.00
2024-07-19,Ligo Sardines 155g,2,Canned Goods,18.00,25.00
2024-07-19,Sunsilk Shampoo Sachet,3,Body Care,5.00,8.00
2024-07-19,Biogesic 500mg Tablet,0,Medicine,4.00,7.00
2024-07-19,AA Batteries (pair),0,Household,35.00,55.00
2024-07-19,Sewing Needle Pack,0,Household,12.00,25.00
2024-07-20,Cooking Oil 1L,43,Pantry,60.00,75.00
2024-07-20,Bear Brand Powdered Milk 320g,11,Dairy,70.00,90.00
2024-07-20,Alaska Evap Milk 370ml,5,Dairy,32.00,42.00
2024-07-20,Ligo Sardines 155g,6,Canned Goods,18.00,25.00
2024-07-20,Sunsilk Shampoo Sachet,0,Body Care,5.00,8.00
2024-07-20,Biogesic 500mg Tablet,1,Medicine,4.00,7.00
2024-07-20,AA Batteries (pair),0,Household,35.00,55.00
2024-07-20,Sewing Needle Pack,0,Household,12.00,25.00
2024-07-21,Cooking Oil 1L,33,Pantry,60.00,75.00
2024-07-21,Bear Brand Powdered Milk 320g,7,Dairy,70.00,90.00
2024-07-21,Alaska Evap Milk 370ml,2,Dairy,32.00,42.00
2024-07-21,Ligo Sardines 155g,2,Canned Goods,18.00,25.00
2024-07-21,Sunsilk Shampoo Sachet,0,Body Care,5.00,8.00
2024-07-21,Biogesic 500mg Tablet,0,Medicine,4.00,7.00
2024-07-21,AA Batteries (pair),0,Household,35.00,55.00
2024-07-21,Sewing Needle Pack,0,Household,12.00,25.00
2024-07-22,Cooking Oil 1L,38,Pantry,60.00,75.00
2024-07-22,Bear Brand Powdered Milk 320g,11,Dairy,70.00,90.00
2024-07-22,Alaska Evap Milk 370ml,0,Dairy,32.00,42.00
2024-07-22,Ligo Sardines 155g,0,Canned Goods,18.00,25.00
2024-07-22,Sunsilk Shampoo Sachet,0,Body Care,5.00,8.00
2024-07-22,Biogesic 500mg Tablet,0,Medicine,4.00,7.00
2024-07-22,AA Batteries (pair),1,Household,35.00,55.00
2024-07-22,Sewing Needle Pack,0,Household,12.00,25.00
2024-07-23,Cooking Oil 1L,34,Pantry,60.00,75.00
2024-07-23,Bear Brand Powdered Milk 320g,12,Dairy,70.00,90.00
2024-07-23,Alaska Evap Milk 370ml,4,Dairy,32.00,42.00
2024-07-23,Ligo Sardines 155g,1,Canned Goods,18.00,25.00
2024-07-23,Sunsilk Shampoo Sachet,1,Body Care,5.00,8.00
2024-07-23,Biogesic 500mg Tablet,0,Medicine,4.00,7.00
2024-07-23,AA Batteries (pair),0,Household,35.00,55.00
2024-07-23,Sewing Needle Pack,0,Household,12.00,25.00
2024-07-24,Cooking Oil 1L,33,Pantry,60.00,75.00
2024-07-24,Bear Brand Powdered Milk 320g,13,Dairy,70.00,90.00
2024-07-24,Alaska Evap Milk 370ml,5,Dairy,32.00,42.00
2024-07-24,Ligo Sardines 155g,3,Canned Goods,18.00,25.00
2024-07-24,Sunsilk Shampoo Sachet,0,Body Care,5.00,8.00
2024-07-24,Biogesic 500mg Tablet,1,Medicine,4.00,7.00
2024-07-24,AA Batteries (pair),0,Household,35.00,55.00
2024-07-24,Sewing Needle Pack,0,Household,12.00,25.00
2024-07-25,Cooking Oil 1L,38,Pantry,60.00,75.00
2024-07-25,Bear Brand Powdered Milk 320g,28,Dairy,70.00,90.00
2024-07-25,Alaska Evap Milk 370ml,3,Dairy,32.00,42.00
2024-07-25,Ligo Sardines 155g,6,Canned Goods,18.00,25.00
2024-07-25,Sunsilk Shampoo Sachet,0,Body Care,5.00,8.00
2024-07-25,Biogesic 500mg Tablet,2,Medicine,4.00,7.00
2024-07-25,AA Batteries (pair),0,Household,35.00,55.00
2024-07-25,Sewing Needle Pack,0,Household,12.00,25.00
2024-07-26,Cooking Oil 1L,38,Pantry,60.00,75.00
2024-07-26,Bear Brand Powdered Milk 320g,5,Dairy,70.00,90.00
2024-07-26,Alaska Evap Milk 370ml,4,Dairy,32.00,42.00
2024-07-26,Ligo Sardines 155g,3,Canned Goods,18.00,25.00
2024-07-26,Sunsilk Shampoo Sachet,3,Body Care,5.00,8.00
2024-07-26,Biogesic 500mg Tablet,0,Medicine,4.00,7.00
2024-07-26,AA Batteries (pair),0,Household,35.00,55.00
2024-07-26,Sewing Needle Pack,0,Household,12.00,25.00
2024-07-27,Cooking Oil 1L,54,Pantry,60.00,75.00
2024-07-27,Bear Brand Powdered Milk 320g,18,Dairy,70.00,90.00
2024-07-27,Alaska Evap Milk 370ml,4,Dairy,32.00,42.00
2024-07-27,Ligo Sardines 155g,5,Canned Goods,18.00,25.00
2024-07-27,Sunsilk Shampoo Sachet,4,Body Care,5.00,8.00
2024-07-27,Biogesic 500mg Tablet,0,Medicine,4.00,7.00
2024-07-27,AA Batteries (pair),0,Household,35.00,55.00
2024-07-27,Sewing Needle Pack,0,Household,12.00,25.00
2024-07-28,Cooking Oil 1L,35,Pantry,60.00,75.00
2024-07-28,Bear Brand Powdered Milk 320g,10,Dairy,70.00,90.00
2024-07-28,Alaska Evap Milk 370ml,2,Dairy,32.00,42.00
2024-07-28,Ligo Sardines 155g,1,Canned Goods,18.00,25.00
2024-07-28,Sunsilk Shampoo Sachet,0,Body Care,5.00,8.00
2024-07-28,Biogesic 500mg Tablet,0,Medicine,4.00,7.00
2024-07-28,AA Batteries (pair),0,Household,35.00,55.00
2024-07-28,Sewing Needle Pack,0,Household,12.00,25.00
2024-07-29,Cooking Oil 1L,47,Pantry,60.00,75.00
2024-07-29,Bear Brand Powdered Milk 320g,35,Dairy,70.00,90.00
2024-07-29,Alaska Evap Milk 370ml,5,Dairy,32.00,42.00
2024-07-29,Ligo Sardines 155g,2,Canned Goods,18.00,25.00
2024-07-29,Sunsilk Shampoo Sachet,0,Body Care,5.00,8.00
2024-07-29,Biogesic 500mg Tablet,1,Medicine,4.00,7.00
2024-07-29,AA Batteries (pair),0,Household,35.00,55.00
2024-07-29,Sewing Needle Pack,0,Household,12.00,25.00
2024-07-30,Cooking Oil 1L,51,Pantry,60.00,75.00
2024-07-30,Bear Brand Powdered Milk 320g,14,Dairy,70.00,90.00
2024-07-30,Alaska Evap Milk 370ml,7,Dairy,32.00,42.00
2024-07-30,Ligo Sardines 155g,2,Canned Goods,18.00,25.00
2024-07-30,Sunsilk Shampoo Sachet,1,Body Care,5.00,8.00
2024-07-30,Biogesic 500mg Tablet,0,Medicine,4.00,7.00
2024-07-30,AA Batteries (pair),1,Household,35.00,55.00
2024-07-30,Sewing Needle Pack,1,Household,12.00,25.00
2024-07-31,Cooking Oil 1L,57,Pantry,60.00,75.00
2024-07-31,Bear Brand Powdered Milk 320g,14,Dairy,70.00,90.00
2024-07-31,Alaska Evap Milk 370ml,1,Dairy,32.00,42.00
2024-07-31,Ligo Sardines 155g,1,Canned Goods,18.00,25.00
2024-07-31,Sunsilk Shampoo Sachet,1,Body Care,5.00,8.00
2024-07-31,Biogesic 500mg Tablet,0,Medicine,4.00,7.00
2024-07-31,AA Batteries (pair),0,Household,35.00,55.00
2024-07-31,Sewing Needle Pack,0,Household,12.00,25.00
2024-08-01,Cooking Oil 1L,30,Pantry,60.00,75.00
2024-08-01,Bear Brand Powdered Milk 320g,10,Dairy,70.00,90.00
2024-08-01,Alaska Evap Milk 370ml,7,Dairy,32.00,42.00
2024-08-01,Ligo Sardines 155g,5,Canned Goods,18.00,25.00
2024-08-01,Sunsilk Shampoo Sachet,0,Body Care,5.00,8.00
2024-08-01,Biogesic 500mg Tablet,0,Medicine,4.00,7.00
2024-08-01,AA Batteries (pair),0,Household,35.00,55.00
2024-08-01,Sewing Needle Pack,0,Household,12.00,25.00
2024-08-02,Cooking Oil 1L,45,Pantry,60.00,75.00
2024-08-02,Bear Brand Powdered Milk 320g,22,Dairy,70.00,90.00
2024-08-02,Alaska Evap Milk 370ml,1,Dairy,32.00,42.00
2024-08-02,Ligo Sardines 155g,1,Canned Goods,18.00,25.00
2024-08-02,Sunsilk Shampoo Sachet,0,Body Care,5.00,8.00
2024-08-02,Biogesic 500mg Tablet,3,Medicine,4.00,7.00
2024-08-02,AA Batteries (pair),0,Household,35.00,55.00
2024-08-02,Sewing Needle Pack,0,Household,12.00,25.00
2024-08-03,Cooking Oil 1L,51,Pantry,60.00,75.00
2024-08-03,Bear Brand Powdered Milk 320g,13,Dairy,70.00,90.00
2024-08-03,Alaska Evap Milk 370ml,10,Dairy,32.00,42.00
2024-08-03,Ligo Sardines 155g,2,Canned Goods,18.00,25.00
2024-08-03,Sunsilk Shampoo Sachet,4,Body Care,5.00,8.00
2024-08-03,Biogesic 500mg Tablet,0,Medicine,4.00,7.00
2024-08-03,AA Batteries (pair),1,Household,35.00,55.00
2024-08-03,Sewing Needle Pack,0,Household,12.00,25.00
2024-08-04,Cooking Oil 1L,44,Pantry,60.00,75.00
2024-08-04,Bear Brand Powdered Milk 320g,10,Dairy,70.00,90.00
2024-08-04,Alaska Evap Milk 370ml,3,Dairy,32.00,42.00
2024-08-04,Ligo Sardines 155g,3,Canned Goods,18.00,25.00
2024-08-04,Sunsilk Shampoo Sachet,2,Body Care,5.00,8.00
2024-08-04,Biogesic 500mg Tablet,0,Medicine,4.00,7.00
2024-08-04,AA Batteries (pair),0,Household,35.00,55.00
2024-08-04,Sewing Needle Pack,1,Household,12.00,25.00
2024-08-05,Cooking Oil 1L,27,Pantry,60.00,75.00
2024-08-05,Bear Brand Powdered Milk 320g,11,Dairy,70.00,90.00
2024-08-05,Alaska Evap Milk 370ml,6,Dairy,32.00,42.00
2024-08-05,Ligo Sardines 155g,2,Canned Goods,18.00,25.00
2024-08-05,Sunsilk Shampoo Sachet,0,Body Care,5.00,8.00
2024-08-05,Biogesic 500mg Tablet,0,Medicine,4.00,7.00
2024-08-05,AA Batteries (pair),0,Household,35.00,55.00
2024-08-05,Sewing Needle Pack,0,Household,12.00,25.00
2024-08-06,Cooking Oil 1L,23,Pantry,60.00,75.00
2024-08-06,Bear Brand Powdered Milk 320g,6,Dairy,70.00,90.00
2024-08-06,Alaska Evap Milk 370ml,3,Dairy,32.00,42.00
2024-08-06,Ligo Sardines 155g,1,Canned Goods,18.00,25.00
2024-08-06,Sunsilk Shampoo Sachet,2,Body Care,5.00,8.00
2024-08-06,Biogesic 500mg Tablet,1,Medicine,4.00,7.00
2024-08-06,AA Batteries (pair),1,Household,35.00,55.00
2024-08-06,Sewing Needle Pack,0,Household,12.00,25.00
2024-08-07,Cooking Oil 1L,31,Pantry,60.00,75.00
2024-08-07,Bear Brand Powdered Milk 320g,14,Dairy,70.00,90.00
2024-08-07,Alaska Evap Milk 370ml,5,Dairy,32.00,42.00
2024-08-07,Ligo Sardines 155g,2,Canned Goods,18.00,25.00
2024-08-07,Sunsilk Shampoo Sachet,0,Body Care,5.00,8.00
2024-08-07,Biogesic 500mg Tablet,0,Medicine,4.00,7.00
2024-08-07,AA Batteries (pair),0,Household,35.00,55.00
2024-08-07,Sewing Needle Pack,0,Household,12.00,25.00
2024-08-08,Cooking Oil 1L,31,Pantry,60.00,75.00
2024-08-08,Bear Brand Powdered Milk 320g,14,Dairy,70.00,90.00
2024-08-08,Alaska Evap Milk 370ml,5,Dairy,32.00,42.00
2024-08-08,Ligo Sardines 155g,2,Canned Goods,18.00,25.00
2024-08-08,Sunsilk Shampoo Sachet,2,Body Care,5.00,8.00
2024-08-08,Biogesic 500mg Tablet,0,Medicine,4.00,7.00
2024-08-08,AA Batteries (pair),0,Household,35.00,55.00
2024-08-08,Sewing Needle Pack,1,Household,12.00,25.00
2024-08-09,Cooking Oil 1L,58,Pantry,60.00,75.00
2024-08-09,Bear Brand Powdered Milk 320g,15,Dairy,70.00,90.00
2024-08-09,Alaska Evap Milk 370ml,9,Dairy,32.00,42.00
2024-08-09,Ligo Sardines 155g,4,Canned Goods,18.00,25.00
2024-08-09,Sunsilk Shampoo Sachet,0,Body Care,5.00,8.00
2024-08-09,Biogesic 500mg Tablet,1,Medicine,4.00,7.00
2024-08-09,AA Batteries (pair),1,Household,35.00,55.00
2024-08-09,Sewing Needle Pack,0,Household,12.00,25.00
2024-08-10,Cooking Oil 1L,54,Pantry,60.00,75.00
2024-08-10,Bear Brand Powdered Milk 320g,20,Dairy,70.00,90.00
2024-08-10,Alaska Evap Milk 370ml,6,Dairy,32.00,42.00
2024-08-10,Ligo Sardines 155g,5,Canned Goods,18.00,25.00
2024-08-10,Sunsilk Shampoo Sachet,2,Body Care,5.00,8.00
2024-08-10,Biogesic 500mg Tablet,0,Medicine,4.00,7.00
2024-08-10,AA Batteries (pair),0,Household,35.00,55.00
2024-08-10,Sewing Needle Pack,0,Household,12.00,25.00
2024-08-11,Cooking Oil 1L,47,Pantry,60.00,75.00
2024-08-11,Bear Brand Powdered Milk 320g,17,Dairy,70.00,90.00
2024-08-11,Alaska Evap Milk 370ml,5,Dairy,32.00,42.00
2024-08-11,Ligo Sardines 155g,3,Canned Goods,18.00,25.00
2024-08-11,Sunsilk Shampoo Sachet,0,Body Care,5.00,8.00
2024-08-11,Biogesic 500mg Tablet,0,Medicine,4.00,7.00
2024-08-11,AA Batteries (pair),0,Household,35.00,55.00
2024-08-11,Sewing Needle Pack,0,Household,12.00,25.00
2024-08-12,Cooking Oil 1L,32,Pantry,60.00,75.00
2024-08-12,Bear Brand Powdered Milk 320g,7,Dairy,70.00,90.00
2024-08-12,Alaska Evap Milk 370ml,4,Dairy,32.00,42.00
2024-08-12,Ligo Sardines 155g,2,Canned Goods,18.00,25.00
2024-08-12,Sunsilk Shampoo Sachet,1,Body Care,5.00,8.00
2024-08-12,Biogesic 500mg Tablet,0,Medicine,4.00,7.00
2024-08-12,AA Batteries (pair),0,Household,35.00,55.00
2024-08-12,Sewing Needle Pack,1,Household,12.00,25.00
2024-08-13,Cooking Oil 1L,26,Pantry,60.00,75.00
2024-08-13,Bear Brand Powdered Milk 320g,14,Dairy,70.00,90.00
2024-08-13,Alaska Evap Milk 370ml,2,Dairy,32.00,42.00
2024-08-13,Ligo Sardines 155g,3,Canned Goods,18.00,25.00
2024-08-13,Sunsilk Shampoo Sachet,0,Body Care,5.00,8.00
2024-08-13,Biogesic 500mg Tablet,1,Medicine,4.00,7.00
2024-08-13,AA Batteries (pair),0,Household,35.00,55.00
2024-08-13,Sewing Needle Pack,0,Household,12.00,25.00
2024-08-14,Cooking Oil 1L,16,Pantry,60.00,75.00
2024-08-14,Bear Brand Powdered Milk 320g,15,Dairy,70.00,90.00
2024-08-14,Alaska Evap Milk 370ml,3,Dairy,32.00,42.00
2024-08-14,Ligo Sardines 155g,0,Canned Goods,18.00,25.00
2024-08-14,Sunsilk Shampoo Sachet,1,Body Care,5.00,8.00
2024-08-14,Biogesic 500mg Tablet,0,Medicine,4.00,7.00
2024-08-14,AA Batteries (pair),0,Household,35.00,55.00
2024-08-14,Sewing Needle Pack,0,Household,12.00,25.00
2024-08-15,Cooking Oil 1L,43,Pantry,60.00,75.00
2024-08-15,Bear Brand Powdered Milk 320g,13,Dairy,70.00,90.00
2024-08-15,Alaska Evap Milk 370ml,7,Dairy,32.00,42.00
2024-08-15,Ligo Sardines 155g,1,Canned Goods,18.00,25.00
2024-08-15,Sunsilk Shampoo Sachet,0,Body Care,5.00,8.00
2024-08-15,Biogesic 500mg Tablet,1,Medicine,4.00,7.00
2024-08-15,AA Batteries (pair),0,Household,35.00,55.00
2024-08-15,Sewing Needle Pack,0,Household,12.00,25.00
2024-08-16,Cooking Oil 1L,52,Pantry,60.00,75.00
2024-08-16,Bear Brand Powdered Milk 320g,14,Dairy,70.00,90.00
2024-08-16,Alaska Evap Milk 370ml,8,Dairy,32.00,42.00
2024-08-16,Ligo Sardines 155g,1,Canned Goods,18.00,25.00
2024-08-16,Sunsilk Shampoo Sachet,0,Body Care,5.00,8.00
2024-08-16,Biogesic 500mg Tablet,0,Medicine,4.00,7.00
2024-08-16,AA Batteries (pair),2,Household,35.00,55.00
2024-08-16,Sewing Needle Pack,0,Household,12.00,25.00
2024-08-17,Cooking Oil 1L,52,Pantry,60.00,75.00
2024-08-17,Bear Brand Powdered Milk 320g,20,Dairy,70.00,90.00
2024-08-17,Alaska Evap Milk 370ml,2,Dairy,32.00,42.00
2024-08-17,Ligo Sardines 155g,2,Canned Goods,18.00,25.00
2024-08-17,Sunsilk Shampoo Sachet,1,Body Care,5.00,8.00
2024-08-17,Biogesic 500mg Tablet,1,Medicine,4.00,7.00
2024-08-17,AA Batteries (pair),0,Household,35.00,55.00
2024-08-17,Sewing Needle Pack,0,Household,12.00,25.00
2024-08-18,Cooking Oil 1L,20,Pantry,60.00,75.00
2024-08-18,Bear Brand Powdered Milk 320g,24,Dairy,70.00,90.00
2024-08-18,Alaska Evap Milk 370ml,4,Dairy,32.00,42.00
2024-08-18,Ligo Sardines 155g,1,Canned Goods,18.00,25.00
2024-08-18,Sunsilk Shampoo Sachet,1,Body Care,5.00,8.00
2024-08-18,Biogesic 500mg Tablet,1,Medicine,4.00,7.00
2024-08-18,AA Batteries (pair),0,Household,35.00,55.00
2024-08-18,Sewing Needle Pack,0,Household,12.00,25.00
2024-08-19,Cooking Oil 1L,19,Pantry,60.00,75.00
2024-08-19,Bear Brand Powdered Milk 320g,9,Dairy,70.00,90.00
2024-08-19,Alaska Evap Milk 370ml,5,Dairy,32.00,42.00
2024-08-19,Ligo Sardines 155g,0,Canned Goods,18.00,25.00
2024-08-19,Sunsilk Shampoo Sachet,0,Body Care,5.00,8.00
2024-08-19,Biogesic 500mg Tablet,2,Medicine,4.00,7.00
2024-08-19,AA Batteries (pair),0,Household,35.00,55.00
2024-08-19,Sewing Needle Pack,0,Household,12.00,25.00
2024-08-20,Cooking Oil 1L,42,Pantry,60.00,75.00
2024-08-20,Bear Brand Powdered Milk 320g,13,Dairy,70.00,90.00
2024-08-20,Alaska Evap Milk 370ml,5,Dairy,32.00,42.00
2024-08-20,Ligo Sardines 155g,1,Canned Goods,18.00,25.00
2024-08-20,Sunsilk Shampoo Sachet,1,Body Care,5.00,8.00
2024-08-20,Biogesic 500mg Tablet,1,Medicine,4.00,7.00
2024-08-20,AA Batteries (pair),0,Household,35.00,55.00
2024-08-20,Sewing Needle Pack,1,Household,12.00,25.00
2024-08-21,Cooking Oil 1L,29,Pantry,60.00,75.00
2024-08-21,Bear Brand Powdered Milk 320g,7,Dairy,70.00,90.00
2024-08-21,Alaska Evap Milk 370ml,1,Dairy,32.00,42.00
2024-08-21,Ligo Sardines 155g,0,Canned Goods,18.00,25.00
2024-08-21,Sunsilk Shampoo Sachet,1,Body Care,5.00,8.00
2024-08-21,Biogesic 500mg Tablet,0,Medicine,4.00,7.00
2024-08-21,AA Batteries (pair),0,Household,35.00,55.00
2024-08-21,Sewing Needle Pack,0,Household,12.00,25.00
2024-08-22,Cooking Oil 1L,23,Pantry,60.00,75.00
2024-08-22,Bear Brand Powdered Milk 320g,14,Dairy,70.00,90.00
2024-08-22,Alaska Evap Milk 370ml,7,Dairy,32.00,42.00
2024-08-22,Ligo Sardines 155g,1,Canned Goods,18.00,25.00
2024-08-22,Sunsilk Shampoo Sachet,1,Body Care,5.00,8.00
2024-08-22,Biogesic 500mg Tablet,0,Medicine,4.00,7.00
2024-08-22,AA Batteries (pair),0,Household,35.00,55.00
2024-08-22,Sewing Needle Pack,1,Household,12.00,25.00
2024-08-23,Cooking Oil 1L,19,Pantry,60.00,75.00
2024-08-23,Bear Brand Powdered Milk 320g,12,Dairy,70.00,90.00
2024-08-23,Alaska Evap Milk 370ml,6,Dairy,32.00,42.00
2024-08-23,Ligo Sardines 155g,3,Canned Goods,18.00,25.00
2024-08-23,Sunsilk Shampoo Sachet,1,Body Care,5.00,8.00
2024-08-23,Biogesic 500mg Tablet,0,Medicine,4.00,7.00
2024-08-23,AA Batteries (pair),1,Household,35.00,55.00
2024-08-23,Sewing Needle Pack,0,Household,12.00,25.00
2024-08-24,Cooking Oil 1L,32,Pantry,60.00,75.00
2024-08-24,Bear Brand Powdered Milk 320g,17,Dairy,70.00,90.00
2024-08-24,Alaska Evap Milk 370ml,8,Dairy,32.00,42.00
2024-08-24,Ligo Sardines 155g,1,Canned Goods,18.00,25.00
2024-08-24,Sunsilk Shampoo Sachet,2,Body Care,5.00,8.00
2024-08-24,Biogesic 500mg Tablet,2,Medicine,4.00,7.00
2024-08-24,AA Batteries (pair),0,Household,35.00,55.00
2024-08-24,Sewing Needle Pack,0,Household,12.00,25.00
2024-08-25,Cooking Oil 1L,34,Pantry,60.00,75.00
2024-08-25,Bear Brand Powdered Milk 320g,21,Dairy,70.00,90.00
2024-08-25,Alaska Evap Milk 370ml,3,Dairy,32.00,42.00
2024-08-25,Ligo Sardines 155g,3,Canned Goods,18.00,25.00
2024-08-25,Sunsilk Shampoo Sachet,1,Body Care,5.00,8.00
2024-08-25,Biogesic 500mg Tablet,1,Medicine,4.00,7.00
2024-08-25,AA Batteries (pair),0,Household,35.00,55.00
2024-08-25,Sewing Needle Pack,0,Household,12.00,25.00
2024-08-26,Cooking Oil 1L,24,Pantry,60.00,75.00
2024-08-26,Bear Brand Powdered Milk 320g,12,Dairy,70.00,90.00
2024-08-26,Alaska Evap Milk 370ml,3,Dairy,32.00,42.00
2024-08-26,Ligo Sardines 155g,3,Canned Goods,18.00,25.00
2024-08-26,Sunsilk Shampoo Sachet,4,Body Care,5.00,8.00
2024-08-26,Biogesic 500mg Tablet,0,Medicine,4.00,7.00
2024-08-26,AA Batteries (pair),0,Household,35.00,55.00
2024-08-26,Sewing Needle Pack,1,Household,12.00,25.00
2024-08-27,Cooking Oil 1L,49,Pantry,60.00,75.00
2024-08-27,Bear Brand Powdered Milk 320g,19,Dairy,70.00,90.00
2024-08-27,Alaska Evap Milk 370ml,7,Dairy,32.00,42.00
2024-08-27,Ligo Sardines 155g,2,Canned Goods,18.00,25.00
2024-08-27,Sunsilk Shampoo Sachet,0,Body Care,5.00,8.00
2024-08-27,Biogesic 500mg Tablet,1,Medicine,4.00,7.00
2024-08-27,AA Batteries (pair),0,Household,35.00,55.00
2024-08-27,Sewing Needle Pack,0,Household,12.00,25.00
2024-08-28,Cooking Oil 1L,17,Pantry,60.00,75.00
2024-08-28,Bear Brand Powdered Milk 320g,16,Dairy,70.00,90.00
2024-08-28,Alaska Evap Milk 370ml,7,Dairy,32.00,42.00
2024-08-28,Ligo Sardines 155g,0,Canned Goods,18.00,25.00
2024-08-28,Sunsilk Shampoo Sachet,1,Body Care,5.00,8.00
2024-08-28,Biogesic 500mg Tablet,1,Medicine,4.00,7.00
2024-08-28,AA Batteries (pair),0,Household,35.00,55.00
2024-08-28,Sewing Needle Pack,1,Household,12.00,25.00
2024-08-29,Cooking Oil 1L,55,Pantry,60.00,75.00
2024-08-29,Bear Brand Powdered Milk 320g,18,Dairy,70.00,90.00
2024-08-29,Alaska Evap Milk 370ml,10,Dairy,32.00,42.00
2024-08-29,Ligo Sardines 155g,5,Canned Goods,18.00,25.00
2024-08-29,Sunsilk Shampoo Sachet,0,Body Care,5.00,8.00
2024-08-29,Biogesic 500mg Tablet,2,Medicine,4.00,7.00
2024-08-29,AA Batteries (pair),1,Household,35.00,55.00
2024-08-29,Sewing Needle Pack,1,Household,12.00,25.00
2024-08-30,Cooking Oil 1L,65,Pantry,60.00,75.00
2024-08-30,Bear Brand Powdered Milk 320g,21,Dairy,70.00,90.00
2024-08-30,Alaska Evap Milk 370ml,10,Dairy,32.00,42.00
2024-08-30,Ligo Sardines 155g,7,Canned Goods,18.00,25.00
2024-08-30,Sunsilk Shampoo Sachet,1,Body Care,5.00,8.00
2024-08-30,Biogesic 500mg Tablet,0,Medicine,4.00,7.00
2024-08-30,AA Batteries (pair),0,Household,35.00,55.00
2024-08-30,Sewing Needle Pack,0,Household,12.00,25.00
2024-08-31,Cooking Oil 1L,44,Pantry,60.00,75.00
2024-08-31,Bear Brand Powdered Milk 320g,27,Dairy,70.00,90.00
2024-08-31,Alaska Evap Milk 370ml,6,Dairy,32.00,42.00
2024-08-31,Ligo Sardines 155g,2,Canned Goods,18.00,25.00
2024-08-31,Sunsilk Shampoo Sachet,0,Body Care,5.00,8.00
2024-08-31,Biogesic 500mg Tablet,1,Medicine,4.00,7.00
2024-08-31,AA Batteries (pair),0,Household,35.00,55.00
2024-08-31,Sewing Needle Pack,0,Household,12.00,25.00
2024-09-01,Cooking Oil 1L,29,Pantry,60.00,75.00
2024-09-01,Bear Brand Powdered Milk 320g,11,Dairy,70.00,90.00
2024-09-01,Alaska Evap Milk 370ml,2,Dairy,32.00,42.00
2024-09-01,Ligo Sardines 155g,4,Canned Goods,18.00,25.00
2024-09-01,Sunsilk Shampoo Sachet,2,Body Care,5.00,8.00
2024-09-01,Biogesic 500mg Tablet,0,Medicine,4.00,7.00
2024-09-01,AA Batteries (pair),0,Household,35.00,55.00
2024-09-01,Sewing Needle Pack,0,Household,12.00,25.00
2024-09-02,Cooking Oil 1L,32,Pantry,60.00,75.00
2024-09-02,Bear Brand Powdered Milk 320g,8,Dairy,70.00,90.00
2024-09-02,Alaska Evap Milk 370ml,6,Dairy,32.00,42.00
2024-09-02,Ligo Sardines 155g,3,Canned Goods,18.00,25.00
2024-09-02,Sunsilk Shampoo Sachet,2,Body Care,5.00,8.00
2024-09-02,Biogesic 500mg Tablet,2,Medicine,4.00,7.00
2024-09-02,AA Batteries (pair),2,Household,35.00,55.00
2024-09-02,Sewing Needle Pack,1,Household,12.00,25.00
2024-09-03,Cooking Oil 1L,25,Pantry,60.00,75.00
2024-09-03,Bear Brand Powdered Milk 320g,19,Dairy,70.00,90.00
2024-09-03,Alaska Evap Milk 370ml,0,Dairy,32.00,42.00
2024-09-03,Ligo Sardines 155g,3,Canned Goods,18.00,25.00
2024-09-03,Sunsilk Shampoo Sachet,0,Body Care,5.00,8.00
2024-09-03,Biogesic 500mg Tablet,0,Medicine,4.00,7.00
2024-09-03,AA Batteries (pair),0,Household,35.00,55.00
2024-09-03,Sewing Needle Pack,0,Household,12.00,25.00
2024-09-04,Cooking Oil 1L,19,Pantry,60.00,75.00
2024-09-04,Bear Brand Powdered Milk 320g,12,Dairy,70.00,90.00
2024-09-04,Alaska Evap Milk 370ml,4,Dairy,32.00,42.00
2024-09-04,Ligo Sardines 155g,1,Canned Goods,18.00,25.00
2024-09-04,Sunsilk Shampoo Sachet,0,Body Care,5.00,8.00
2024-09-04,Biogesic 500mg Tablet,1,Medicine,4.00,7.00
2024-09-04,AA Batteries (pair),0,Household,35.00,55.00
2024-09-04,Sewing Needle Pack,0,Household,12.00,25.00
2024-09-05,Cooking Oil 1L,44,Pantry,60.00,75.00
2024-09-05,Bear Brand Powdered Milk 320g,24,Dairy,70.00,90.00
2024-09-05,Alaska Evap Milk 370ml,4,Dairy,32.00,42.00
2024-09-05,Ligo Sardines 155g,1,Canned Goods,18.00,25.00
2024-09-05,Sunsilk Shampoo Sachet,1,Body Care,5.00,8.00
2024-09-05,Biogesic 500mg Tablet,0,Medicine,4.00,7.00
2024-09-05,AA Batteries (pair),2,Household,35.00,55.00
2024-09-05,Sewing Needle Pack,0,Household,12.00,25.00
2024-09-06,Cooking Oil 1L,35,Pantry,60.00,75.00
2024-09-06,Bear Brand Powdered Milk 320g,9,Dairy,70.00,90.00
2024-09-06,Alaska Evap Milk 370ml,4,Dairy,32.00,42.00
2024-09-06,Ligo Sardines 155g,3,Canned Goods,18.00,25.00
2024-09-06,Sunsilk Shampoo Sachet,5,Body Care,5.00,8.00
2024-09-06,Biogesic 500mg Tablet,0,Medicine,4.00,7.00
2024-09-06,AA Batteries (pair),0,Household,35.00,55.00
2024-09-06,Sewing Needle Pack,0,Household,12.00,25.00
2024-09-07,Cooking Oil 1L,56,Pantry,60.00,75.00
2024-09-07,Bear Brand Powdered Milk 320g,15,Dairy,70.00,90.00
2024-09-07,Alaska Evap Milk 370ml,2,Dairy,32.00,42.00
2024-09-07,Ligo Sardines 155g,2,Canned Goods,18.00,25.00
2024-09-07,Sunsilk Shampoo Sachet,1,Body Care,5.00,8.00
2024-09-07,Biogesic 500mg Tablet,2,Medicine,4.00,7.00
2024-09-07,AA Batteries (pair),0,Household,35.00,55.00
2024-09-07,Sewing Needle Pack,0,Household,12.00,25.00
2024-09-08,Cooking Oil 1L,44,Pantry,60.00,75.00
2024-09-08,Bear Brand Powdered Milk 320g,18,Dairy,70.00,90.00
2024-09-08,Alaska Evap Milk 370ml,6,Dairy,32.00,42.00
2024-09-08,Ligo Sardines 155g,3,Canned Goods,18.00,25.00
2024-09-08,Sunsilk Shampoo Sachet,0,Body Care,5.00,8.00
2024-09-08,Biogesic 500mg Tablet,1,Medicine,4.00,7.00
2024-09-08,AA Batteries (pair),0,Household,35.00,55.00
2024-09-08,Sewing Needle Pack,0,Household,12.00,25.00
2024-09-09,Cooking Oil 1L,28,Pantry,60.00,75.00
2024-09-09,Bear Brand Powdered Milk 320g,6,Dairy,70.00,90.00
2024-09-09,Alaska Evap Milk 370ml,5,Dairy,32.00,42.00
2024-09-09,Ligo Sardines 155g,2,Canned Goods,18.00,25.00
2024-09-09,Sunsilk Shampoo Sachet,0,Body Care,5.00,8.00
2024-09-09,Biogesic 500mg Tablet,0,Medicine,4.00,7.00
2024-09-09,AA Batteries (pair),0,Household,35.00,55.00
2024-09-09,Sewing Needle Pack,0,Household,12.00,25.00
2024-09-10,Cooking Oil 1L,16,Pantry,60.00,75.00
2024-09-10,Bear Brand Powdered Milk 320g,12,Dairy,70.00,90.00
2024-09-10,Alaska Evap Milk 370ml,2,Dairy,32.00,42.00
2024-09-10,Ligo Sardines 155g,1,Canned Goods,18.00,25.00
2024-09-10,Sunsilk Shampoo Sachet,0,Body Care,5.00,8.00
2024-09-10,Biogesic 500mg Tablet,0,Medicine,4.00,7.00
2024-09-10,AA Batteries (pair),0,Household,35.00,55.00
2024-09-10,Sewing Needle Pack,0,Household,12.00,25.00
2024-09-11,Cooking Oil 1L,27,Pantry,60.00,75.00
2024-09-11,Bear Brand Powdered Milk 320g,11,Dairy,70.00,90.00
2024-09-11,Alaska Evap Milk 370ml,4,Dairy,32.00,42.00
2024-09-11,Ligo Sardines 155g,2,Canned Goods,18.00,25.00
2024-09-11,Sunsilk Shampoo Sachet,1,Body Care,5.00,8.00
2024-09-11,Biogesic 500mg Tablet,1,Medicine,4.00,7.00
2024-09-11,AA Batteries (pair),1,Household,35.00,55.00
2024-09-11,Sewing Needle Pack,0,Household,12.00,25.00
2024-09-12,Cooking Oil 1L,39,Pantry,60.00,75.00
2024-09-12,Bear Brand Powdered Milk 320g,13,Dairy,70.00,90.00
2024-09-12,Alaska Evap Milk 370ml,4,Dairy,32.00,42.00
2024-09-12,Ligo Sardines 155g,1,Canned Goods,18.00,25.00
2024-09-12,Sunsilk Shampoo Sachet,3,Body Care,5.00,8.00
2024-09-12,Biogesic 500mg Tablet,0,Medicine,4.00,7.00
2024-09-12,AA Batteries (pair),0,Household,35.00,55.00
2024-09-12,Sewing Needle Pack,0,Household,12.00,25.00
2024-09-13,Cooking Oil 1L,39,Pantry,60.00,75.00
2024-09-13,Bear Brand Powdered Milk 320g,10,Dairy,70.00,90.00
2024-09-13,Alaska Evap Milk 370ml,2,Dairy,32.00,42.00
2024-09-13,Ligo Sardines 155g,6,Canned Goods,18.00,25.00
2024-09-13,Sunsilk Shampoo Sachet,2,Body Care,5.00,8.00
2024-09-13,Biogesic 500mg Tablet,0,Medicine,4.00,7.00
2024-09-13,AA Batteries (pair),1,Household,35.00,55.00
2024-09-13,Sewing Needle Pack,0,Household,12.00,25.00
2024-09-14,Cooking Oil 1L,18,Pantry,60.00,75.00
2024-09-14,Bear Brand Powdered Milk 320g,24,Dairy,70.00,90.00
2024-09-14,Alaska Evap Milk 370ml,3,Dairy,32.00,42.00
2024-09-14,Ligo Sardines 155g,2,Canned Goods,18.00,25.00
2024-09-14,Sunsilk Shampoo Sachet,5,Body Care,5.00,8.00
2024-09-14,Biogesic 500mg Tablet,1,Medicine,4.00,7.00
2024-09-14,AA Batteries (pair),0,Household,35.00,55.00
2024-09-14,Sewing Needle Pack,0,Household,12.00,25.00
2024-09-15,Cooking Oil 1L,47,Pantry,60.00,75.00
2024-09-15,Bear Brand Powdered Milk 320g,12,Dairy,70.00,90.00
2024-09-15,Alaska Evap Milk 370ml,2,Dairy,32.00,42.00
2024-09-15,Ligo Sardines 155g,2,Canned Goods,18.00,25.00
2024-09-15,Sunsilk Shampoo Sachet,4,Body Care,5.00,8.00
2024-09-15,Biogesic 500mg Tablet,0,Medicine,4.00,7.00
2024-09-15,AA Batteries (pair),0,Household,35.00,55.00
2024-09-15,Sewing Needle Pack,0,Household,12.00,25.00
2024-09-16,Cooking Oil 1L,40,Pantry,60.00,75.00
2024-09-16,Bear Brand Powdered Milk 320g,20,Dairy,70.00,90.00
2024-09-16,Alaska Evap Milk 370ml,5,Dairy,32.00,42.00
2024-09-16,Ligo Sardines 155g,0,Canned Goods,18.00,25.00
2024-09-16,Sunsilk Shampoo Sachet,2,Body Care,5.00,8.00
2024-09-16,Biogesic 500mg Tablet,0,Medicine,4.00,7.00
2024-09-16,AA Batteries (pair),0,Household,35.00,55.00
2024-09-16,Sewing Needle Pack,0,Household,12.00,25.00
2024-09-17,Cooking Oil 1L,39,Pantry,60.00,75.00
2024-09-17,Bear Brand Powdered Milk 320g,14,Dairy,70.00,90.00
2024-09-17,Alaska Evap Milk 370ml,4,Dairy,32.00,42.00
2024-09-17,Ligo Sardines 155g,1,Canned Goods,18.00,25.00
2024-09-17,Sunsilk Shampoo Sachet,1,Body Care,5.00,8.00
2024-09-17,Biogesic 500mg Tablet,0,Medicine,4.00,7.00
2024-09-17,AA Batteries (pair),0,Household,35.00,55.00
2024-09-17,Sewing Needle Pack,0,Household,12.00,25.00
2024-09-18,Cooking Oil 1L,18,Pantry,60.00,75.00
2024-09-18,Bear Brand Powdered Milk 320g,15,Dairy,70.00,90.00
2024-09-18,Alaska Evap Milk 370ml,4,Dairy,32.00,42.00
2024-09-18,Ligo Sardines 155g,5,Canned Goods,18.00,25.00
2024-09-18,Sunsilk Shampoo Sachet,2,Body Care,5.00,8.00
2024-09-18,Biogesic 500mg Tablet,0,Medicine,4.00,7.00
2024-09-18,AA Batteries (pair),0,Household,35.00,55.00
2024-09-18,Sewing Needle Pack,0,Household,12.00,25.00
2024-09-19,Cooking Oil 1L,22,Pantry,60.00,75.00
2024-09-19,Bear Brand Powdered Milk 320g,7,Dairy,70.00,90.00
2024-09-19,Alaska Evap Milk 370ml,4,Dairy,32.00,42.00
2024-09-19,Ligo Sardines 155g,3,Canned Goods,18.00,25.00
2024-09-19,Sunsilk Shampoo Sachet,1,Body Care,5.00,8.00
2024-09-19,Biogesic 500mg Tablet,0,Medicine,4.00,7.00
2024-09-19,AA Batteries (pair),0,Household,35.00,55.00
2024-09-19,Sewing Needle Pack,0,Household,12.00,25.00
2024-09-20,Cooking Oil 1L,34,Pantry,60.00,75.00
2024-09-20,Bear Brand Powdered Milk 320g,11,Dairy,70.00,90.00
2024-09-20,Alaska Evap Milk 370ml,7,Dairy,32.00,42.00
2024-09-20,Ligo Sardines 155g,2,Canned Goods,18.00,25.00
2024-09-20,Sunsilk Shampoo Sachet,1,Body Care,5.00,8.00
2024-09-20,Biogesic 500mg Tablet,0,Medicine,4.00,7.00
2024-09-20,AA Batteries (pair),0,Household,35.00,55.00
2024-09-20,Sewing Needle Pack,0,Household,12.00,25.00
2024-09-21,Cooking Oil 1L,44,Pantry,60.00,75.00
2024-09-21,Bear Brand Powdered Milk 320g,13,Dairy,70.00,90.00
2024-09-21,Alaska Evap Milk 370ml,7,Dairy,32.00,42.00
2024-09-21,Ligo Sardines 155g,1,Canned Goods,18.00,25.00
2024-09-21,Sunsilk Shampoo Sachet,0,Body Care,5.00,8.00
2024-09-21,Biogesic 500mg Tablet,1,Medicine,4.00,7.00
2024-09-21,AA Batteries (pair),0,Household,35.00,55.00
2024-09-21,Sewing Needle Pack,0,Household,12.00,25.00
2024-09-22,Cooking Oil 1L,27,Pantry,60.00,75.00
2024-09-22,Bear Brand Powdered Milk 320g,12,Dairy,70.00,90.00
2024-09-22,Alaska Evap Milk 370ml,4,Dairy,32.00,42.00
2024-09-22,Ligo Sardines 155g,2,Canned Goods,18.00,25.00
2024-09-22,Sunsilk Shampoo Sachet,2,Body Care,5.00,8.00
2024-09-22,Biogesic 500mg Tablet,0,Medicine,4.00,7.00
2024-09-22,AA Batteries (pair),0,Household,35.00,55.00
2024-09-22,Sewing Needle Pack,0,Household,12.00,25.00
2024-09-23,Cooking Oil 1L,21,Pantry,60.00,75.00
2024-09-23,Bear Brand Powdered Milk 320g,21,Dairy,70.00,90.00
2024-09-23,Alaska Evap Milk 370ml,3,Dairy,32.00,42.00
2024-09-23,Ligo Sardines 155g,3,Canned Goods,18.00,25.00
2024-09-23,Sunsilk Shampoo Sachet,0,Body Care,5.00,8.00
2024-09-23,Biogesic 500mg Tablet,0,Medicine,4.00,7.00
2024-09-23,AA Batteries (pair),0,Household,35.00,55.00
2024-09-23,Sewing Needle Pack,0,Household,12.00,25.00
2024-09-24,Cooking Oil 1L,30,Pantry,60.00,75.00
2024-09-24,Bear Brand Powdered Milk 320g,13,Dairy,70.00,90.00
2024-09-24,Alaska Evap Milk 370ml,1,Dairy,32.00,42.00
2024-09-24,Ligo Sardines 155g,2,Canned Goods,18.00,25.00
2024-09-24,Sunsilk Shampoo Sachet,1,Body Care,5.00,8.00
2024-09-24,Biogesic 500mg Tablet,0,Medicine,4.00,7.00
2024-09-24,AA Batteries (pair),1,Household,35.00,55.00
2024-09-24,Sewing Needle Pack,0,Household,12.00,25.00
2024-09-25,Cooking Oil 1L,19,Pantry,60.00,75.00
2024-09-25,Bear Brand Powdered Milk 320g,13,Dairy,70.00,90.00
2024-09-25,Alaska Evap Milk 370ml,0,Dairy,32.00,42.00
2024-09-25,Ligo Sardines 155g,2,Canned Goods,18.00,25.00
2024-09-25,Sunsilk Shampoo Sachet,0,Body Care,5.00,8.00
2024-09-25,Biogesic 500mg Tablet,0,Medicine,4.00,7.00
2024-09-25,AA Batteries (pair),0,Household,35.00,55.00
2024-09-25,Sewing Needle Pack,0,Household,12.00,25.00
2024-09-26,Cooking Oil 1L,35,Pantry,60.00,75.00
2024-09-26,Bear Brand Powdered Milk 320g,16,Dairy,70.00,90.00
2024-09-26,Alaska Evap Milk 370ml,1,Dairy,32.00,42.00
2024-09-26,Ligo Sardines 155g,3,Canned Goods,18.00,25.00
2024-09-26,Sunsilk Shampoo Sachet,0,Body Care,5.00,8.00
2024-09-26,Biogesic 500mg Tablet,0,Medicine,4.00,7.00
2024-09-26,AA Batteries (pair),1,Household,35.00,55.00
2024-09-26,Sewing Needle Pack,0,Household,12.00,25.00
2024-09-27,Cooking Oil 1L,43,Pantry,60.00,75.00
2024-09-27,Bear Brand Powdered Milk 320g,15,Dairy,70.00,90.00
2024-09-27,Alaska Evap Milk 370ml,6,Dairy,32.00,42.00
2024-09-27,Ligo Sardines 155g,6,Canned Goods,18.00,25.00
2024-09-27,Sunsilk Shampoo Sachet,1,Body Care,5.00,8.00
2024-09-27,Biogesic 500mg Tablet,0,Medicine,4.00,7.00
2024-09-27,AA Batteries (pair),0,Household,35.00,55.00
2024-09-27,Sewing Needle Pack,0,Household,12.00,25.00
2024-09-28,Cooking Oil 1L,73,Pantry,60.00,75.00
2024-09-28,Bear Brand Powdered Milk 320g,27,Dairy,70.00,90.00
2024-09-28,Alaska Evap Milk 370ml,6,Dairy,32.00,42.00
2024-09-28,Ligo Sardines 155g,5,Canned Goods,18.00,25.00
2024-09-28,Sunsilk Shampoo Sachet,1,Body Care,5.00,8.00
2024-09-28,Biogesic 500mg Tablet,0,Medicine,4.00,7.00
2024-09-28,AA Batteries (pair),0,Household,35.00,55.00
2024-09-28,Sewing Needle Pack,0,Household,12.00,25.00
2024-09-29,Cooking Oil 1L,65,Pantry,60.00,75.00
2024-09-29,Bear Brand Powdered Milk 320g,20,Dairy,70.00,90.00
2024-09-29,Alaska Evap Milk 370ml,7,Dairy,32.00,42.00
2024-09-29,Ligo Sardines 155g,5,Canned Goods,18.00,25.00
2024-09-29,Sunsilk Shampoo Sachet,0,Body Care,5.00,8.00
2024-09-29,Biogesic 500mg Tablet,0,Medicine,4.00,7.00
2024-09-29,AA Batteries (pair),1,Household,35.00,55.00
2024-09-29,Sewing Needle Pack,0,Household,12.00,25.00
2024-09-30,Cooking Oil 1L,45,Pantry,60.00,75.00
2024-09-30,Bear Brand Powdered Milk 320g,21,Dairy,70.00,90.00
2024-09-30,Alaska Evap Milk 370ml,8,Dairy,32.00,42.00
2024-09-30,Ligo Sardines 155g,6,Canned Goods,18.00,25.00
2024-09-30,Sunsilk Shampoo Sachet,1,Body Care,5.00,8.00
2024-09-30,Biogesic 500mg Tablet,0,Medicine,4.00,7.00
2024-09-30,AA Batteries (pair),2,Household,35.00,55.00
2024-09-30,Sewing Needle Pack,0,Household,12.00,25.00
2024-10-01,Cooking Oil 1L,36,Pantry,60.00,75.00
2024-10-01,Bear Brand Powdered Milk 320g,13,Dairy,70.00,90.00
2024-10-01,Alaska Evap Milk 370ml,0,Dairy,32.00,42.00
2024-10-01,Ligo Sardines 155g,2,Canned Goods,18.00,25.00
2024-10-01,Sunsilk Shampoo Sachet,0,Body Care,5.00,8.00
2024-10-01,Biogesic 500mg Tablet,0,Medicine,4.00,7.00
2024-10-01,AA Batteries (pair),0,Household,35.00,55.00
2024-10-01,Sewing Needle Pack,1,Household,12.00,25.00
2024-10-02,Cooking Oil 1L,23,Pantry,60.00,75.00
2024-10-02,Bear Brand Powdered Milk 320g,10,Dairy,70.00,90.00
2024-10-02,Alaska Evap Milk 370ml,0,Dairy,32.00,42.00
2024-10-02,Ligo Sardines 155g,2,Canned Goods,18.00,25.00
2024-10-02,Sunsilk Shampoo Sachet,0,Body Care,5.00,8.00
2024-10-02,Biogesic 500mg Tablet,1,Medicine,4.00,7.00
2024-10-02,AA Batteries (pair),0,Household,35.00,55.00
2024-10-02,Sewing Needle Pack,0,Household,12.00,25.00
2024-10-03,Cooking Oil 1L,28,Pantry,60.00,75.00
2024-10-03,Bear Brand Powdered Milk 320g,7,Dairy,70.00,90.00
2024-10-03,Alaska Evap Milk 370ml,2,Dairy,32.00,42.00
2024-10-03,Ligo Sardines 155g,4,Canned Goods,18.00,25.00
2024-10-03,Sunsilk Shampoo Sachet,0,Body Care,5.00,8.00
2024-10-03,Biogesic 500mg Tablet,0,Medicine,4.00,7.00
2024-10-03,AA Batteries (pair),0,Household,35.00,55.00
2024-10-03,Sewing Needle Pack,0,Household,12.00,25.00
2024-10-04,Cooking Oil 1L,36,Pantry,60.00,75.00
2024-10-04,Bear Brand Powdered Milk 320g,13,Dairy,70.00,90.00
2024-10-04,Alaska Evap Milk 370ml,3,Dairy,32.00,42.00
2024-10-04,Ligo Sardines 155g,5,Canned Goods,18.00,25.00
2024-10-04,Sunsilk Shampoo Sachet,2,Body Care,5.00,8.00
2024-10-04,Biogesic 500mg Tablet,2,Medicine,4.00,7.00
2024-10-04,AA Batteries (pair),1,Household,35.00,55.00
2024-10-04,Sewing Needle Pack,0,Household,12.00,25.00
2024-10-05,Cooking Oil 1L,38,Pantry,60.00,75.00
2024-10-05,Bear Brand Powdered Milk 320g,16,Dairy,70.00,90.00
2024-10-05,Alaska Evap Milk 370ml,7,Dairy,32.00,42.00
2024-10-05,Ligo Sardines 155g,2,Canned Goods,18.00,25.00
2024-10-05,Sunsilk Shampoo Sachet,5,Body Care,5.00,8.00
2024-10-05,Biogesic 500mg Tablet,0,Medicine,4.00,7.00
2024-10-05,AA Batteries (pair),0,Household,35.00,55.00
2024-10-05,Sewing Needle Pack,0,Household,12.00,25.00
2024-10-06,Cooking Oil 1L,13,Pantry,60.00,75.00
2024-10-06,Bear Brand Powdered Milk 320g,17,Dairy,70.00,90.00
2024-10-06,Alaska Evap Milk 370ml,9,Dairy,32.00,42.00
2024-10-06,Ligo Sardines 155g,2,Canned Goods,18.00,25.00
2024-10-06,Sunsilk Shampoo Sachet,0,Body Care,5.00,8.00
2024-10-06,Biogesic 500mg Tablet,0,Medicine,4.00,7.00
2024-10-06,AA Batteries (pair),0,Household,35.00,55.00
2024-10-06,Sewing Needle Pack,1,Household,12.00,25.00
2024-10-07,Cooking Oil 1L,26,Pantry,60.00,75.00
2024-10-07,Bear Brand Powdered Milk 320g,8,Dairy,70.00,90.00
2024-10-07,Alaska Evap Milk 370ml,6,Dairy,32.00,42.00
2024-10-07,Ligo Sardines 155g,4,Canned Goods,18.00,25.00
2024-10-07,Sunsilk Shampoo Sachet,0,Body Care,5.00,8.00
2024-10-07,Biogesic 500mg Tablet,0,Medicine,4.00,7.00
2024-10-07,AA Batteries (pair),0,Household,35.00,55.00
2024-10-07,Sewing Needle Pack,0,Household,12.00,25.00
2024-10-08,Cooking Oil 1L,27,Pantry,60.00,75.00
2024-10-08,Bear Brand Powdered Milk 320g,13,Dairy,70.00,90.00
2024-10-08,Alaska Evap Milk 370ml,3,Dairy,32.00,42.00
2024-10-08,Ligo Sardines 155g,2,Canned Goods,18.00,25.00
2024-10-08,Sunsilk Shampoo Sachet,1,Body Care,5.00,8.00
2024-10-08,Biogesic 500mg Tablet,1,Medicine,4.00,7.00
2024-10-08,AA Batteries (pair),0,Household,35.00,55.00
2024-10-08,Sewing Needle Pack,0,Household,12.00,25.00
2024-10-09,Cooking Oil 1L,20,Pantry,60.00,75.00
2024-10-09,Bear Brand Powdered Milk 320g,18,Dairy,70.00,90.00
2024-10-09,Alaska Evap Milk 370ml,5,Dairy,32.00,42.00
2024-10-09,Ligo Sardines 155g,2,Canned Goods,18.00,25.00
2024-10-09,Sunsilk Shampoo Sachet,2,Body Care,5.00,8.00
2024-10-09,Biogesic 500mg Tablet,1,Medicine,4.00,7.00
2024-10-09,AA Batteries (pair),0,Household,35.00,55.00
2024-10-09,Sewing Needle Pack,0,Household,12.00,25.00
2024-10-10,Cooking Oil 1L,40,Pantry,60.00,75.00
2024-10-10,Bear Brand Powdered Milk 320g,6,Dairy,70.00,90.00
2024-10-10,Alaska Evap Milk 370ml,8,Dairy,32.00,42.00
2024-10-10,Ligo Sardines 155g,2,Canned Goods,18.00,25.00
2024-10-10,Sunsilk Shampoo Sachet,1,Body Care,5.00,8.00
2024-10-10,Biogesic 500mg Tablet,1,Medicine,4.00,7.00
2024-10-10,AA Batteries (pair),0,Household,35.00,55.00
2024-10-10,Sewing Needle Pack,0,Household,12.00,25.00
2024-10-11,Cooking Oil 1L,41,Pantry,60.00,75.00
2024-10-11,Bear Brand Powdered Milk 320g,12,Dairy,70.00,90.00
2024-10-11,Alaska Evap Milk 370ml,13,Dairy,32.00,42.00
2024-10-11,Ligo Sardines 155g,1,Canned Goods,18.00,25.00
2024-10-11,Sunsilk Shampoo Sachet,1,Body Care,5.00,8.00
2024-10-11,Biogesic 500mg Tablet,1,Medicine,4.00,7.00
2024-10-11,AA Batteries (pair),1,Household,35.00,55.00
2024-10-11,Sewing Needle Pack,0,Household,12.00,25.00
2024-10-12,Cooking Oil 1L,39,Pantry,60.00,75.00
2024-10-12,Bear Brand Powdered Milk 320g,21,Dairy,70.00,90.00
2024-10-12,Alaska Evap Milk 370ml,5,Dairy,32.00,42.00
2024-10-12,Ligo Sardines 155g,1,Canned Goods,18.00,25.00
2024-10-12,Sunsilk Shampoo Sachet,3,Body Care,5.00,8.00
2024-10-12,Biogesic 500mg Tablet,0,Medicine,4.00,7.00
2024-10-12,AA Batteries (pair),0,Household,35.00,55.00
2024-10-12,Sewing Needle Pack,0,Household,12.00,25.00
2024-10-13,Cooking Oil 1L,38,Pantry,60.00,75.00
2024-10-13,Bear Brand Powdered Milk 320g,15,Dairy,70.00,90.00
2024-10-13,Alaska Evap Milk 370ml,8,Dairy,32.00,42.00
2024-10-13,Ligo Sardines 155g,3,Canned Goods,18.00,25.00
2024-10-13,Sunsilk Shampoo Sachet,0,Body Care,5.00,8.00
2024-10-13,Biogesic 500mg Tablet,1,Medicine,4.00,7.00
2024-10-13,AA Batteries (pair),0,Household,35.00,55.00
2024-10-13,Sewing Needle Pack,0,Household,12.00,25.00
2024-10-14,Cooking Oil 1L,36,Pantry,60.00,75.00
2024-10-14,Bear Brand Powdered Milk 320g,10,Dairy,70.00,90.00
2024-10-14,Alaska Evap Milk 370ml,3,Dairy,32.00,42.00
2024-10-14,Ligo Sardines 155g,1,Canned Goods,18.00,25.00
2024-10-14,Sunsilk Shampoo Sachet,2,Body Care,5.00,8.00
2024-10-14,Biogesic 500mg Tablet,3,Medicine,4.00,7.00
2024-10-14,AA Batteries (pair),0,Household,35.00,55.00
2024-10-14,Sewing Needle Pack,0,Household,12.00,25.00
2024-10-15,Cooking Oil 1L,16,Pantry,60.00,75.00
2024-10-15,Bear Brand Powdered Milk 320g,10,Dairy,70.00,90.00
2024-10-15,Alaska Evap Milk 370ml,3,Dairy,32.00,42.00
2024-10-15,Ligo Sardines 155g,3,Canned Goods,18.00,25.00
2024-10-15,Sunsilk Shampoo Sachet,2,Body Care,5.00,8.00
2024-10-15,Biogesic 500mg Tablet,0,Medicine,4.00,7.00
2024-10-15,AA Batteries (pair),0,Household,35.00,55.00
2024-10-15,Sewing Needle Pack,1,Household,12.00,25.00
2024-10-16,Cooking Oil 1L,34,Pantry,60.00,75.00
2024-10-16,Bear Brand Powdered Milk 320g,8,Dairy,70.00,90.00
2024-10-16,Alaska Evap Milk 370ml,2,Dairy,32.00,42.00
2024-10-16,Ligo Sardines 155g,3,Canned Goods,18.00,25.00
2024-10-16,Sunsilk Shampoo Sachet,0,Body Care,5.00,8.00
2024-10-16,Biogesic 500mg Tablet,0,Medicine,4.00,7.00
2024-10-16,AA Batteries (pair),0,Household,35.00,55.00
2024-10-16,Sewing Needle Pack,1,Household,12.00,25.00
2024-10-17,Cooking Oil 1L,25,Pantry,60.00,75.00
2024-10-17,Bear Brand Powdered Milk 320g,20,Dairy,70.00,90.00
2024-10-17,Alaska Evap Milk 370ml,5,Dairy,32.00,42.00
2024-10-17,Ligo Sardines 155g,1,Canned Goods,18.00,25.00
2024-10-17,Sunsilk Shampoo Sachet,4,Body Care,5.00,8.00
2024-10-17,Biogesic 500mg Tablet,0,Medicine,4.00,7.00
2024-10-17,AA Batteries (pair),1,Household,35.00,55.00
2024-10-17,Sewing Needle Pack,0,Household,12.00,25.00
2024-10-18,Cooking Oil 1L,53,Pantry,60.00,75.00
2024-10-18,Bear Brand Powdered Milk 320g,25,Dairy,70.00,90.00
2024-10-18,Alaska Evap Milk 370ml,2,Dairy,32.00,42.00
2024-10-18,Ligo Sardines 155g,2,Canned Goods,18.00,25.00
2024-10-18,Sunsilk Shampoo Sachet,0,Body Care,5.00,8.00
2024-10-18,Biogesic 500mg Tablet,0,Medicine,4.00,7.00
2024-10-18,AA Batteries (pair),1,Household,35.00,55.00
2024-10-18,Sewing Needle Pack,0,Household,12.00,25.00
2024-10-19,Cooking Oil 1L,50,Pantry,60.00,75.00
2024-10-19,Bear Brand Powdered Milk 320g,14,Dairy,70.00,90.00
2024-10-19,Alaska Evap Milk 370ml,6,Dairy,32.00,42.00
2024-10-19,Ligo Sardines 155g,1,Canned Goods,18.00,25.00
2024-10-19,Sunsilk Shampoo Sachet,1,Body Care,5.00,8.00
2024-10-19,Biogesic 500mg Tablet,1,Medicine,4.00,7.00
2024-10-19,AA Batteries (pair),0,Household,35.00,55.00
2024-10-19,Sewing Needle Pack,0,Household,12.00,25.00
2024-10-20,Cooking Oil 1L,40,Pantry,60.00,75.00
2024-10-20,Bear Brand Powdered Milk 320g,12,Dairy,70.00,90.00
2024-10-20,Alaska Evap Milk 370ml,5,Dairy,32.00,42.00
2024-10-20,Ligo Sardines 155g,4,Canned Goods,18.00,25.00
2024-10-20,Sunsilk Shampoo Sachet,0,Body Care,5.00,8.00
2024-10-20,Biogesic 500mg Tablet,1,Medicine,4.00,7.00
2024-10-20,AA Batteries (pair),0,Household,35.00,55.00
2024-10-20,Sewing Needle Pack,0,Household,12.00,25.00
2024-10-21,Cooking Oil 1L,19,Pantry,60.00,75.00
2024-10-21,Bear Brand Powdered Milk 320g,9,Dairy,70.00,90.00
2024-10-21,Alaska Evap Milk 370ml,2,Dairy,32.00,42.00
2024-10-21,Ligo Sardines 155g,2,Canned Goods,18.00,25.00
2024-10-21,Sunsilk Shampoo Sachet,0,Body Care,5.00,8.00
2024-10-21,Biogesic 500mg Tablet,0,Medicine,4.00,7.00
2024-10-21,AA Batteries (pair),0,Household,35.00,55.00
2024-10-21,Sewing Needle Pack,0,Household,12.00,25.00
2024-10-22,Cooking Oil 1L,22,Pantry,60.00,75.00
2024-10-22,Bear Brand Powdered Milk 320g,18,Dairy,70.00,90.00
2024-10-22,Alaska Evap Milk 370ml,6,Dairy,32.00,42.00
2024-10-22,Ligo Sardines 155g,3,Canned Goods,18.00,25.00
2024-10-22,Sunsilk Shampoo Sachet,1,Body Care,5.00,8.00
2024-10-22,Biogesic 500mg Tablet,0,Medicine,4.00,7.00
2024-10-22,AA Batteries (pair),0,Household,35.00,55.00
2024-10-22,Sewing Needle Pack,0,Household,12.00,25.00
2024-10-23,Cooking Oil 1L,17,Pantry,60.00,75.00
2024-10-23,Bear Brand Powdered Milk 320g,13,Dairy,70.00,90.00
2024-10-23,Alaska Evap Milk 370ml,2,Dairy,32.00,42.00
2024-10-23,Ligo Sardines 155g,3,Canned Goods,18.00,25.00
2024-10-23,Sunsilk Shampoo Sachet,0,Body Care,5.00,8.00
2024-10-23,Biogesic 500mg Tablet,1,Medicine,4.00,7.00
2024-10-23,AA Batteries (pair),1,Household,35.00,55.00
2024-10-23,Sewing Needle Pack,0,Household,12.00,25.00
2024-10-24,Cooking Oil 1L,23,Pantry,60.00,75.00
2024-10-24,Bear Brand Powdered Milk 320g,16,Dairy,70.00,90.00
2024-10-24,Alaska Evap Milk 370ml,4,Dairy,32.00,42.00
2024-10-24,Ligo Sardines 155g,1,Canned Goods,18.00,25.00
2024-10-24,Sunsilk Shampoo Sachet,1,Body Care,5.00,8.00
2024-10-24,Biogesic 500mg Tablet,0,Medicine,4.00,7.00
2024-10-24,AA Batteries (pair),0,Household,35.00,55.00
2024-10-24,Sewing Needle Pack,0,Household,12.00,25.00
2024-10-25,Cooking Oil 1L,52,Pantry,60.00,75.00
2024-10-25,Bear Brand Powdered Milk 320g,4,Dairy,70.00,90.00
2024-10-25,Alaska Evap Milk 370ml,5,Dairy,32.00,42.00
2024-10-25,Ligo Sardines 155g,2,Canned Goods,18.00,25.00
2024-10-25,Sunsilk Shampoo Sachet,2,Body Care,5.00,8.00
2024-10-25,Biogesic 500mg Tablet,1,Medicine,4.00,7.00
2024-10-25,AA Batteries (pair),1,Household,35.00,55.00
2024-10-25,Sewing Needle Pack,0,Household,12.00,25.00
2024-10-26,Cooking Oil 1L,24,Pantry,60.00,75.00
2024-10-26,Bear Brand Powdered Milk 320g,23,Dairy,70.00,90.00
2024-10-26,Alaska Evap Milk 370ml,4,Dairy,32.00,42.00
2024-10-26,Ligo Sardines 155g,4,Canned Goods,18.00,25.00
2024-10-26,Sunsilk Shampoo Sachet,1,Body Care,5.00,8.00
2024-10-26,Biogesic 500mg Tablet,1,Medicine,4.00,7.00
2024-10-26,AA Batteries (pair),0,Household,35.00,55.00
2024-10-26,Sewing Needle Pack,0,Household,12.00,25.00
2024-10-27,Cooking Oil 1L,47,Pantry,60.00,75.00
2024-10-27,Bear Brand Powdered Milk 320g,15,Dairy,70.00,90.00
2024-10-27,Alaska Evap Milk 370ml,1,Dairy,32.00,42.00
2024-10-27,Ligo Sardines 155g,0,Canned Goods,18.00,25.00
2024-10-27,Sunsilk Shampoo Sachet,1,Body Care,5.00,8.00
2024-10-27,Biogesic 500mg Tablet,1,Medicine,4.00,7.00
2024-10-27,AA Batteries (pair),0,Household,35.00,55.00
2024-10-27,Sewing Needle Pack,1,Household,12.00,25.00
2024-10-28,Cooking Oil 1L,23,Pantry,60.00,75.00
2024-10-28,Bear Brand Powdered Milk 320g,18,Dairy,70.00,90.00
2024-10-28,Alaska Evap Milk 370ml,4,Dairy,32.00,42.00
2024-10-28,Ligo Sardines 155g,2,Canned Goods,18.00,25.00
2024-10-28,Sunsilk Shampoo Sachet,1,Body Care,5.00,8.00
2024-10-28,Biogesic 500mg Tablet,0,Medicine,4.00,7.00
2024-10-28,AA Batteries (pair),0,Household,35.00,55.00
2024-10-28,Sewing Needle Pack,0,Household,12.00,25.00
2024-10-29,Cooking Oil 1L,34,Pantry,60.00,75.00
2024-10-29,Bear Brand Powdered Milk 320g,13,Dairy,70.00,90.00
2024-10-29,Alaska Evap Milk 370ml,10,Dairy,32.00,42.00
2024-10-29,Ligo Sardines 155g,0,Canned Goods,18.00,25.00
2024-10-29,Sunsilk Shampoo Sachet,1,Body Care,5.00,8.00
2024-10-29,Biogesic 500mg Tablet,0,Medicine,4.00,7.00
2024-10-29,AA Batteries (pair),1,Household,35.00,55.00
2024-10-29,Sewing Needle Pack,0,Household,12.00,25.00
2024-10-30,Cooking Oil 1L,48,Pantry,60.00,75.00
2024-10-30,Bear Brand Powdered Milk 320g,23,Dairy,70.00,90.00
2024-10-30,Alaska Evap Milk 370ml,4,Dairy,32.00,42.00
2024-10-30,Ligo Sardines 155g,1,Canned Goods,18.00,25.00
2024-10-30,Sunsilk Shampoo Sachet,2,Body Care,5.00,8.00
2024-10-30,Biogesic 500mg Tablet,1,Medicine,4.00,7.00
2024-10-30,AA Batteries (pair),0,Household,35.00,55.00
2024-10-30,Sewing Needle Pack,0,Household,12.00,25.00
2024-10-31,Cooking Oil 1L,46,Pantry,60.00,75.00
2024-10-31,Bear Brand Powdered Milk 320g,18,Dairy,70.00,90.00
2024-10-31,Alaska Evap Milk 370ml,8,Dairy,32.00,42.00
2024-10-31,Ligo Sardines 155g,4,Canned Goods,18.00,25.00
2024-10-31,Sunsilk Shampoo Sachet,1,Body Care,5.00,8.00
2024-10-31,Biogesic 500mg Tablet,2,Medicine,4.00,7.00
2024-10-31,AA Batteries (pair),0,Household,35.00,55.00
2024-10-31,Sewing Needle Pack,0,Household,12.00,25.00
2024-11-01,Cooking Oil 1L,44,Pantry,60.00,75.00
2024-11-01,Bear Brand Powdered Milk 320g,10,Dairy,70.00,90.00
2024-11-01,Alaska Evap Milk 370ml,10,Dairy,32.00,42.00
2024-11-01,Ligo Sardines 155g,4,Canned Goods,18.00,25.00
2024-11-01,Sunsilk Shampoo Sachet,1,Body Care,5.00,8.00
2024-11-01,Biogesic 500mg Tablet,2,Medicine,4.00,7.00
2024-11-01,AA Batteries (pair),0,Household,35.00,55.00
2024-11-01,Sewing Needle Pack,0,Household,12.00,25.00
2024-11-02,Cooking Oil 1L,46,Pantry,60.00,75.00
2024-11-02,Bear Brand Powdered Milk 320g,13,Dairy,70.00,90.00
2024-11-02,Alaska Evap Milk 370ml,5,Dairy,32.00,42.00
2024-11-02,Ligo Sardines 155g,4,Canned Goods,18.00,25.00
2024-11-02,Sunsilk Shampoo Sachet,2,Body Care,5.00,8.00
2024-11-02,Biogesic 500mg Tablet,0,Medicine,4.00,7.00
2024-11-02,AA Batteries (pair),0,Household,35.00,55.00
2024-11-02,Sewing Needle Pack,0,Household,12.00,25.00
2024-11-03,Cooking Oil 1L,43,Pantry,60.00,75.00
2024-11-03,Bear Brand Powdered Milk 320g,21,Dairy,70.00,90.00
2024-11-03,Alaska Evap Milk 370ml,5,Dairy,32.00,42.00
2024-11-03,Ligo Sardines 155g,1,Canned Goods,18.00,25.00
2024-11-03,Sunsilk Shampoo Sachet,1,Body Care,5.00,8.00
2024-11-03,Biogesic 500mg Tablet,0,Medicine,4.00,7.00
2024-11-03,AA Batteries (pair),0,Household,35.00,55.00
2024-11-03,Sewing Needle Pack,0,Household,12.00,25.00
2024-11-04,Cooking Oil 1L,23,Pantry,60.00,75.00
2024-11-04,Bear Brand Powdered Milk 320g,15,Dairy,70.00,90.00
2024-11-04,Alaska Evap Milk 370ml,4,Dairy,32.00,42.00
2024-11-04,Ligo Sardines 155g,1,Canned Goods,18.00,25.00
2024-11-04,Sunsilk Shampoo Sachet,1,Body Care,5.00,8.00
2024-11-04,Biogesic 500mg Tablet,0,Medicine,4.00,7.00
2024-11-04,AA Batteries (pair),0,Household,35.00,55.00
2024-11-04,Sewing Needle Pack,0,Household,12.00,25.00
2024-11-05,Cooking Oil 1L,31,Pantry,60.00,75.00
2024-11-05,Bear Brand Powdered Milk 320g,15,Dairy,70.00,90.00
2024-11-05,Alaska Evap Milk 370ml,3,Dairy,32.00,42.00
2024-11-05,Ligo Sardines 155g,1,Canned Goods,18.00,25.00
2024-11-05,Sunsilk Shampoo Sachet,0,Body Care,5.00,8.00
2024-11-05,Biogesic 500mg Tablet,1,Medicine,4.00,7.00
2024-11-05,AA Batteries (pair),0,Household,35.00,55.00
2024-11-05,Sewing Needle Pack,0,Household,12.00,25.00
2024-11-06,Cooking Oil 1L,40,Pantry,60.00,75.00
2024-11-06,Bear Brand Powdered Milk 320g,10,Dairy,70.00,90.00
2024-11-06,Alaska Evap Milk 370ml,2,Dairy,32.00,42.00
2024-11-06,Ligo Sardines 155g,4,Canned Goods,18.00,25.00
2024-11-06,Sunsilk Shampoo Sachet,0,Body Care,5.00,8.00
2024-11-06,Biogesic 500mg Tablet,0,Medicine,4.00,7.00
2024-11-06,AA Batteries (pair),1,Household,35.00,55.00
2024-11-06,Sewing Needle Pack,0,Household,12.00,25.00
2024-11-07,Cooking Oil 1L,21,Pantry,60.00,75.00
2024-11-07,Bear Brand Powdered Milk 320g,21,Dairy,70.00,90.00
2024-11-07,Alaska Evap Milk 370ml,7,Dairy,32.00,42.00
2024-11-07,Ligo Sardines 155g,2,Canned Goods,18.00,25.00
2024-11-07,Sunsilk Shampoo Sachet,0,Body Care,5.00,8.00
2024-11-07,Biogesic 500mg Tablet,0,Medicine,4.00,7.00
2024-11-07,AA Batteries (pair),0,Household,35.00,55.00
2024-11-07,Sewing Needle Pack,0,Household,12.00,25.00
2024-11-08,Cooking Oil 1L,38,Pantry,60.00,75.00
2024-11-08,Bear Brand Powdered Milk 320g,15,Dairy,70.00,90.00
2024-11-08,Alaska Evap Milk 370ml,3,Dairy,32.00,42.00
2024-11-08,Ligo Sardines 155g,4,Canned Goods,18.00,25.00
2024-11-08,Sunsilk Shampoo Sachet,1,Body Care,5.00,8.00
2024-11-08,Biogesic 500mg Tablet,1,Medicine,4.00,7.00
2024-11-08,AA Batteries (pair),1,Household,35.00,55.00
2024-11-08,Sewing Needle Pack,0,Household,12.00,25.00
2024-11-09,Cooking Oil 1L,45,Pantry,60.00,75.00
2024-11-09,Bear Brand Powdered Milk 320g,13,Dairy,70.00,90.00
2024-11-09,Alaska Evap Milk 370ml,15,Dairy,32.00,42.00
2024-11-09,Ligo Sardines 155g,1,Canned Goods,18.00,25.00
2024-11-09,Sunsilk Shampoo Sachet,3,Body Care,5.00,8.00
2024-11-09,Biogesic 500mg Tablet,0,Medicine,4.00,7.00
2024-11-09,AA Batteries (pair),0,Household,35.00,55.00
2024-11-09,Sewing Needle Pack,0,Household,12.00,25.00
2024-11-10,Cooking Oil 1L,34,Pantry,60.00,75.00
2024-11-10,Bear Brand Powdered Milk 320g,9,Dairy,70.00,90.00
2024-11-10,Alaska Evap Milk 370ml,5,Dairy,32.00,42.00
2024-11-10,Ligo Sardines 155g,1,Canned Goods,18.00,25.00
2024-11-10,Sunsilk Shampoo Sachet,1,Body Care,5.00,8.00
2024-11-10,Biogesic 500mg Tablet,1,Medicine,4.00,7.00
2024-11-10,AA Batteries (pair),0,Household,35.00,55.00
2024-11-10,Sewing Needle Pack,0,Household,12.00,25.00
2024-11-11,Cooking Oil 1L,29,Pantry,60.00,75.00
2024-11-11,Bear Brand Powdered Milk 320g,16,Dairy,70.00,90.00
2024-11-11,Alaska Evap Milk 370ml,1,Dairy,32.00,42.00
2024-11-11,Ligo Sardines 155g,3,Canned Goods,18.00,25.00
2024-11-11,Sunsilk Shampoo Sachet,1,Body Care,5.00,8.00
2024-11-11,Biogesic 500mg Tablet,0,Medicine,4.00,7.00
2024-11-11,AA Batteries (pair),0,Household,35.00,55.00
2024-11-11,Sewing Needle Pack,0,Household,12.00,25.00
2024-11-12,Cooking Oil 1L,31,Pantry,60.00,75.00
2024-11-12,Bear Brand Powdered Milk 320g,12,Dairy,70.00,90.00
2024-11-12,Alaska Evap Milk 370ml,5,Dairy,32.00,42.00
2024-11-12,Ligo Sardines 155g,2,Canned Goods,18.00,25.00
2024-11-12,Sunsilk Shampoo Sachet,2,Body Care,5.00,8.00
2024-11-12,Biogesic 500mg Tablet,1,Medicine,4.00,7.00
2024-11-12,AA Batteries (pair),0,Household,35.00,55.00
2024-11-12,Sewing Needle Pack,0,Household,12.00,25.00
2024-11-13,Cooking Oil 1L,37,Pantry,60.00,75.00
2024-11-13,Bear Brand Powdered Milk 320g,16,Dairy,70.00,90.00
2024-11-13,Alaska Evap Milk 370ml,1,Dairy,32.00,42.00
2024-11-13,Ligo Sardines 155g,0,Canned Goods,18.00,25.00
2024-11-13,Sunsilk Shampoo Sachet,3,Body Care,5.00,8.00
2024-11-13,Biogesic 500mg Tablet,2,Medicine,4.00,7.00
2024-11-13,AA Batteries (pair),0,Household,35.00,55.00
2024-11-13,Sewing Needle Pack,0,Household,12.00,25.00
2024-11-14,Cooking Oil 1L,32,Pantry,60.00,75.00
2024-11-14,Bear Brand Powdered Milk 320g,7,Dairy,70.00,90.00
2024-11-14,Alaska Evap Milk 370ml,1,Dairy,32.00,42.00
2024-11-14,Ligo Sardines 155g,0,Canned Goods,18.00,25.00
2024-11-14,Sunsilk Shampoo Sachet,0,Body Care,5.00,8.00
2024-11-14,Biogesic 500mg Tablet,0,Medicine,4.00,7.00
2024-11-14,AA Batteries (pair),0,Household,35.00,55.00
2024-11-14,Sewing Needle Pack,0,Household,12.00,25.00
2024-11-15,Cooking Oil 1L,32,Pantry,60.00,75.00
2024-11-15,Bear Brand Powdered Milk 320g,7,Dairy,70.00,90.00
2024-11-15,Alaska Evap Milk 370ml,7,Dairy,32.00,42.00
2024-11-15,Ligo Sardines 155g,3,Canned Goods,18.00,25.00
2024-11-15,Sunsilk Shampoo Sachet,0,Body Care,5.00,8.00
2024-11-15,Biogesic 500mg Tablet,2,Medicine,4.00,7.00
2024-11-15,AA Batteries (pair),0,Household,35.00,55.00
2024-11-15,Sewing Needle Pack,0,Household,12.00,25.00
2024-11-16,Cooking Oil 1L,44,Pantry,60.00,75.00
2024-11-16,Bear Brand Powdered Milk 320g,23,Dairy,70.00,90.00
2024-11-16,Alaska Evap Milk 370ml,8,Dairy,32.00,42.00
2024-11-16,Ligo Sardines 155g,1,Canned Goods,18.00,25.00
2024-11-16,Sunsilk Shampoo Sachet,1,Body Care,5.00,8.00
2024-11-16,Biogesic 500mg Tablet,0,Medicine,4.00,7.00
2024-11-16,AA Batteries (pair),0,Household,35.00,55.00
2024-11-16,Sewing Needle Pack,0,Household,12.00,25.00
2024-11-17,Cooking Oil 1L,33,Pantry,60.00,75.00
2024-11-17,Bear Brand Powdered Milk 320g,7,Dairy,70.00,90.00
2024-11-17,Alaska Evap Milk 370ml,3,Dairy,32.00,42.00
2024-11-17,Ligo Sardines 155g,5,Canned Goods,18.00,25.00
2024-11-17,Sunsilk Shampoo Sachet,0,Body Care,5.00,8.00
2024-11-17,Biogesic 500mg Tablet,0,Medicine,4.00,7.00
2024-11-17,AA Batteries (pair),1,Household,35.00,55.00
2024-11-17,Sewing Needle Pack,1,Household,12.00,25.00
2024-11-18,Cooking Oil 1L,34,Pantry,60.00,75.00
2024-11-18,Bear Brand Powdered Milk 320g,14,Dairy,70.00,90.00
2024-11-18,Alaska Evap Milk 370ml,1,Dairy,32.00,42.00
2024-11-18,Ligo Sardines 155g,0,Canned Goods,18.00,25.00
2024-11-18,Sunsilk Shampoo Sachet,2,Body Care,5.00,8.00
2024-11-18,Biogesic 500mg Tablet,0,Medicine,4.00,7.00
2024-11-18,AA Batteries (pair),0,Household,35.00,55.00
2024-11-18,Sewing Needle Pack,0,Household,12.00,25.00
2024-11-19,Cooking Oil 1L,27,Pantry,60.00,75.00
2024-11-19,Bear Brand Powdered Milk 320g,8,Dairy,70.00,90.00
2024-11-19,Alaska Evap Milk 370ml,2,Dairy,32.00,42.00
2024-11-19,Ligo Sardines 155g,1,Canned Goods,18.00,25.00
2024-11-19,Sunsilk Shampoo Sachet,0,Body Care,5.00,8.00
2024-11-19,Biogesic 500mg Tablet,1,Medicine,4.00,7.00
2024-11-19,AA Batteries (pair),0,Household,35.00,55.00
2024-11-19,Sewing Needle Pack,0,Household,12.00,25.00
2024-11-20,Cooking Oil 1L,31,Pantry,60.00,75.00
2024-11-20,Bear Brand Powdered Milk 320g,8,Dairy,70.00,90.00
2024-11-20,Alaska Evap Milk 370ml,2,Dairy,32.00,42.00
2024-11-20,Ligo Sardines 155g,3,Canned Goods,18.00,25.00
2024-11-20,Sunsilk Shampoo Sachet,0,Body Care,5.00,8.00
2024-11-20,Biogesic 500mg Tablet,0,Medicine,4.00,7.00
2024-11-20,AA Batteries (pair),0,Household,35.00,55.00
2024-11-20,Sewing Needle Pack,0,Household,12.00,25.00
2024-11-21,Cooking Oil 1L,23,Pantry,60.00,75.00
2024-11-21,Bear Brand Powdered Milk 320g,16,Dairy,70.00,90.00
2024-11-21,Alaska Evap Milk 370ml,3,Dairy,32.00,42.00
2024-11-21,Ligo Sardines 155g,2,Canned Goods,18.00,25.00
2024-11-21,Sunsilk Shampoo Sachet,0,Body Care,5.00,8.00
2024-11-21,Biogesic 500mg Tablet,1,Medicine,4.00,7.00
2024-11-21,AA Batteries (pair),0,Household,35.00,55.00
2024-11-21,Sewing Needle Pack,0,Household,12.00,25.00
2024-11-22,Cooking Oil 1L,27,Pantry,60.00,75.00
2024-11-22,Bear Brand Powdered Milk 320g,16,Dairy,70.00,90.00
2024-11-22,Alaska Evap Milk 370ml,6,Dairy,32.00,42.00
2024-11-22,Ligo Sardines 155g,2,Canned Goods,18.00,25.00
2024-11-22,Sunsilk Shampoo Sachet,0,Body Care,5.00,8.00
2024-11-22,Biogesic 500mg Tablet,2,Medicine,4.00,7.00
2024-11-22,AA Batteries (pair),1,Household,35.00,55.00
2024-11-22,Sewing Needle Pack,0,Household,12.00,25.00
2024-11-23,Cooking Oil 1L,42,Pantry,60.00,75.00
2024-11-23,Bear Brand Powdered Milk 320g,13,Dairy,70.00,90.00
2024-11-23,Alaska Evap Milk 370ml,8,Dairy,32.00,42.00
2024-11-23,Ligo Sardines 155g,3,Canned Goods,18.00,25.00
2024-11-23,Sunsilk Shampoo Sachet,2,Body Care,5.00,8.00
2024-11-23,Biogesic 500mg Tablet,1,Medicine,4.00,7.00
2024-11-23,AA Batteries (pair),0,Household,35.00,55.00
2024-11-23,Sewing Needle Pack,0,Household,12.00,25.00
2024-11-24,Cooking Oil 1L,32,Pantry,60.00,75.00
2024-11-24,Bear Brand Powdered Milk 320g,20,Dairy,70.00,90.00
2024-11-24,Alaska Evap Milk 370ml,3,Dairy,32.00,42.00
2024-11-24,Ligo Sardines 155g,2,Canned Goods,18.00,25.00
2024-11-24,Sunsilk Shampoo Sachet,0,Body Care,5.00,8.00
2024-11-24,Biogesic 500mg Tablet,0,Medicine,4.00,7.00
2024-11-24,AA Batteries (pair),0,Household,35.00,55.00
2024-11-24,Sewing Needle Pack,0,Household,12.00,25.00
2024-11-25,Cooking Oil 1L,29,Pantry,60.00,75.00
2024-11-25,Bear Brand Powdered Milk 320g,12,Dairy,70.00,90.00
2024-11-25,Alaska Evap Milk 370ml,4,Dairy,32.00,42.00
2024-11-25,Ligo Sardines 155g,1,Canned Goods,18.00,25.00
2024-11-25,Sunsilk Shampoo Sachet,0,Body Care,5.00,8.00
2024-11-25,Biogesic 500mg Tablet,3,Medicine,4.00,7.00
2024-11-25,AA Batteries (pair),0,Household,35.00,55.00
2024-11-25,Sewing Needle Pack,0,Household,12.00,25.00
2024-11-26,Cooking Oil 1L,27,Pantry,60.00,75.00
2024-11-26,Bear Brand Powdered Milk 320g,11,Dairy,70.00,90.00
2024-11-26,Alaska Evap Milk 370ml,4,Dairy,32.00,42.00
2024-11-26,Ligo Sardines 155g,0,Canned Goods,18.00,25.00
2024-11-26,Sunsilk Shampoo Sachet,0,Body Care,5.00,8.00
2024-11-26,Biogesic 500mg Tablet,0,Medicine,4.00,7.00
2024-11-26,AA Batteries (pair),0,Household,35.00,55.00
2024-11-26,Sewing Needle Pack,0,Household,12.00,25.00
2024-11-27,Cooking Oil 1L,23,Pantry,60.00,75.00
2024-11-27,Bear Brand Powdered Milk 320g,9,Dairy,70.00,90.00
2024-11-27,Alaska Evap Milk 370ml,4,Dairy,32.00,42.00
2024-11-27,Ligo Sardines 155g,0,Canned Goods,18.00,25.00
2024-11-27,Sunsilk Shampoo Sachet,2,Body Care,5.00,8.00
2024-11-27,Biogesic 500mg Tablet,0,Medicine,4.00,7.00
2024-11-27,AA Batteries (pair),0,Household,35.00,55.00
2024-11-27,Sewing Needle Pack,0,Household,12.00,25.00
2024-11-28,Cooking Oil 1L,52,Pantry,60.00,75.00
2024-11-28,Bear Brand Powdered Milk 320g,19,Dairy,70.00,90.00
2024-11-28,Alaska Evap Milk 370ml,6,Dairy,32.00,42.00
2024-11-28,Ligo Sardines 155g,3,Canned Goods,18.00,25.00
2024-11-28,Sunsilk Shampoo Sachet,3,Body Care,5.00,8.00
2024-11-28,Biogesic 500mg Tablet,1,Medicine,4.00,7.00
2024-11-28,AA Batteries (pair),0,Household,35.00,55.00
2024-11-28,Sewing Needle Pack,0,Household,12.00,25.00
2024-11-29,Cooking Oil 1L,68,Pantry,60.00,75.00
2024-11-29,Bear Brand Powdered Milk 320g,24,Dairy,70.00,90.00
2024-11-29,Alaska Evap Milk 370ml,3,Dairy,32.00,42.00
2024-11-29,Ligo Sardines 155g,1,Canned Goods,18.00,25.00
2024-11-29,Sunsilk Shampoo Sachet,4,Body Care,5.00,8.00
2024-11-29,Biogesic 500mg Tablet,2,Medicine,4.00,7.00
2024-11-29,AA Batteries (pair),0,Household,35.00,55.00
2024-11-29,Sewing Needle Pack,0,Household,12.00,25.00
2024-11-30,Cooking Oil 1L,80,Pantry,60.00,75.00
2024-11-30,Bear Brand Powdered Milk 320g,25,Dairy,70.00,90.00
2024-11-30,Alaska Evap Milk 370ml,8,Dairy,32.00,42.00
2024-11-30,Ligo Sardines 155g,3,Canned Goods,18.00,25.00
2024-11-30,Sunsilk Shampoo Sachet,0,Body Care,5.00,8.00
2024-11-30,Biogesic 500mg Tablet,0,Medicine,4.00,7.00
2024-11-30,AA Batteries (pair),0,Household,35.00,55.00
2024-11-30,Sewing Needle Pack,0,Household,12.00,25.00
2024-12-01,Cooking Oil 1L,41,Pantry,60.00,75.00
2024-12-01,Bear Brand Powdered Milk 320g,8,Dairy,70.00,90.00
2024-12-01,Alaska Evap Milk 370ml,5,Dairy,32.00,42.00
2024-12-01,Ligo Sardines 155g,0,Canned Goods,18.00,25.00
2024-12-01,Sunsilk Shampoo Sachet,0,Body Care,5.00,8.00
2024-12-01,Biogesic 500mg Tablet,0,Medicine,4.00,7.00
2024-12-01,AA Batteries (pair),0,Household,35.00,55.00
2024-12-01,Sewing Needle Pack,0,Household,12.00,25.00
2024-12-02,Cooking Oil 1L,36,Pantry,60.00,75.00
2024-12-02,Bear Brand Powdered Milk 320g,10,Dairy,70.00,90.00
2024-12-02,Alaska Evap Milk 370ml,4,Dairy,32.00,42.00
2024-12-02,Ligo Sardines 155g,1,Canned Goods,18.00,25.00
2024-12-02,Sunsilk Shampoo Sachet,0,Body Care,5.00,8.00
2024-12-02,Biogesic 500mg Tablet,0,Medicine,4.00,7.00
2024-12-02,AA Batteries (pair),1,Household,35.00,55.00
2024-12-02,Sewing Needle Pack,0,Household,12.00,25.00
2024-12-03,Cooking Oil 1L,31,Pantry,60.00,75.00
2024-12-03,Bear Brand Powdered Milk 320g,6,Dairy,70.00,90.00
2024-12-03,Alaska Evap Milk 370ml,5,Dairy,32.00,42.00
2024-12-03,Ligo Sardines 155g,4,Canned Goods,18.00,25.00
2024-12-03,Sunsilk Shampoo Sachet,2,Body Care,5.00,8.00
2024-12-03,Biogesic 500mg Tablet,1,Medicine,4.00,7.00
2024-12-03,AA Batteries (pair),0,Household,35.00,55.00
2024-12-03,Sewing Needle Pack,0,Household,12.00,25.00
2024-12-04,Cooking Oil 1L,22,Pantry,60.00,75.00
2024-12-04,Bear Brand Powdered Milk 320g,14,Dairy,70.00,90.00
2024-12-04,Alaska Evap Milk 370ml,3,Dairy,32.00,42.00
2024-12-04,Ligo Sardines 155g,2,Canned Goods,18.00,25.00
2024-12-04,Sunsilk Shampoo Sachet,2,Body Care,5.00,8.00
2024-12-04,Biogesic 500mg Tablet,1,Medicine,4.00,7.00
2024-12-04,AA Batteries (pair),0,Household,35.00,55.00
2024-12-04,Sewing Needle Pack,0,Household,12.00,25.00
2024-12-05,Cooking Oil 1L,42,Pantry,60.00,75.00
2024-12-05,Bear Brand Powdered Milk 320g,22,Dairy,70.00,90.00
2024-12-05,Alaska Evap Milk 370ml,3,Dairy,32.00,42.00
2024-12-05,Ligo Sardines 155g,0,Canned Goods,18.00,25.00
2024-12-05,Sunsilk Shampoo Sachet,0,Body Care,5.00,8.00
2024-12-05,Biogesic 500mg Tablet,0,Medicine,4.00,7.00
2024-12-05,AA Batteries (pair),1,Household,35.00,55.00
2024-12-05,Sewing Needle Pack,0,Household,12.00,25.00
2024-12-06,Cooking Oil 1L,49,Pantry,60.00,75.00
2024-12-06,Bear Brand Powdered Milk 320g,14,Dairy,70.00,90.00
2024-12-06,Alaska Evap Milk 370ml,4,Dairy,32.00,42.00
2024-12-06,Ligo Sardines 155g,2,Canned Goods,18.00,25.00
2024-12-06,Sunsilk Shampoo Sachet,1,Body Care,5.00,8.00
2024-12-06,Biogesic 500mg Tablet,2,Medicine,4.00,7.00
2024-12-06,AA Batteries (pair),0,Household,35.00,55.00
2024-12-06,Sewing Needle Pack,0,Household,12.00,25.00
2024-12-07,Cooking Oil 1L,45,Pantry,60.00,75.00
2024-12-07,Bear Brand Powdered Milk 320g,12,Dairy,70.00,90.00
2024-12-07,Alaska Evap Milk 370ml,7,Dairy,32.00,42.00
2024-12-07,Ligo Sardines 155g,3,Canned Goods,18.00,25.00
2024-12-07,Sunsilk Shampoo Sachet,1,Body Care,5.00,8.00
2024-12-07,Biogesic 500mg Tablet,2,Medicine,4.00,7.00
2024-12-07,AA Batteries (pair),0,Household,35.00,55.00
2024-12-07,Sewing Needle Pack,0,Household,12.00,25.00
2024-12-08,Cooking Oil 1L,26,Pantry,60.00,75.00
2024-12-08,Bear Brand Powdered Milk 320g,22,Dairy,70.00,90.00
2024-12-08,Alaska Evap Milk 370ml,7,Dairy,32.00,42.00
2024-12-08,Ligo Sardines 155g,1,Canned Goods,18.00,25.00
2024-12-08,Sunsilk Shampoo Sachet,0,Body Care,5.00,8.00
2024-12-08,Biogesic 500mg Tablet,1,Medicine,4.00,7.00
2024-12-08,AA Batteries (pair),0,Household,35.00,55.00
2024-12-08,Sewing Needle Pack,0,Household,12.00,25.00
2024-12-09,Cooking Oil 1L,37,Pantry,60.00,75.00
2024-12-09,Bear Brand Powdered Milk 320g,14,Dairy,70.00,90.00
2024-12-09,Alaska Evap Milk 370ml,7,Dairy,32.00,42.00
2024-12-09,Ligo Sardines 155g,1,Canned Goods,18.00,25.00
2024-12-09,Sunsilk Shampoo Sachet,3,Body Care,5.00,8.00
2024-12-09,Biogesic 500mg Tablet,0,Medicine,4.00,7.00
2024-12-09,AA Batteries (pair),0,Household,35.00,55.00
2024-12-09,Sewing Needle Pack,0,Household,12.00,25.00
2024-12-10,Cooking Oil 1L,46,Pantry,60.00,75.00
2024-12-10,Bear Brand Powdered Milk 320g,8,Dairy,70.00,90.00
2024-12-10,Alaska Evap Milk 370ml,0,Dairy,32.00,42.00
2024-12-10,Ligo Sardines 155g,1,Canned Goods,18.00,25.00
2024-12-10,Sunsilk Shampoo Sachet,0,Body Care,5.00,8.00
2024-12-10,Biogesic 500mg Tablet,0,Medicine,4.00,7.00
2024-12-10,AA Batteries (pair),1,Household,35.00,55.00
2024-12-10,Sewing Needle Pack,1,Household,12.00,25.00
2024-12-11,Cooking Oil 1L,25,Pantry,60.00,75.00
2024-12-11,Bear Brand Powdered Milk 320g,8,Dairy,70.00,90.00
2024-12-11,Alaska Evap Milk 370ml,1,Dairy,32.00,42.00
2024-12-11,Ligo Sardines 155g,2,Canned Goods,18.00,25.00
2024-12-11,Sunsilk Shampoo Sachet,4,Body Care,5.00,8.00
2024-12-11,Biogesic 500mg Tablet,0,Medicine,4.00,7.00
2024-12-11,AA Batteries (pair),0,Household,35.00,55.00
2024-12-11,Sewing Needle Pack,0,Household,12.00,25.00
2024-12-12,Cooking Oil 1L,25,Pantry,60.00,75.00
2024-12-12,Bear Brand Powdered Milk 320g,15,Dairy,70.00,90.00
2024-12-12,Alaska Evap Milk 370ml,2,Dairy,32.00,42.00
2024-12-12,Ligo Sardines 155g,2,Canned Goods,18.00,25.00
2024-12-12,Sunsilk Shampoo Sachet,0,Body Care,5.00,8.00
2024-12-12,Biogesic 500mg Tablet,1,Medicine,4.00,7.00
2024-12-12,AA Batteries (pair),0,Household,35.00,55.00
2024-12-12,Sewing Needle Pack,0,Household,12.00,25.00
2024-12-13,Cooking Oil 1L,38,Pantry,60.00,75.00
2024-12-13,Bear Brand Powdered Milk 320g,12,Dairy,70.00,90.00
2024-12-13,Alaska Evap Milk 370ml,5,Dairy,32.00,42.00
2024-12-13,Ligo Sardines 155g,2,Canned Goods,18.00,25.00
2024-12-13,Sunsilk Shampoo Sachet,1,Body Care,5.00,8.00
2024-12-13,Biogesic 500mg Tablet,0,Medicine,4.00,7.00
2024-12-13,AA Batteries (pair),0,Household,35.00,55.00
2024-12-13,Sewing Needle Pack,0,Household,12.00,25.00
2024-12-14,Cooking Oil 1L,53,Pantry,60.00,75.00
2024-12-14,Bear Brand Powdered Milk 320g,20,Dairy,70.00,90.00
2024-12-14,Alaska Evap Milk 370ml,4,Dairy,32.00,42.00
2024-12-14,Ligo Sardines 155g,1,Canned Goods,18.00,25.00
2024-12-14,Sunsilk Shampoo Sachet,1,Body Care,5.00,8.00
2024-12-14,Biogesic 500mg Tablet,1,Medicine,4.00,7.00
2024-12-14,AA Batteries (pair),1,Household,35.00,55.00
2024-12-14,Sewing Needle Pack,0,Household,12.00,25.00
2024-12-15,Cooking Oil 1L,71,Pantry,60.00,75.00
2024-12-15,Bear Brand Powdered Milk 320g,11,Dairy,70.00,90.00
2024-12-15,Alaska Evap Milk 370ml,2,Dairy,32.00,42.00
2024-12-15,Ligo Sardines 155g,4,Canned Goods,18.00,25.00
2024-12-15,Sunsilk Shampoo Sachet,0,Body Care,5.00,8.00
2024-12-15,Biogesic 500mg Tablet,2,Medicine,4.00,7.00
2024-12-15,AA Batteries (pair),0,Household,35.00,55.00
2024-12-15,Sewing Needle Pack,0,Household,12.00,25.00
2024-12-16,Cooking Oil 1L,33,Pantry,60.00,75.00
2024-12-16,Bear Brand Powdered Milk 320g,7,Dairy,70.00,90.00
2024-12-16,Alaska Evap Milk 370ml,4,Dairy,32.00,42.00
2024-12-16,Ligo Sardines 155g,0,Canned Goods,18.00,25.00
2024-12-16,Sunsilk Shampoo Sachet,2,Body Care,5.00,8.00
2024-12-16,Biogesic 500mg Tablet,0,Medicine,4.00,7.00
2024-12-16,AA Batteries (pair),0,Household,35.00,55.00
2024-12-16,Sewing Needle Pack,0,Household,12.00,25.00
2024-12-17,Cooking Oil 1L,35,Pantry,60.00,75.00
2024-12-17,Bear Brand Powdered Milk 320g,24,Dairy,70.00,90.00
2024-12-17,Alaska Evap Milk 370ml,3,Dairy,32.00,42.00
2024-12-17,Ligo Sardines 155g,1,Canned Goods,18.00,25.00
2024-12-17,Sunsilk Shampoo Sachet,1,Body Care,5.00,8.00
2024-12-17,Biogesic 500mg Tablet,0,Medicine,4.00,7.00
2024-12-17,AA Batteries (pair),0,Household,35.00,55.00
2024-12-17,Sewing Needle Pack,0,Household,12.00,25.00
2024-12-18,Cooking Oil 1L,36,Pantry,60.00,75.00
2024-12-18,Bear Brand Powdered Milk 320g,15,Dairy,70.00,90.00
2024-12-18,Alaska Evap Milk 370ml,2,Dairy,32.00,42.00
2024-12-18,Ligo Sardines 155g,2,Canned Goods,18.00,25.00
2024-12-18,Sunsilk Shampoo Sachet,3,Body Care,5.00,8.00
2024-12-18,Biogesic 500mg Tablet,0,Medicine,4.00,7.00
2024-12-18,AA Batteries (pair),1,Household,35.00,55.00
2024-12-18,Sewing Needle Pack,0,Household,12.00,25.00
2024-12-19,Cooking Oil 1L,55,Pantry,60.00,75.00
2024-12-19,Bear Brand Powdered Milk 320g,17,Dairy,70.00,90.00
2024-12-19,Alaska Evap Milk 370ml,2,Dairy,32.00,42.00
2024-12-19,Ligo Sardines 155g,1,Canned Goods,18.00,25.00
2024-12-19,Sunsilk Shampoo Sachet,2,Body Care,5.00,8.00
2024-12-19,Biogesic 500mg Tablet,0,Medicine,4.00,7.00
2024-12-19,AA Batteries (pair),0,Household,35.00,55.00
2024-12-19,Sewing Needle Pack,0,Household,12.00,25.00
2024-12-20,Cooking Oil 1L,68,Pantry,60.00,75.00
2024-12-20,Bear Brand Powdered Milk 320g,24,Dairy,70.00,90.00
2024-12-20,Alaska Evap Milk 370ml,6,Dairy,32.00,42.00
2024-12-20,Ligo Sardines 155g,1,Canned Goods,18.00,25.00
2024-12-20,Sunsilk Shampoo Sachet,1,Body Care,5.00,8.00
2024-12-20,Biogesic 500mg Tablet,0,Medicine,4.00,7.00
2024-12-20,AA Batteries (pair),0,Household,35.00,55.00
2024-12-20,Sewing Needle Pack,0,Household,12.00,25.00
2024-12-21,Cooking Oil 1L,64,Pantry,60.00,75.00
2024-12-21,Bear Brand Powdered Milk 320g,23,Dairy,70.00,90.00
2024-12-21,Alaska Evap Milk 370ml,2,Dairy,32.00,42.00
2024-12-21,Ligo Sardines 155g,4,Canned Goods,18.00,25.00
2024-12-21,Sunsilk Shampoo Sachet,1,Body Care,5.00,8.00
2024-12-21,Biogesic 500mg Tablet,0,Medicine,4.00,7.00
2024-12-21,AA Batteries (pair),0,Household,35.00,55.00
2024-12-21,Sewing Needle Pack,0,Household,12.00,25.00
2024-12-22,Cooking Oil 1L,58,Pantry,60.00,75.00
2024-12-22,Bear Brand Powdered Milk 320g,27,Dairy,70.00,90.00
2024-12-22,Alaska Evap Milk 370ml,6,Dairy,32.00,42.00
2024-12-22,Ligo Sardines 155g,1,Canned Goods,18.00,25.00
2024-12-22,Sunsilk Shampoo Sachet,1,Body Care,5.00,8.00
2024-12-22,Biogesic 500mg Tablet,1,Medicine,4.00,7.00
2024-12-22,AA Batteries (pair),0,Household,35.00,55.00
2024-12-22,Sewing Needle Pack,1,Household,12.00,25.00
2024-12-23,Cooking Oil 1L,21,Pantry,60.00,75.00
2024-12-23,Bear Brand Powdered Milk 320g,26,Dairy,70.00,90.00
2024-12-23,Alaska Evap Milk 370ml,5,Dairy,32.00,42.00
2024-12-23,Ligo Sardines 155g,4,Canned Goods,18.00,25.00
2024-12-23,Sunsilk Shampoo Sachet,2,Body Care,5.00,8.00
2024-12-23,Biogesic 500mg Tablet,0,Medicine,4.00,7.00
2024-12-23,AA Batteries (pair),0,Household,35.00,55.00
2024-12-23,Sewing Needle Pack,0,Household,12.00,25.00
2024-12-24,Cooking Oil 1L,53,Pantry,60.00,75.00
2024-12-24,Bear Brand Powdered Milk 320g,22,Dairy,70.00,90.00
2024-12-24,Alaska Evap Milk 370ml,7,Dairy,32.00,42.00
2024-12-24,Ligo Sardines 155g,1,Canned Goods,18.00,25.00
2024-12-24,Sunsilk Shampoo Sachet,0,Body Care,5.00,8.00
2024-12-24,Biogesic 500mg Tablet,1,Medicine,4.00,7.00
2024-12-24,AA Batteries (pair),0,Household,35.00,55.00
2024-12-24,Sewing Needle Pack,0,Household,12.00,25.00
2024-12-25,Cooking Oil 1L,49,Pantry,60.00,75.00
2024-12-25,Bear Brand Powdered Milk 320g,25,Dairy,70.00,90.00
2024-12-25,Alaska Evap Milk 370ml,8,Dairy,32.00,42.00
2024-12-25,Ligo Sardines 155g,2,Canned Goods,18.00,25.00
2024-12-25,Sunsilk Shampoo Sachet,0,Body Care,5.00,8.00
2024-12-25,Biogesic 500mg Tablet,1,Medicine,4.00,7.00
2024-12-25,AA Batteries (pair),0,Household,35.00,55.00
2024-12-25,Sewing Needle Pack,0,Household,12.00,25.00
2024-12-26,Cooking Oil 1L,60,Pantry,60.00,75.00
2024-12-26,Bear Brand Powdered Milk 320g,31,Dairy,70.00,90.00
2024-12-26,Alaska Evap Milk 370ml,0,Dairy,32.00,42.00
2024-12-26,Ligo Sardines 155g,2,Canned Goods,18.00,25.00
2024-12-26,Sunsilk Shampoo Sachet,2,Body Care,5.00,8.00
2024-12-26,Biogesic 500mg Tablet,1,Medicine,4.00,7.00
2024-12-26,AA Batteries (pair),1,Household,35.00,55.00
2024-12-26,Sewing Needle Pack,0,Household,12.00,25.00
2024-12-27,Cooking Oil 1L,79,Pantry,60.00,75.00
2024-12-27,Bear Brand Powdered Milk 320g,16,Dairy,70.00,90.00
2024-12-27,Alaska Evap Milk 370ml,4,Dairy,32.00,42.00
2024-12-27,Ligo Sardines 155g,4,Canned Goods,18.00,25.00
2024-12-27,Sunsilk Shampoo Sachet,0,Body Care,5.00,8.00
2024-12-27,Biogesic 500mg Tablet,0,Medicine,4.00,7.00
2024-12-27,AA Batteries (pair),0,Household,35.00,55.00
2024-12-27,Sewing Needle Pack,0,Household,12.00,25.00
2024-12-28,Cooking Oil 1L,73,Pantry,60.00,75.00
2024-12-28,Bear Brand Powdered Milk 320g,16,Dairy,70.00,90.00
2024-12-28,Alaska Evap Milk 370ml,11,Dairy,32.00,42.00
2024-12-28,Ligo Sardines 155g,2,Canned Goods,18.00,25.00
2024-12-28,Sunsilk Shampoo Sachet,2,Body Care,5.00,8.00
2024-12-28,Biogesic 500mg Tablet,3,Medicine,4.00,7.00
2024-12-28,AA Batteries (pair),0,Household,35.00,55.00
2024-12-28,Sewing Needle Pack,0,Household,12.00,25.00
2024-12-29,Cooking Oil 1L,86,Pantry,60.00,75.00
2024-12-29,Bear Brand Powdered Milk 320g,18,Dairy,70.00,90.00
2024-12-29,Alaska Evap Milk 370ml,4,Dairy,32.00,42.00
2024-12-29,Ligo Sardines 155g,5,Canned Goods,18.00,25.00
2024-12-29,Sunsilk Shampoo Sachet,3,Body Care,5.00,8.00
2024-12-29,Biogesic 500mg Tablet,0,Medicine,4.00,7.00
2024-12-29,AA Batteries (pair),0,Household,35.00,55.00
2024-12-29,Sewing Needle Pack,0,Household,12.00,25.00
2024-12-30,Cooking Oil 1L,53,Pantry,60.00,75.00
2024-12-30,Bear Brand Powdered Milk 320g,28,Dairy,70.00,90.00
2024-12-30,Alaska Evap Milk 370ml,5,Dairy,32.00,42.00
2024-12-30,Ligo Sardines 155g,1,Canned Goods,18.00,25.00
2024-12-30,Sunsilk Shampoo Sachet,2,Body Care,5.00,8.00
2024-12-30,Biogesic 500mg Tablet,0,Medicine,4.00,7.00
2024-12-30,AA Batteries (pair),0,Household,35.00,55.00
2024-12-30,Sewing Needle Pack,0,Household,12.00,25.00
2024-12-31,Cooking Oil 1L,85,Pantry,60.00,75.00
2024-12-31,Bear Brand Powdered Milk 320g,23,Dairy,70.00,90.00
2024-12-31,Alaska Evap Milk 370ml,11,Dairy,32.00,42.00
2024-12-31,Ligo Sardines 155g,4,Canned Goods,18.00,25.00
2024-12-31,Sunsilk Shampoo Sachet,1,Body Care,5.00,8.00
2024-12-31,Biogesic 500mg Tablet,0,Medicine,4.00,7.00
2024-12-31,AA Batteries (pair),0,Household,35.00,55.00
2024-12-31,Sewing Needle Pack,1,Household,12.00,25.00
2025-01-01,Cooking Oil 1L,31,Pantry,60.00,75.00
2025-01-01,Bear Brand Powdered Milk 320g,16,Dairy,70.00,90.00
2025-01-01,Alaska Evap Milk 370ml,6,Dairy,32.00,42.00
2025-01-01,Ligo Sardines 155g,1,Canned Goods,18.00,25.00
2025-01-01,Sunsilk Shampoo Sachet,1,Body Care,5.00,8.00
2025-01-01,Biogesic 500mg Tablet,0,Medicine,4.00,7.00
2025-01-01,AA Batteries (pair),0,Household,35.00,55.00
2025-01-01,Sewing Needle Pack,0,Household,12.00,25.00
2025-01-02,Cooking Oil 1L,40,Pantry,60.00,75.00
2025-01-02,Bear Brand Powdered Milk 320g,17,Dairy,70.00,90.00
2025-01-02,Alaska Evap Milk 370ml,3,Dairy,32.00,42.00
2025-01-02,Ligo Sardines 155g,2,Canned Goods,18.00,25.00
2025-01-02,Sunsilk Shampoo Sachet,1,Body Care,5.00,8.00
2025-01-02,Biogesic 500mg Tablet,0,Medicine,4.00,7.00
2025-01-02,AA Batteries (pair),0,Household,35.00,55.00
2025-01-02,Sewing Needle Pack,0,Household,12.00,25.00
2025-01-03,Cooking Oil 1L,29,Pantry,60.00,75.00
2025-01-03,Bear Brand Powdered Milk 320g,13,Dairy,70.00,90.00
2025-01-03,Alaska Evap Milk 370ml,6,Dairy,32.00,42.00
2025-01-03,Ligo Sardines 155g,2,Canned Goods,18.00,25.00
2025-01-03,Sunsilk Shampoo Sachet,1,Body Care,5.00,8.00
2025-01-03,Biogesic 500mg Tablet,0,Medicine,4.00,7.00
2025-01-03,AA Batteries (pair),0,Household,35.00,55.00
2025-01-03,Sewing Needle Pack,0,Household,12.00,25.00
2025-01-04,Cooking Oil 1L,34,Pantry,60.00,75.00
2025-01-04,Bear Brand Powdered Milk 320g,13,Dairy,70.00,90.00
2025-01-04,Alaska Evap Milk 370ml,5,Dairy,32.00,42.00
2025-01-04,Ligo Sardines 155g,0,Canned Goods,18.00,25.00
2025-01-04,Sunsilk Shampoo Sachet,1,Body Care,5.00,8.00
2025-01-04,Biogesic 500mg Tablet,1,Medicine,4.00,7.00
2025-01-04,AA Batteries (pair),0,Household,35.00,55.00
2025-01-04,Sewing Needle Pack,0,Household,12.00,25.00
2025-01-05,Cooking Oil 1L,19,Pantry,60.00,75.00
2025-01-05,Bear Brand Powdered Milk 320g,22,Dairy,70.00,90.00
2025-01-05,Alaska Evap Milk 370ml,3,Dairy,32.00,42.00
2025-01-05,Ligo Sardines 155g,2,Canned Goods,18.00,25.00
2025-01-05,Sunsilk Shampoo Sachet,1,Body Care,5.00,8.00
2025-01-05,Biogesic 500mg Tablet,2,Medicine,4.00,7.00
2025-01-05,AA Batteries (pair),0,Household,35.00,55.00
2025-01-05,Sewing Needle Pack,0,Household,12.00,25.00
2025-01-06,Cooking Oil 1L,16,Pantry,60.00,75.00
2025-01-06,Bear Brand Powdered Milk 320g,11,Dairy,70.00,90.00
2025-01-06,Alaska Evap Milk 370ml,2,Dairy,32.00,42.00
2025-01-06,Ligo Sardines 155g,3,Canned Goods,18.00,25.00
2025-01-06,Sunsilk Shampoo Sachet,1,Body Care,5.00,8.00
2025-01-06,Biogesic 500mg Tablet,0,Medicine,4.00,7.00
2025-01-06,AA Batteries (pair),0,Household,35.00,55.00
2025-01-06,Sewing Needle Pack,0,Household,12.00,25.00
2025-01-07,Cooking Oil 1L,31,Pantry,60.00,75.00
2025-01-07,Bear Brand Powdered Milk 320g,20,Dairy,70.00,90.00
2025-01-07,Alaska Evap Milk 370ml,5,Dairy,32.00,42.00
2025-01-07,Ligo Sardines 155g,6,Canned Goods,18.00,25.00
2025-01-07,Sunsilk Shampoo Sachet,0,Body Care,5.00,8.00
2025-01-07,Biogesic 500mg Tablet,0,Medicine,4.00,7.00
2025-01-07,AA Batteries (pair),1,Household,35.00,55.00
2025-01-07,Sewing Needle Pack,0,Household,12.00,25.00
2025-01-08,Cooking Oil 1L,17,Pantry,60.00,75.00
2025-01-08,Bear Brand Powdered Milk 320g,9,Dairy,70.00,90.00
2025-01-08,Alaska Evap Milk 370ml,4,Dairy,32.00,42.00
2025-01-08,Ligo Sardines 155g,1,Canned Goods,18.00,25.00
2025-01-08,Sunsilk Shampoo Sachet,1,Body Care,5.00,8.00
2025-01-08,Biogesic 500mg Tablet,2,Medicine,4.00,7.00
2025-01-08,AA Batteries (pair),0,Household,35.00,55.00
2025-01-08,Sewing Needle Pack,0,Household,12.00,25.00
2025-01-09,Cooking Oil 1L,33,Pantry,60.00,75.00
2025-01-09,Bear Brand Powdered Milk 320g,10,Dairy,70.00,90.00
2025-01-09,Alaska Evap Milk 370ml,1,Dairy,32.00,42.00
2025-01-09,Ligo Sardines 155g,2,Canned Goods,18.00,25.00
2025-01-09,Sunsilk Shampoo Sachet,0,Body Care,5.00,8.00
2025-01-09,Biogesic 500mg Tablet,0,Medicine,4.00,7.00
2025-01-09,AA Batteries (pair),1,Household,35.00,55.00
2025-01-09,Sewing Needle Pack,0,Household,12.00,25.00
2025-01-10,Cooking Oil 1L,32,Pantry,60.00,75.00
2025-01-10,Bear Brand Powdered Milk 320g,24,Dairy,70.00,90.00
2025-01-10,Alaska Evap Milk 370ml,3,Dairy,32.00,42.00
2025-01-10,Ligo Sardines 155g,3,Canned Goods,18.00,25.00
2025-01-10,Sunsilk Shampoo Sachet,1,Body Care,5.00,8.00
2025-01-10,Biogesic 500mg Tablet,0,Medicine,4.00,7.00
2025-01-10,AA Batteries (pair),0,Household,35.00,55.00
2025-01-10,Sewing Needle Pack,0,Household,12.00,25.00
2025-01-11,Cooking Oil 1L,25,Pantry,60.00,75.00
2025-01-11,Bear Brand Powdered Milk 320g,18,Dairy,70.00,90.00
2025-01-11,Alaska Evap Milk 370ml,6,Dairy,32.00,42.00
2025-01-11,Ligo Sardines 155g,1,Canned Goods,18.00,25.00
2025-01-11,Sunsilk Shampoo Sachet,2,Body Care,5.00,8.00
2025-01-11,Biogesic 500mg Tablet,2,Medicine,4.00,7.00
2025-01-11,AA Batteries (pair),0,Household,35.00,55.00
2025-01-11,Sewing Needle Pack,0,Household,12.00,25.00
2025-01-12,Cooking Oil 1L,41,Pantry,60.00,75.00
2025-01-12,Bear Brand Powdered Milk 320g,10,Dairy,70.00,90.00
2025-01-12,Alaska Evap Milk 370ml,11,Dairy,32.00,42.00
2025-01-12,Ligo Sardines 155g,1,Canned Goods,18.00,25.00
2025-01-12,Sunsilk Shampoo Sachet,1,Body Care,5.00,8.00
2025-01-12,Biogesic 500mg Tablet,0,Medicine,4.00,7.00
2025-01-12,AA Batteries (pair),2,Household,35.00,55.00
2025-01-12,Sewing Needle Pack,0,Household,12.00,25.00
2025-01-13,Cooking Oil 1L,43,Pantry,60.00,75.00
2025-01-13,Bear Brand Powdered Milk 320g,16,Dairy,70.00,90.00
2025-01-13,Alaska Evap Milk 370ml,4,Dairy,32.00,42.00
2025-01-13,Ligo Sardines 155g,0,Canned Goods,18.00,25.00
2025-01-13,Sunsilk Shampoo Sachet,1,Body Care,5.00,8.00
2025-01-13,Biogesic 500mg Tablet,0,Medicine,4.00,7.00
2025-01-13,AA Batteries (pair),0,Household,35.00,55.00
2025-01-13,Sewing Needle Pack,0,Household,12.00,25.00
2025-01-14,Cooking Oil 1L,32,Pantry,60.00,75.00
2025-01-14,Bear Brand Powdered Milk 320g,12,Dairy,70.00,90.00
2025-01-14,Alaska Evap Milk 370ml,5,Dairy,32.00,42.00
2025-01-14,Ligo Sardines 155g,2,Canned Goods,18.00,25.00
2025-01-14,Sunsilk Shampoo Sachet,1,Body Care,5.00,8.00
2025-01-14,Biogesic 500mg Tablet,0,Medicine,4.00,7.00
2025-01-14,AA Batteries (pair),0,Household,35.00,55.00
2025-01-14,Sewing Needle Pack,0,Household,12.00,25.00
2025-01-15,Cooking Oil 1L,15,Pantry,60.00,75.00
2025-01-15,Bear Brand Powdered Milk 320g,10,Dairy,70.00,90.00
2025-01-15,Alaska Evap Milk 370ml,3,Dairy,32.00,42.00
2025-01-15,Ligo Sardines 155g,4,Canned Goods,18.00,25.00
2025-01-15,Sunsilk Shampoo Sachet,0,Body Care,5.00,8.00
2025-01-15,Biogesic 500mg Tablet,1,Medicine,4.00,7.00
2025-01-15,AA Batteries (pair),0,Household,35.00,55.00
2025-01-15,Sewing Needle Pack,0,Household,12.00,25.00
2025-01-16,Cooking Oil 1L,34,Pantry,60.00,75.00
2025-01-16,Bear Brand Powdered Milk 320g,9,Dairy,70.00,90.00
2025-01-16,Alaska Evap Milk 370ml,4,Dairy,32.00,42.00
2025-01-16,Ligo Sardines 155g,2,Canned Goods,18.00,25.00
2025-01-16,Sunsilk Shampoo Sachet,1,Body Care,5.00,8.00
2025-01-16,Biogesic 500mg Tablet,2,Medicine,4.00,7.00
2025-01-16,AA Batteries (pair),0,Household,35.00,55.00
2025-01-16,Sewing Needle Pack,0,Household,12.00,25.00
2025-01-17,Cooking Oil 1L,30,Pantry,60.00,75.00
2025-01-17,Bear Brand Powdered Milk 320g,22,Dairy,70.00,90.00
2025-01-17,Alaska Evap Milk 370ml,5,Dairy,32.00,42.00
2025-01-17,Ligo Sardines 155g,9,Canned Goods,18.00,25.00
2025-01-17,Sunsilk Shampoo Sachet,1,Body Care,5.00,8.00
2025-01-17,Biogesic 500mg Tablet,1,Medicine,4.00,7.00
2025-01-17,AA Batteries (pair),0,Household,35.00,55.00
2025-01-17,Sewing Needle Pack,0,Household,12.00,25.00
2025-01-18,Cooking Oil 1L,49,Pantry,60.00,75.00
2025-01-18,Bear Brand Powdered Milk 320g,14,Dairy,70.00,90.00
2025-01-18,Alaska Evap Milk 370ml,4,Dairy,32.00,42.00
2025-01-18,Ligo Sardines 155g,2,Canned Goods,18.00,25.00
2025-01-18,Sunsilk Shampoo Sachet,0,Body Care,5.00,8.00
2025-01-18,Biogesic 500mg Tablet,0,Medicine,4.00,7.00
2025-01-18,AA Batteries (pair),0,Household,35.00,55.00
2025-01-18,Sewing Needle Pack,1,Household,12.00,25.00
2025-01-19,Cooking Oil 1L,17,Pantry,60.00,75.00
2025-01-19,Bear Brand Powdered Milk 320g,19,Dairy,70.00,90.00
2025-01-19,Alaska Evap Milk 370ml,5,Dairy,32.00,42.00
2025-01-19,Ligo Sardines 155g,2,Canned Goods,18.00,25.00
2025-01-19,Sunsilk Shampoo Sachet,0,Body Care,5.00,8.00
2025-01-19,Biogesic 500mg Tablet,0,Medicine,4.00,7.00
2025-01-19,AA Batteries (pair),0,Household,35.00,55.00
2025-01-19,Sewing Needle Pack,0,Household,12.00,25.00
2025-01-20,Cooking Oil 1L,33,Pantry,60.00,75.00
2025-01-20,Bear Brand Powdered Milk 320g,9,Dairy,70.00,90.00
2025-01-20,Alaska Evap Milk 370ml,2,Dairy,32.00,42.00
2025-01-20,Ligo Sardines 155g,2,Canned Goods,18.00,25.00
2025-01-20,Sunsilk Shampoo Sachet,0,Body Care,5.00,8.00
2025-01-20,Biogesic 500mg Tablet,0,Medicine,4.00,7.00
2025-01-20,AA Batteries (pair),1,Household,35.00,55.00
2025-01-20,Sewing Needle Pack,0,Household,12.00,25.00
2025-01-21,Cooking Oil 1L,46,Pantry,60.00,75.00
2025-01-21,Bear Brand Powdered Milk 320g,12,Dairy,70.00,90.00
2025-01-21,Alaska Evap Milk 370ml,4,Dairy,32.00,42.00
2025-01-21,Ligo Sardines 155g,3,Canned Goods,18.00,25.00
2025-01-21,Sunsilk Shampoo Sachet,1,Body Care,5.00,8.00
2025-01-21,Biogesic 500mg Tablet,1,Medicine,4.00,7.00
2025-01-21,AA Batteries (pair),1,Household,35.00,55.00
2025-01-21,Sewing Needle Pack,0,Household,12.00,25.00
2025-01-22,Cooking Oil 1L,37,Pantry,60.00,75.00
2025-01-22,Bear Brand Powdered Milk 320g,12,Dairy,70.00,90.00
2025-01-22,Alaska Evap Milk 370ml,1,Dairy,32.00,42.00
2025-01-22,Ligo Sardines 155g,3,Canned Goods,18.00,25.00
2025-01-22,Sunsilk Shampoo Sachet,1,Body Care,5.00,8.00
2025-01-22,Biogesic 500mg Tablet,0,Medicine,4.00,7.00
2025-01-22,AA Batteries (pair),0,Household,35.00,55.00
2025-01-22,Sewing Needle Pack,0,Household,12.00,25.00
2025-01-23,Cooking Oil 1L,26,Pantry,60.00,75.00
2025-01-23,Bear Brand Powdered Milk 320g,10,Dairy,70.00,90.00
2025-01-23,Alaska Evap Milk 370ml,3,Dairy,32.00,42.00
2025-01-23,Ligo Sardines 155g,1,Canned Goods,18.00,25.00
2025-01-23,Sunsilk Shampoo Sachet,2,Body Care,5.00,8.00
2025-01-23,Biogesic 500mg Tablet,0,Medicine,4.00,7.00
2025-01-23,AA Batteries (pair),0,Household,35.00,55.00
2025-01-23,Sewing Needle Pack,1,Household,12.00,25.00
2025-01-24,Cooking Oil 1L,27,Pantry,60.00,75.00
2025-01-24,Bear Brand Powdered Milk 320g,11,Dairy,70.00,90.00
2025-01-24,Alaska Evap Milk 370ml,4,Dairy,32.00,42.00
2025-01-24,Ligo Sardines 155g,2,Canned Goods,18.00,25.00
2025-01-24,Sunsilk Shampoo Sachet,2,Body Care,5.00,8.00
2025-01-24,Biogesic 500mg Tablet,1,Medicine,4.00,7.00
2025-01-24,AA Batteries (pair),0,Household,35.00,55.00
2025-01-24,Sewing Needle Pack,0,Household,12.00,25.00
2025-01-25,Cooking Oil 1L,35,Pantry,60.00,75.00
2025-01-25,Bear Brand Powdered Milk 320g,14,Dairy,70.00,90.00
2025-01-25,Alaska Evap Milk 370ml,4,Dairy,32.00,42.00
2025-01-25,Ligo Sardines 155g,4,Canned Goods,18.00,25.00
2025-01-25,Sunsilk Shampoo Sachet,0,Body Care,5.00,8.00
2025-01-25,Biogesic 500mg Tablet,1,Medicine,4.00,7.00
2025-01-25,AA Batteries (pair),0,Household,35.00,55.00
2025-01-25,Sewing Needle Pack,0,Household,12.00,25.00
2025-01-26,Cooking Oil 1L,44,Pantry,60.00,75.00
2025-01-26,Bear Brand Powdered Milk 320g,15,Dairy,70.00,90.00
2025-01-26,Alaska Evap Milk 370ml,3,Dairy,32.00,42.00
2025-01-26,Ligo Sardines 155g,3,Canned Goods,18.00,25.00
2025-01-26,Sunsilk Shampoo Sachet,0,Body Care,5.00,8.00
2025-01-26,Biogesic 500mg Tablet,0,Medicine,4.00,7.00
2025-01-26,AA Batteries (pair),0,Household,35.00,55.00
2025-01-26,Sewing Needle Pack,1,Household,12.00,25.00
2025-01-27,Cooking Oil 1L,22,Pantry,60.00,75.00
2025-01-27,Bear Brand Powdered Milk 320g,15,Dairy,70.00,90.00
2025-01-27,Alaska Evap Milk 370ml,3,Dairy,32.00,42.00
2025-01-27,Ligo Sardines 155g,5,Canned Goods,18.00,25.00
2025-01-27,Sunsilk Shampoo Sachet,2,Body Care,5.00,8.00
2025-01-27,Biogesic 500mg Tablet,1,Medicine,4.00,7.00
2025-01-27,AA Batteries (pair),0,Household,35.00,55.00
2025-01-27,Sewing Needle Pack,0,Household,12.00,25.00
2025-01-28,Cooking Oil 1L,16,Pantry,60.00,75.00
2025-01-28,Bear Brand Powdered Milk 320g,17,Dairy,70.00,90.00
2025-01-28,Alaska Evap Milk 370ml,3,Dairy,32.00,42.00
2025-01-28,Ligo Sardines 155g,0,Canned Goods,18.00,25.00
2025-01-28,Sunsilk Shampoo Sachet,2,Body Care,5.00,8.00
2025-01-28,Biogesic 500mg Tablet,0,Medicine,4.00,7.00
2025-01-28,AA Batteries (pair),0,Household,35.00,55.00
2025-01-28,Sewing Needle Pack,0,Household,12.00,25.00
2025-01-29,Cooking Oil 1L,35,Pantry,60.00,75.00
2025-01-29,Bear Brand Powdered Milk 320g,15,Dairy,70.00,90.00
2025-01-29,Alaska Evap Milk 370ml,4,Dairy,32.00,42.00
2025-01-29,Ligo Sardines 155g,3,Canned Goods,18.00,25.00
2025-01-29,Sunsilk Shampoo Sachet,1,Body Care,5.00,8.00
2025-01-29,Biogesic 500mg Tablet,0,Medicine,4.00,7.00
2025-01-29,AA Batteries (pair),0,Household,35.00,55.00
2025-01-29,Sewing Needle Pack,1,Household,12.00,25.00
2025-01-30,Cooking Oil 1L,46,Pantry,60.00,75.00
2025-01-30,Bear Brand Powdered Milk 320g,15,Dairy,70.00,90.00
2025-01-30,Alaska Evap Milk 370ml,12,Dairy,32.00,42.00
2025-01-30,Ligo Sardines 155g,5,Canned Goods,18.00,25.00
2025-01-30,Sunsilk Shampoo Sachet,1,Body Care,5.00,8.00
2025-01-30,Biogesic 500mg Tablet,2,Medicine,4.00,7.00
2025-01-30,AA Batteries (pair),0,Household,35.00,55.00
2025-01-30,Sewing Needle Pack,0,Household,12.00,25.00
2025-01-31,Cooking Oil 1L,57,Pantry,60.00,75.00
2025-01-31,Bear Brand Powdered Milk 320g,23,Dairy,70.00,90.00
2025-01-31,Alaska Evap Milk 370ml,3,Dairy,32.00,42.00
2025-01-31,Ligo Sardines 155g,4,Canned Goods,18.00,25.00
2025-01-31,Sunsilk Shampoo Sachet,1,Body Care,5.00,8.00
2025-01-31,Biogesic 500mg Tablet,1,Medicine,4.00,7.00
2025-01-31,AA Batteries (pair),0,Household,35.00,55.00
2025-01-31,Sewing Needle Pack,0,Household,12.00,25.00
2025-02-01,Cooking Oil 1L,57,Pantry,60.00,75.00
2025-02-01,Bear Brand Powdered Milk 320g,15,Dairy,70.00,90.00
2025-02-01,Alaska Evap Milk 370ml,3,Dairy,32.00,42.00
2025-02-01,Ligo Sardines 155g,2,Canned Goods,18.00,25.00
2025-02-01,Sunsilk Shampoo Sachet,3,Body Care,5.00,8.00
2025-02-01,Biogesic 500mg Tablet,0,Medicine,4.00,7.00
2025-02-01,AA Batteries (pair),0,Household,35.00,55.00
2025-02-01,Sewing Needle Pack,0,Household,12.00,25.00
2025-02-02,Cooking Oil 1L,34,Pantry,60.00,75.00
2025-02-02,Bear Brand Powdered Milk 320g,20,Dairy,70.00,90.00
2025-02-02,Alaska Evap Milk 370ml,4,Dairy,32.00,42.00
2025-02-02,Ligo Sardines 155g,3,Canned Goods,18.00,25.00
2025-02-02,Sunsilk Shampoo Sachet,0,Body Care,5.00,8.00
2025-02-02,Biogesic 500mg Tablet,1,Medicine,4.00,7.00
2025-02-02,AA Batteries (pair),1,Household,35.00,55.00
2025-02-02,Sewing Needle Pack,0,Household,12.00,25.00
2025-02-03,Cooking Oil 1L,24,Pantry,60.00,75.00
2025-02-03,Bear Brand Powdered Milk 320g,14,Dairy,70.00,90.00
2025-02-03,Alaska Evap Milk 370ml,6,Dairy,32.00,42.00
2025-02-03,Ligo Sardines 155g,0,Canned Goods,18.00,25.00
2025-02-03,Sunsilk Shampoo Sachet,0,Body Care,5.00,8.00
2025-02-03,Biogesic 500mg Tablet,1,Medicine,4.00,7.00
2025-02-03,AA Batteries (pair),0,Household,35.00,55.00
2025-02-03,Sewing Needle Pack,0,Household,12.00,25.00
2025-02-04,Cooking Oil 1L,36,Pantry,60.00,75.00
2025-02-04,Bear Brand Powdered Milk 320g,5,Dairy,70.00,90.00
2025-02-04,Alaska Evap Milk 370ml,5,Dairy,32.00,42.00
2025-02-04,Ligo Sardines 155g,1,Canned Goods,18.00,25.00
2025-02-04,Sunsilk Shampoo Sachet,0,Body Care,5.00,8.00
2025-02-04,Biogesic 500mg Tablet,0,Medicine,4.00,7.00
2025-02-04,AA Batteries (pair),1,Household,35.00,55.00
2025-02-04,Sewing Needle Pack,0,Household,12.00,25.00
2025-02-05,Cooking Oil 1L,32,Pantry,60.00,75.00
2025-02-05,Bear Brand Powdered Milk 320g,14,Dairy,70.00,90.00
2025-02-05,Alaska Evap Milk 370ml,4,Dairy,32.00,42.00
2025-02-05,Ligo Sardines 155g,3,Canned Goods,18.00,25.00
2025-02-05,Sunsilk Shampoo Sachet,0,Body Care,5.00,8.00
2025-02-05,Biogesic 500mg Tablet,0,Medicine,4.00,7.00
2025-02-05,AA Batteries (pair),0,Household,35.00,55.00
2025-02-05,Sewing Needle Pack,0,Household,12.00,25.00
2025-02-06,Cooking Oil 1L,21,Pantry,60.00,75.00
2025-02-06,Bear Brand Powdered Milk 320g,10,Dairy,70.00,90.00
2025-02-06,Alaska Evap Milk 370ml,1,Dairy,32.00,42.00
2025-02-06,Ligo Sardines 155g,1,Canned Goods,18.00,25.00
2025-02-06,Sunsilk Shampoo Sachet,3,Body Care,5.00,8.00
2025-02-06,Biogesic 500mg Tablet,2,Medicine,4.00,7.00
2025-02-06,AA Batteries (pair),2,Household,35.00,55.00
2025-02-06,Sewing Needle Pack,0,Household,12.00,25.00
2025-02-07,Cooking Oil 1L,27,Pantry,60.00,75.00
2025-02-07,Bear Brand Powdered Milk 320g,8,Dairy,70.00,90.00
2025-02-07,Alaska Evap Milk 370ml,3,Dairy,32.00,42.00
2025-02-07,Ligo Sardines 155g,2,Canned Goods,18.00,25.00
2025-02-07,Sunsilk Shampoo Sachet,0,Body Care,5.00,8.00
2025-02-07,Biogesic 500mg Tablet,1,Medicine,4.00,7.00
2025-02-07,AA Batteries (pair),0,Household,35.00,55.00
2025-02-07,Sewing Needle Pack,0,Household,12.00,25.00
2025-02-08,Cooking Oil 1L,55,Pantry,60.00,75.00
2025-02-08,Bear Brand Powdered Milk 320g,18,Dairy,70.00,90.00
2025-02-08,Alaska Evap Milk 370ml,3,Dairy,32.00,42.00
2025-02-08,Ligo Sardines 155g,2,Canned Goods,18.00,25.00
2025-02-08,Sunsilk Shampoo Sachet,0,Body Care,5.00,8.00
2025-02-08,Biogesic 500mg Tablet,0,Medicine,4.00,7.00
2025-02-08,AA Batteries (pair),0,Household,35.00,55.00
2025-02-08,Sewing Needle Pack,1,Household,12.00,25.00
2025-02-09,Cooking Oil 1L,49,Pantry,60.00,75.00
2025-02-09,Bear Brand Powdered Milk 320g,22,Dairy,70.00,90.00
2025-02-09,Alaska Evap Milk 370ml,6,Dairy,32.00,42.00
2025-02-09,Ligo Sardines 155g,0,Canned Goods,18.00,25.00
2025-02-09,Sunsilk Shampoo Sachet,0,Body Care,5.00,8.00
2025-02-09,Biogesic 500mg Tablet,0,Medicine,4.00,7.00
2025-02-09,AA Batteries (pair),1,Household,35.00,55.00
2025-02-09,Sewing Needle Pack,0,Household,12.00,25.00
2025-02-10,Cooking Oil 1L,41,Pantry,60.00,75.00
2025-02-10,Bear Brand Powdered Milk 320g,16,Dairy,70.00,90.00
2025-02-10,Alaska Evap Milk 370ml,2,Dairy,32.00,42.00
2025-02-10,Ligo Sardines 155g,3,Canned Goods,18.00,25.00
2025-02-10,Sunsilk Shampoo Sachet,2,Body Care,5.00,8.00
2025-02-10,Biogesic 500mg Tablet,0,Medicine,4.00,7.00
2025-02-10,AA Batteries (pair),1,Household,35.00,55.00
2025-02-10,Sewing Needle Pack,0,Household,12.00,25.00
2025-02-11,Cooking Oil 1L,20,Pantry,60.00,75.00
2025-02-11,Bear Brand Powdered Milk 320g,11,Dairy,70.00,90.00
2025-02-11,Alaska Evap Milk 370ml,2,Dairy,32.00,42.00
2025-02-11,Ligo Sardines 155g,3,Canned Goods,18.00,25.00
2025-02-11,Sunsilk Shampoo Sachet,2,Body Care,5.00,8.00
2025-02-11,Biogesic 500mg Tablet,0,Medicine,4.00,7.00
2025-02-11,AA Batteries (pair),0,Household,35.00,55.00
2025-02-11,Sewing Needle Pack,0,Household,12.00,25.00
2025-02-12,Cooking Oil 1L,22,Pantry,60.00,75.00
2025-02-12,Bear Brand Powdered Milk 320g,7,Dairy,70.00,90.00
2025-02-12,Alaska Evap Milk 370ml,3,Dairy,32.00,42.00
2025-02-12,Ligo Sardines 155g,2,Canned Goods,18.00,25.00
2025-02-12,Sunsilk Shampoo Sachet,4,Body Care,5.00,8.00
2025-02-12,Biogesic 500mg Tablet,2,Medicine,4.00,7.00
2025-02-12,AA Batteries (pair),0,Household,35.00,55.00
2025-02-12,Sewing Needle Pack,0,Household,12.00,25.00
2025-02-13,Cooking Oil 1L,36,Pantry,60.00,75.00
2025-02-13,Bear Brand Powdered Milk 320g,10,Dairy,70.00,90.00
2025-02-13,Alaska Evap Milk 370ml,1,Dairy,32.00,42.00
2025-02-13,Ligo Sardines 155g,2,Canned Goods,18.00,25.00
2025-02-13,Sunsilk Shampoo Sachet,0,Body Care,5.00,8.00
2025-02-13,Biogesic 500mg Tablet,0,Medicine,4.00,7.00
2025-02-13,AA Batteries (pair),0,Household,35.00,55.00
2025-02-13,Sewing Needle Pack,0,Household,12.00,25.00
2025-02-14,Cooking Oil 1L,22,Pantry,60.00,75.00
2025-02-14,Bear Brand Powdered Milk 320g,14,Dairy,70.00,90.00
2025-02-14,Alaska Evap Milk 370ml,2,Dairy,32.00,42.00
2025-02-14,Ligo Sardines 155g,1,Canned Goods,18.00,25.00
2025-02-14,Sunsilk Shampoo Sachet,0,Body Care,5.00,8.00
2025-02-14,Biogesic 500mg Tablet,1,Medicine,4.00,7.00
2025-02-14,AA Batteries (pair),1,Household,35.00,55.00
2025-02-14,Sewing Needle Pack,0,Household,12.00,25.00
2025-02-15,Cooking Oil 1L,28,Pantry,60.00,75.00
2025-02-15,Bear Brand Powdered Milk 320g,15,Dairy,70.00,90.00
2025-02-15,Alaska Evap Milk 370ml,6,Dairy,32.00,42.00
2025-02-15,Ligo Sardines 155g,1,Canned Goods,18.00,25.00
2025-02-15,Sunsilk Shampoo Sachet,4,Body Care,5.00,8.00
2025-02-15,Biogesic 500mg Tablet,0,Medicine,4.00,7.00
2025-02-15,AA Batteries (pair),0,Household,35.00,55.00
2025-02-15,Sewing Needle Pack,0,Household,12.00,25.00
2025-02-16,Cooking Oil 1L,24,Pantry,60.00,75.00
2025-02-16,Bear Brand Powdered Milk 320g,16,Dairy,70.00,90.00
2025-02-16,Alaska Evap Milk 370ml,1,Dairy,32.00,42.00
2025-02-16,Ligo Sardines 155g,3,Canned Goods,18.00,25.00
2025-02-16,Sunsilk Shampoo Sachet,2,Body Care,5.00,8.00
2025-02-16,Biogesic 500mg Tablet,0,Medicine,4.00,7.00
2025-02-16,AA Batteries (pair),1,Household,35.00,55.00
2025-02-16,Sewing Needle Pack,0,Household,12.00,25.00
2025-02-17,Cooking Oil 1L,27,Pantry,60.00,75.00
2025-02-17,Bear Brand Powdered Milk 320g,16,Dairy,70.00,90.00
2025-02-17,Alaska Evap Milk 370ml,8,Dairy,32.00,42.00
2025-02-17,Ligo Sardines 155g,6,Canned Goods,18.00,25.00
2025-02-17,Sunsilk Shampoo Sachet,0,Body Care,5.00,8.00
2025-02-17,Biogesic 500mg Tablet,0,Medicine,4.00,7.00
2025-02-17,AA Batteries (pair),0,Household,35.00,55.00
2025-02-17,Sewing Needle Pack,1,Household,12.00,25.00
2025-02-18,Cooking Oil 1L,45,Pantry,60.00,75.00
2025-02-18,Bear Brand Powdered Milk 320g,16,Dairy,70.00,90.00
2025-02-18,Alaska Evap Milk 370ml,2,Dairy,32.00,42.00
2025-02-18,Ligo Sardines 155g,3,Canned Goods,18.00,25.00
2025-02-18,Sunsilk Shampoo Sachet,0,Body Care,5.00,8.00
2025-02-18,Biogesic 500mg Tablet,2,Medicine,4.00,7.00
2025-02-18,AA Batteries (pair),0,Household,35.00,55.00
2025-02-18,Sewing Needle Pack,0,Household,12.00,25.00
2025-02-19,Cooking Oil 1L,25,Pantry,60.00,75.00
2025-02-19,Bear Brand Powdered Milk 320g,15,Dairy,70.00,90.00
2025-02-19,Alaska Evap Milk 370ml,5,Dairy,32.00,42.00
2025-02-19,Ligo Sardines 155g,4,Canned Goods,18.00,25.00
2025-02-19,Sunsilk Shampoo Sachet,1,Body Care,5.00,8.00
2025-02-19,Biogesic 500mg Tablet,0,Medicine,4.00,7.00
2025-02-19,AA Batteries (pair),0,Household,35.00,55.00
2025-02-19,Sewing Needle Pack,0,Household,12.00,25.00
2025-02-20,Cooking Oil 1L,29,Pantry,60.00,75.00
2025-02-20,Bear Brand Powdered Milk 320g,14,Dairy,70.00,90.00
2025-02-20,Alaska Evap Milk 370ml,5,Dairy,32.00,42.00
2025-02-20,Ligo Sardines 155g,2,Canned Goods,18.00,25.00
2025-02-20,Sunsilk Shampoo Sachet,2,Body Care,5.00,8.00
2025-02-20,Biogesic 500mg Tablet,0,Medicine,4.00,7.00
2025-02-20,AA Batteries (pair),0,Household,35.00,55.00
2025-02-20,Sewing Needle Pack,0,Household,12.00,25.00
2025-02-21,Cooking Oil 1L,23,Pantry,60.00,75.00
2025-02-21,Bear Brand Powdered Milk 320g,18,Dairy,70.00,90.00
2025-02-21,Alaska Evap Milk 370ml,4,Dairy,32.00,42.00
2025-02-21,Ligo Sardines 155g,3,Canned Goods,18.00,25.00
2025-02-21,Sunsilk Shampoo Sachet,0,Body Care,5.00,8.00
2025-02-21,Biogesic 500mg Tablet,1,Medicine,4.00,7.00
2025-02-21,AA Batteries (pair),0,Household,35.00,55.00
2025-02-21,Sewing Needle Pack,0,Household,12.00,25.00
2025-02-22,Cooking Oil 1L,37,Pantry,60.00,75.00
2025-02-22,Bear Brand Powdered Milk 320g,9,Dairy,70.00,90.00
2025-02-22,Alaska Evap Milk 370ml,4,Dairy,32.00,42.00
2025-02-22,Ligo Sardines 155g,3,Canned Goods,18.00,25.00
2025-02-22,Sunsilk Shampoo Sachet,0,Body Care,5.00,8.00
2025-02-22,Biogesic 500mg Tablet,0,Medicine,4.00,7.00
2025-02-22,AA Batteries (pair),0,Household,35.00,55.00
2025-02-22,Sewing Needle Pack,0,Household,12.00,25.00
2025-02-23,Cooking Oil 1L,51,Pantry,60.00,75.00
2025-02-23,Bear Brand Powdered Milk 320g,10,Dairy,70.00,90.00
2025-02-23,Alaska Evap Milk 370ml,7,Dairy,32.00,42.00
2025-02-23,Ligo Sardines 155g,2,Canned Goods,18.00,25.00
2025-02-23,Sunsilk Shampoo Sachet,1,Body Care,5.00,8.00
2025-02-23,Biogesic 500mg Tablet,2,Medicine,4.00,7.00
2025-02-23,AA Batteries (pair),0,Household,35.00,55.00
2025-02-23,Sewing Needle Pack,1,Household,12.00,25.00
2025-02-24,Cooking Oil 1L,32,Pantry,60.00,75.00
2025-02-24,Bear Brand Powdered Milk 320g,9,Dairy,70.00,90.00
2025-02-24,Alaska Evap Milk 370ml,2,Dairy,32.00,42.00
2025-02-24,Ligo Sardines 155g,2,Canned Goods,18.00,25.00
2025-02-24,Sunsilk Shampoo Sachet,2,Body Care,5.00,8.00
2025-02-24,Biogesic 500mg Tablet,0,Medicine,4.00,7.00
2025-02-24,AA Batteries (pair),0,Household,35.00,55.00
2025-02-24,Sewing Needle Pack,0,Household,12.00,25.00
2025-02-25,Cooking Oil 1L,15,Pantry,60.00,75.00
2025-02-25,Bear Brand Powdered Milk 320g,9,Dairy,70.00,90.00
2025-02-25,Alaska Evap Milk 370ml,2,Dairy,32.00,42.00
2025-02-25,Ligo Sardines 155g,0,Canned Goods,18.00,25.00
2025-02-25,Sunsilk Shampoo Sachet,1,Body Care,5.00,8.00
2025-02-25,Biogesic 500mg Tablet,0,Medicine,4.00,7.00
2025-02-25,AA Batteries (pair),0,Household,35.00,55.00
2025-02-25,Sewing Needle Pack,0,Household,12.00,25.00
2025-02-26,Cooking Oil 1L,41,Pantry,60.00,75.00
2025-02-26,Bear Brand Powdered Milk 320g,16,Dairy,70.00,90.00
2025-02-26,Alaska Evap Milk 370ml,5,Dairy,32.00,42.00
2025-02-26,Ligo Sardines 155g,4,Canned Goods,18.00,25.00
2025-02-26,Sunsilk Shampoo Sachet,0,Body Care,5.00,8.00
2025-02-26,Biogesic 500mg Tablet,1,Medicine,4.00,7.00
2025-02-26,AA Batteries (pair),0,Household,35.00,55.00
2025-02-26,Sewing Needle Pack,0,Household,12.00,25.00
2025-02-27,Cooking Oil 1L,40,Pantry,60.00,75.00
2025-02-27,Bear Brand Powdered Milk 320g,23,Dairy,70.00,90.00
2025-02-27,Alaska Evap Milk 370ml,5,Dairy,32.00,42.00
2025-02-27,Ligo Sardines 155g,1,Canned Goods,18.00,25.00
2025-02-27,Sunsilk Shampoo Sachet,3,Body Care,5.00,8.00
2025-02-27,Biogesic 500mg Tablet,1,Medicine,4.00,7.00
2025-02-27,AA Batteries (pair),2,Household,35.00,55.00
2025-02-27,Sewing Needle Pack,0,Household,12.00,25.00
2025-02-28,Cooking Oil 1L,51,Pantry,60.00,75.00
2025-02-28,Bear Brand Powdered Milk 320g,24,Dairy,70.00,90.00
2025-02-28,Alaska Evap Milk 370ml,7,Dairy,32.00,42.00
2025-02-28,Ligo Sardines 155g,4,Canned Goods,18.00,25.00
2025-02-28,Sunsilk Shampoo Sachet,2,Body Care,5.00,8.00
2025-02-28,Biogesic 500mg Tablet,1,Medicine,4.00,7.00
2025-02-28,AA Batteries (pair),0,Household,35.00,55.00
2025-02-28,Sewing Needle Pack,0,Household,12.00,25.00
2025-03-01,Cooking Oil 1L,42,Pantry,60.00,75.00
2025-03-01,Bear Brand Powdered Milk 320g,13,Dairy,70.00,90.00
2025-03-01,Alaska Evap Milk 370ml,6,Dairy,32.00,42.00
2025-03-01,Ligo Sardines 155g,4,Canned Goods,18.00,25.00
2025-03-01,Sunsilk Shampoo Sachet,1,Body Care,5.00,8.00
2025-03-01,Biogesic 500mg Tablet,2,Medicine,4.00,7.00
2025-03-01,AA Batteries (pair),0,Household,35.00,55.00
2025-03-01,Sewing Needle Pack,0,Household,12.00,25.00
2025-03-02,Cooking Oil 1L,23,Pantry,60.00,75.00
2025-03-02,Bear Brand Powdered Milk 320g,12,Dairy,70.00,90.00
2025-03-02,Alaska Evap Milk 370ml,6,Dairy,32.00,42.00
2025-03-02,Ligo Sardines 155g,1,Canned Goods,18.00,25.00
2025-03-02,Sunsilk Shampoo Sachet,0,Body Care,5.00,8.00
2025-03-02,Biogesic 500mg Tablet,1,Medicine,4.00,7.00
2025-03-02,AA Batteries (pair),0,Household,35.00,55.00
2025-03-02,Sewing Needle Pack,0,Household,12.00,25.00
2025-03-03,Cooking Oil 1L,17,Pantry,60.00,75.00
2025-03-03,Bear Brand Powdered Milk 320g,16,Dairy,70.00,90.00
2025-03-03,Alaska Evap Milk 370ml,4,Dairy,32.00,42.00
2025-03-03,Ligo Sardines 155g,2,Canned Goods,18.00,25.00
2025-03-03,Sunsilk Shampoo Sachet,0,Body Care,5.00,8.00
2025-03-03,Biogesic 500mg Tablet,0,Medicine,4.00,7.00
2025-03-03,AA Batteries (pair),0,Household,35.00,55.00
2025-03-03,Sewing Needle Pack,0,Household,12.00,25.00
2025-03-04,Cooking Oil 1L,23,Pantry,60.00,75.00
2025-03-04,Bear Brand Powdered Milk 320g,27,Dairy,70.00,90.00
2025-03-04,Alaska Evap Milk 370ml,2,Dairy,32.00,42.00
2025-03-04,Ligo Sardines 155g,2,Canned Goods,18.00,25.00
2025-03-04,Sunsilk Shampoo Sachet,0,Body Care,5.00,8.00
2025-03-04,Biogesic 500mg Tablet,1,Medicine,4.00,7.00
2025-03-04,AA Batteries (pair),1,Household,35.00,55.00
2025-03-04,Sewing Needle Pack,0,Household,12.00,25.00
2025-03-05,Cooking Oil 1L,23,Pantry,60.00,75.00
2025-03-05,Bear Brand Powdered Milk 320g,7,Dairy,70.00,90.00
2025-03-05,Alaska Evap Milk 370ml,4,Dairy,32.00,42.00
2025-03-05,Ligo Sardines 155g,0,Canned Goods,18.00,25.00
2025-03-05,Sunsilk Shampoo Sachet,0,Body Care,5.00,8.00
2025-03-05,Biogesic 500mg Tablet,0,Medicine,4.00,7.00
2025-03-05,AA Batteries (pair),0,Household,35.00,55.00
2025-03-05,Sewing Needle Pack,0,Household,12.00,25.00
2025-03-06,Cooking Oil 1L,29,Pantry,60.00,75.00
2025-03-06,Bear Brand Powdered Milk 320g,12,Dairy,70.00,90.00
2025-03-06,Alaska Evap Milk 370ml,4,Dairy,32.00,42.00
2025-03-06,Ligo Sardines 155g,3,Canned Goods,18.00,25.00
2025-03-06,Sunsilk Shampoo Sachet,0,Body Care,5.00,8.00
2025-03-06,Biogesic 500mg Tablet,0,Medicine,4.00,7.00
2025-03-06,AA Batteries (pair),0,Household,35.00,55.00
2025-03-06,Sewing Needle Pack,0,Household,12.00,25.00
2025-03-07,Cooking Oil 1L,32,Pantry,60.00,75.00
2025-03-07,Bear Brand Powdered Milk 320g,12,Dairy,70.00,90.00
2025-03-07,Alaska Evap Milk 370ml,6,Dairy,32.00,42.00
2025-03-07,Ligo Sardines 155g,2,Canned Goods,18.00,25.00
2025-03-07,Sunsilk Shampoo Sachet,0,Body Care,5.00,8.00
2025-03-07,Biogesic 500mg Tablet,1,Medicine,4.00,7.00
2025-03-07,AA Batteries (pair),0,Household,35.00,55.00
2025-03-07,Sewing Needle Pack,0,Household,12.00,25.00
2025-03-08,Cooking Oil 1L,52,Pantry,60.00,75.00
2025-03-08,Bear Brand Powdered Milk 320g,29,Dairy,70.00,90.00
2025-03-08,Alaska Evap Milk 370ml,3,Dairy,32.00,42.00
2025-03-08,Ligo Sardines 155g,5,Canned Goods,18.00,25.00
2025-03-08,Sunsilk Shampoo Sachet,3,Body Care,5.00,8.00
2025-03-08,Biogesic 500mg Tablet,2,Medicine,4.00,7.00
2025-03-08,AA Batteries (pair),0,Household,35.00,55.00
2025-03-08,Sewing Needle Pack,0,Household,12.00,25.00
2025-03-09,Cooking Oil 1L,29,Pantry,60.00,75.00
2025-03-09,Bear Brand Powdered Milk 320g,14,Dairy,70.00,90.00
2025-03-09,Alaska Evap Milk 370ml,4,Dairy,32.00,42.00
2025-03-09,Ligo Sardines 155g,4,Canned Goods,18.00,25.00
2025-03-09,Sunsilk Shampoo Sachet,2,Body Care,5.00,8.00
2025-03-09,Biogesic 500mg Tablet,1,Medicine,4.00,7.00
2025-03-09,AA Batteries (pair),0,Household,35.00,55.00
2025-03-09,Sewing Needle Pack,1,Household,12.00,25.00
2025-03-10,Cooking Oil 1L,49,Pantry,60.00,75.00
2025-03-10,Bear Brand Powdered Milk 320g,9,Dairy,70.00,90.00
2025-03-10,Alaska Evap Milk 370ml,2,Dairy,32.00,42.00
2025-03-10,Ligo Sardines 155g,4,Canned Goods,18.00,25.00
2025-03-10,Sunsilk Shampoo Sachet,1,Body Care,5.00,8.00
2025-03-10,Biogesic 500mg Tablet,0,Medicine,4.00,7.00
2025-03-10,AA Batteries (pair),1,Household,35.00,55.00
2025-03-10,Sewing Needle Pack,1,Household,12.00,25.00
2025-03-11,Cooking Oil 1L,18,Pantry,60.00,75.00
2025-03-11,Bear Brand Powdered Milk 320g,16,Dairy,70.00,90.00
2025-03-11,Alaska Evap Milk 370ml,3,Dairy,32.00,42.00
2025-03-11,Ligo Sardines 155g,1,Canned Goods,18.00,25.00
2025-03-11,Sunsilk Shampoo Sachet,0,Body Care,5.00,8.00
2025-03-11,Biogesic 500mg Tablet,0,Medicine,4.00,7.00
2025-03-11,AA Batteries (pair),0,Household,35.00,55.00
2025-03-11,Sewing Needle Pack,0,Household,12.00,25.00
2025-03-12,Cooking Oil 1L,24,Pantry,60.00,75.00
2025-03-12,Bear Brand Powdered Milk 320g,15,Dairy,70.00,90.00
2025-03-12,Alaska Evap Milk 370ml,3,Dairy,32.00,42.00
2025-03-12,Ligo Sardines 155g,2,Canned Goods,18.00,25.00
2025-03-12,Sunsilk Shampoo Sachet,1,Body Care,5.00,8.00
2025-03-12,Biogesic 500mg Tablet,2,Medicine,4.00,7.00
2025-03-12,AA Batteries (pair),0,Household,35.00,55.00
2025-03-12,Sewing Needle Pack,0,Household,12.00,25.00
2025-03-13,Cooking Oil 1L,28,Pantry,60.00,75.00
2025-03-13,Bear Brand Powdered Milk 320g,8,Dairy,70.00,90.00
2025-03-13,Alaska Evap Milk 370ml,7,Dairy,32.00,42.00
2025-03-13,Ligo Sardines 155g,2,Canned Goods,18.00,25.00
2025-03-13,Sunsilk Shampoo Sachet,1,Body Care,5.00,8.00
2025-03-13,Biogesic 500mg Tablet,1,Medicine,4.00,7.00
2025-03-13,AA Batteries (pair),0,Household,35.00,55.00
2025-03-13,Sewing Needle Pack,0,Household,12.00,25.00
2025-03-14,Cooking Oil 1L,35,Pantry,60.00,75.00
2025-03-14,Bear Brand Powdered Milk 320g,11,Dairy,70.00,90.00
2025-03-14,Alaska Evap Milk 370ml,7,Dairy,32.00,42.00
2025-03-14,Ligo Sardines 155g,4,Canned Goods,18.00,25.00
2025-03-14,Sunsilk Shampoo Sachet,2,Body Care,5.00,8.00
2025-03-14,Biogesic 500mg Tablet,1,Medicine,4.00,7.00
2025-03-14,AA Batteries (pair),0,Household,35.00,55.00
2025-03-14,Sewing Needle Pack,0,Household,12.00,25.00
2025-03-15,Cooking Oil 1L,32,Pantry,60.00,75.00
2025-03-15,Bear Brand Powdered Milk 320g,16,Dairy,70.00,90.00
2025-03-15,Alaska Evap Milk 370ml,1,Dairy,32.00,42.00
2025-03-15,Ligo Sardines 155g,2,Canned Goods,18.00,25.00
2025-03-15,Sunsilk Shampoo Sachet,0,Body Care,5.00,8.00
2025-03-15,Biogesic 500mg Tablet,1,Medicine,4.00,7.00
2025-03-15,AA Batteries (pair),0,Household,35.00,55.00
2025-03-15,Sewing Needle Pack,1,Household,12.00,25.00
2025-03-16,Cooking Oil 1L,28,Pantry,60.00,75.00
2025-03-16,Bear Brand Powdered Milk 320g,10,Dairy,70.00,90.00
2025-03-16,Alaska Evap Milk 370ml,7,Dairy,32.00,42.00
2025-03-16,Ligo Sardines 155g,1,Canned Goods,18.00,25.00
2025-03-16,Sunsilk Shampoo Sachet,0,Body Care,5.00,8.00
2025-03-16,Biogesic 500mg Tablet,1,Medicine,4.00,7.00
2025-03-16,AA Batteries (pair),0,Household,35.00,55.00
2025-03-16,Sewing Needle Pack,0,Household,12.00,25.00
2025-03-17,Cooking Oil 1L,26,Pantry,60.00,75.00
2025-03-17,Bear Brand Powdered Milk 320g,14,Dairy,70.00,90.00
2025-03-17,Alaska Evap Milk 370ml,1,Dairy,32.00,42.00
2025-03-17,Ligo Sardines 155g,1,Canned Goods,18.00,25.00
2025-03-17,Sunsilk Shampoo Sachet,1,Body Care,5.00,8.00
2025-03-17,Biogesic 500mg Tablet,1,Medicine,4.00,7.00
2025-03-17,AA Batteries (pair),0,Household,35.00,55.00
2025-03-17,Sewing Needle Pack,0,Household,12.00,25.00
2025-03-18,Cooking Oil 1L,27,Pantry,60.00,75.00
2025-03-18,Bear Brand Powdered Milk 320g,13,Dairy,70.00,90.00
2025-03-18,Alaska Evap Milk 370ml,0,Dairy,32.00,42.00
2025-03-18,Ligo Sardines 155g,1,Canned Goods,18.00,25.00
2025-03-18,Sunsilk Shampoo Sachet,4,Body Care,5.00,8.00
2025-03-18,Biogesic 500mg Tablet,0,Medicine,4.00,7.00
2025-03-18,AA Batteries (pair),0,Household,35.00,55.00
2025-03-18,Sewing Needle Pack,0,Household,12.00,25.00
2025-03-19,Cooking Oil 1L,26,Pantry,60.00,75.00
2025-03-19,Bear Brand Powdered Milk 320g,9,Dairy,70.00,90.00
2025-03-19,Alaska Evap Milk 370ml,6,Dairy,32.00,42.00
2025-03-19,Ligo Sardines 155g,2,Canned Goods,18.00,25.00
2025-03-19,Sunsilk Shampoo Sachet,0,Body Care,5.00,8.00
2025-03-19,Biogesic 500mg Tablet,0,Medicine,4.00,7.00
2025-03-19,AA Batteries (pair),0,Household,35.00,55.00
2025-03-19,Sewing Needle Pack,0,Household,12.00,25.00
2025-03-20,Cooking Oil 1L,21,Pantry,60.00,75.00
2025-03-20,Bear Brand Powdered Milk 320g,21,Dairy,70.00,90.00
2025-03-20,Alaska Evap Milk 370ml,5,Dairy,32.00,42.00
2025-03-20,Ligo Sardines 155g,0,Canned Goods,18.00,25.00
2025-03-20,Sunsilk Shampoo Sachet,0,Body Care,5.00,8.00
2025-03-20,Biogesic 500mg Tablet,0,Medicine,4.00,7.00
2025-03-20,AA Batteries (pair),1,Household,35.00,55.00
2025-03-20,Sewing Needle Pack,0,Household,12.00,25.00
2025-03-21,Cooking Oil 1L,25,Pantry,60.00,75.00
2025-03-21,Bear Brand Powdered Milk 320g,16,Dairy,70.00,90.00
2025-03-21,Alaska Evap Milk 370ml,6,Dairy,32.00,42.00
2025-03-21,Ligo Sardines 155g,2,Canned Goods,18.00,25.00
2025-03-21,Sunsilk Shampoo Sachet,4,Body Care,5.00,8.00
2025-03-21,Biogesic 500mg Tablet,0,Medicine,4.00,7.00
2025-03-21,AA Batteries (pair),2,Household,35.00,55.00
2025-03-21,Sewing Needle Pack,0,Household,12.00,25.00
2025-03-22,Cooking Oil 1L,44,Pantry,60.00,75.00
2025-03-22,Bear Brand Powdered Milk 320g,17,Dairy,70.00,90.00
2025-03-22,Alaska Evap Milk 370ml,2,Dairy,32.00,42.00
2025-03-22,Ligo Sardines 155g,5,Canned Goods,18.00,25.00
2025-03-22,Sunsilk Shampoo Sachet,0,Body Care,5.00,8.00
2025-03-22,Biogesic 500mg Tablet,0,Medicine,4.00,7.00
2025-03-22,AA Batteries (pair),0,Household,35.00,55.00
2025-03-22,Sewing Needle Pack,0,Household,12.00,25.00
2025-03-23,Cooking Oil 1L,43,Pantry,60.00,75.00
2025-03-23,Bear Brand Powdered Milk 320g,14,Dairy,70.00,90.00
2025-03-23,Alaska Evap Milk 370ml,11,Dairy,32.00,42.00
2025-03-23,Ligo Sardines 155g,4,Canned Goods,18.00,25.00
2025-03-23,Sunsilk Shampoo Sachet,3,Body Care,5.00,8.00
2025-03-23,Biogesic 500mg Tablet,0,Medicine,4.00,7.00
2025-03-23,AA Batteries (pair),0,Household,35.00,55.00
2025-03-23,Sewing Needle Pack,0,Household,12.00,25.00
2025-03-24,Cooking Oil 1L,29,Pantry,60.00,75.00
2025-03-24,Bear Brand Powdered Milk 320g,10,Dairy,70.00,90.00
2025-03-24,Alaska Evap Milk 370ml,4,Dairy,32.00,42.00
2025-03-24,Ligo Sardines 155g,1,Canned Goods,18.00,25.00
2025-03-24,Sunsilk Shampoo Sachet,5,Body Care,5.00,8.00
2025-03-24,Biogesic 500mg Tablet,1,Medicine,4.00,7.00
2025-03-24,AA Batteries (pair),0,Household,35.00,55.00
2025-03-24,Sewing Needle Pack,0,Household,12.00,25.00
2025-03-25,Cooking Oil 1L,16,Pantry,60.00,75.00
2025-03-25,Bear Brand Powdered Milk 320g,16,Dairy,70.00,90.00
2025-03-25,Alaska Evap Milk 370ml,5,Dairy,32.00,42.00
2025-03-25,Ligo Sardines 155g,0,Canned Goods,18.00,25.00
2025-03-25,Sunsilk Shampoo Sachet,0,Body Care,5.00,8.00
2025-03-25,Biogesic 500mg Tablet,3,Medicine,4.00,7.00
2025-03-25,AA Batteries (pair),0,Household,35.00,55.00
2025-03-25,Sewing Needle Pack,0,Household,12.00,25.00
2025-03-26,Cooking Oil 1L,19,Pantry,60.00,75.00
2025-03-26,Bear Brand Powdered Milk 320g,14,Dairy,70.00,90.00
2025-03-26,Alaska Evap Milk 370ml,3,Dairy,32.00,42.00
2025-03-26,Ligo Sardines 155g,1,Canned Goods,18.00,25.00
2025-03-26,Sunsilk Shampoo Sachet,1,Body Care,5.00,8.00
2025-03-26,Biogesic 500mg Tablet,0,Medicine,4.00,7.00
2025-03-26,AA Batteries (pair),0,Household,35.00,55.00
2025-03-26,Sewing Needle Pack,1,Household,12.00,25.00
2025-03-27,Cooking Oil 1L,28,Pantry,60.00,75.00
2025-03-27,Bear Brand Powdered Milk 320g,14,Dairy,70.00,90.00
2025-03-27,Alaska Evap Milk 370ml,4,Dairy,32.00,42.00
2025-03-27,Ligo Sardines 155g,1,Canned Goods,18.00,25.00
2025-03-27,Sunsilk Shampoo Sachet,0,Body Care,5.00,8.00
2025-03-27,Biogesic 500mg Tablet,2,Medicine,4.00,7.00
2025-03-27,AA Batteries (pair),0,Household,35.00,55.00
2025-03-27,Sewing Needle Pack,1,Household,12.00,25.00
2025-03-28,Cooking Oil 1L,38,Pantry,60.00,75.00
2025-03-28,Bear Brand Powdered Milk 320g,19,Dairy,70.00,90.00
2025-03-28,Alaska Evap Milk 370ml,3,Dairy,32.00,42.00
2025-03-28,Ligo Sardines 155g,0,Canned Goods,18.00,25.00
2025-03-28,Sunsilk Shampoo Sachet,0,Body Care,5.00,8.00
2025-03-28,Biogesic 500mg Tablet,0,Medicine,4.00,7.00
2025-03-28,AA Batteries (pair),0,Household,35.00,55.00
2025-03-28,Sewing Needle Pack,1,Household,12.00,25.00
2025-03-29,Cooking Oil 1L,61,Pantry,60.00,75.00
2025-03-29,Bear Brand Powdered Milk 320g,21,Dairy,70.00,90.00
2025-03-29,Alaska Evap Milk 370ml,7,Dairy,32.00,42.00
2025-03-29,Ligo Sardines 155g,0,Canned Goods,18.00,25.00
2025-03-29,Sunsilk Shampoo Sachet,2,Body Care,5.00,8.00
2025-03-29,Biogesic 500mg Tablet,1,Medicine,4.00,7.00
2025-03-29,AA Batteries (pair),1,Household,35.00,55.00
2025-03-29,Sewing Needle Pack,0,Household,12.00,25.00
2025-03-30,Cooking Oil 1L,48,Pantry,60.00,75.00
2025-03-30,Bear Brand Powdered Milk 320g,16,Dairy,70.00,90.00
2025-03-30,Alaska Evap Milk 370ml,15,Dairy,32.00,42.00
2025-03-30,Ligo Sardines 155g,8,Canned Goods,18.00,25.00
2025-03-30,Sunsilk Shampoo Sachet,2,Body Care,5.00,8.00
2025-03-30,Biogesic 500mg Tablet,0,Medicine,4.00,7.00
2025-03-30,AA Batteries (pair),0,Household,35.00,55.00
2025-03-30,Sewing Needle Pack,0,Household,12.00,25.00
2025-03-31,Cooking Oil 1L,33,Pantry,60.00,75.00
2025-03-31,Bear Brand Powdered Milk 320g,20,Dairy,70.00,90.00
2025-03-31,Alaska Evap Milk 370ml,9,Dairy,32.00,42.00
2025-03-31,Ligo Sardines 155g,3,Canned Goods,18.00,25.00
2025-03-31,Sunsilk Shampoo Sachet,0,Body Care,5.00,8.00
2025-03-31,Biogesic 500mg Tablet,1,Medicine,4.00,7.00
2025-03-31,AA Batteries (pair),0,Household,35.00,55.00
2025-03-31,Sewing Needle Pack,0,Household,12.00,25.00
2025-04-01,Cooking Oil 1L,29,Pantry,60.00,75.00
2025-04-01,Bear Brand Powdered Milk 320g,15,Dairy,70.00,90.00
2025-04-01,Alaska Evap Milk 370ml,5,Dairy,32.00,42.00
2025-04-01,Ligo Sardines 155g,2,Canned Goods,18.00,25.00
2025-04-01,Sunsilk Shampoo Sachet,0,Body Care,5.00,8.00
2025-04-01,Biogesic 500mg Tablet,0,Medicine,4.00,7.00
2025-04-01,AA Batteries (pair),1,Household,35.00,55.00
2025-04-01,Sewing Needle Pack,0,Household,12.00,25.00
2025-04-02,Cooking Oil 1L,22,Pantry,60.00,75.00
2025-04-02,Bear Brand Powdered Milk 320g,12,Dairy,70.00,90.00
2025-04-02,Alaska Evap Milk 370ml,5,Dairy,32.00,42.00
2025-04-02,Ligo Sardines 155g,5,Canned Goods,18.00,25.00
2025-04-02,Sunsilk Shampoo Sachet,1,Body Care,5.00,8.00
2025-04-02,Biogesic 500mg Tablet,1,Medicine,4.00,7.00
2025-04-02,AA Batteries (pair),0,Household,35.00,55.00
2025-04-02,Sewing Needle Pack,0,Household,12.00,25.00
2025-04-03,Cooking Oil 1L,19,Pantry,60.00,75.00
2025-04-03,Bear Brand Powdered Milk 320g,9,Dairy,70.00,90.00
2025-04-03,Alaska Evap Milk 370ml,4,Dairy,32.00,42.00
2025-04-03,Ligo Sardines 155g,2,Canned Goods,18.00,25.00
2025-04-03,Sunsilk Shampoo Sachet,2,Body Care,5.00,8.00
2025-04-03,Biogesic 500mg Tablet,0,Medicine,4.00,7.00
2025-04-03,AA Batteries (pair),0,Household,35.00,55.00
2025-04-03,Sewing Needle Pack,0,Household,12.00,25.00
2025-04-04,Cooking Oil 1L,38,Pantry,60.00,75.00
2025-04-04,Bear Brand Powdered Milk 320g,11,Dairy,70.00,90.00
2025-04-04,Alaska Evap Milk 370ml,10,Dairy,32.00,42.00
2025-04-04,Ligo Sardines 155g,4,Canned Goods,18.00,25.00
2025-04-04,Sunsilk Shampoo Sachet,0,Body Care,5.00,8.00
2025-04-04,Biogesic 500mg Tablet,0,Medicine,4.00,7.00
2025-04-04,AA Batteries (pair),0,Household,35.00,55.00
2025-04-04,Sewing Needle Pack,0,Household,12.00,25.00
2025-04-05,Cooking Oil 1L,22,Pantry,60.00,75.00
2025-04-05,Bear Brand Powdered Milk 320g,23,Dairy,70.00,90.00
2025-04-05,Alaska Evap Milk 370ml,3,Dairy,32.00,42.00
2025-04-05,Ligo Sardines 155g,2,Canned Goods,18.00,25.00
2025-04-05,Sunsilk Shampoo Sachet,2,Body Care,5.00,8.00
2025-04-05,Biogesic 500mg Tablet,1,Medicine,4.00,7.00
2025-04-05,AA Batteries (pair),0,Household,35.00,55.00
2025-04-05,Sewing Needle Pack,0,Household,12.00,25.00
2025-04-06,Cooking Oil 1L,29,Pantry,60.00,75.00
2025-04-06,Bear Brand Powdered Milk 320g,8,Dairy,70.00,90.00
2025-04-06,Alaska Evap Milk 370ml,6,Dairy,32.00,42.00
2025-04-06,Ligo Sardines 155g,1,Canned Goods,18.00,25.00
2025-04-06,Sunsilk Shampoo Sachet,2,Body Care,5.00,8.00
2025-04-06,Biogesic 500mg Tablet,0,Medicine,4.00,7.00
2025-04-06,AA Batteries (pair),0,Household,35.00,55.00
2025-04-06,Sewing Needle Pack,1,Household,12.00,25.00
2025-04-07,Cooking Oil 1L,16,Pantry,60.00,75.00
2025-04-07,Bear Brand Powdered Milk 320g,11,Dairy,70.00,90.00
2025-04-07,Alaska Evap Milk 370ml,6,Dairy,32.00,42.00
2025-04-07,Ligo Sardines 155g,2,Canned Goods,18.00,25.00
2025-04-07,Sunsilk Shampoo Sachet,2,Body Care,5.00,8.00
2025-04-07,Biogesic 500mg Tablet,0,Medicine,4.00,7.00
2025-04-07,AA Batteries (pair),1,Household,35.00,55.00
2025-04-07,Sewing Needle Pack,1,Household,12.00,25.00
2025-04-08,Cooking Oil 1L,11,Pantry,60.00,75.00
2025-04-08,Bear Brand Powdered Milk 320g,8,Dairy,70.00,90.00
2025-04-08,Alaska Evap Milk 370ml,4,Dairy,32.00,42.00
2025-04-08,Ligo Sardines 155g,1,Canned Goods,18.00,25.00
2025-04-08,Sunsilk Shampoo Sachet,0,Body Care,5.00,8.00
2025-04-08,Biogesic 500mg Tablet,0,Medicine,4.00,7.00
2025-04-08,AA Batteries (pair),0,Household,35.00,55.00
2025-04-08,Sewing Needle Pack,0,Household,12.00,25.00
2025-04-09,Cooking Oil 1L,32,Pantry,60.00,75.00
2025-04-09,Bear Brand Powdered Milk 320g,12,Dairy,70.00,90.00
2025-04-09,Alaska Evap Milk 370ml,1,Dairy,32.00,42.00
2025-04-09,Ligo Sardines 155g,2,Canned Goods,18.00,25.00
2025-04-09,Sunsilk Shampoo Sachet,1,Body Care,5.00,8.00
2025-04-09,Biogesic 500mg Tablet,2,Medicine,4.00,7.00
2025-04-09,AA Batteries (pair),0,Household,35.00,55.00
2025-04-09,Sewing Needle Pack,0,Household,12.00,25.00
2025-04-10,Cooking Oil 1L,28,Pantry,60.00,75.00
2025-04-10,Bear Brand Powdered Milk 320g,18,Dairy,70.00,90.00
2025-04-10,Alaska Evap Milk 370ml,2,Dairy,32.00,42.00
2025-04-10,Ligo Sardines 155g,2,Canned Goods,18.00,25.00
2025-04-10,Sunsilk Shampoo Sachet,2,Body Care,5.00,8.00
2025-04-10,Biogesic 500mg Tablet,0,Medicine,4.00,7.00
2025-04-10,AA Batteries (pair),1,Household,35.00,55.00
2025-04-10,Sewing Needle Pack,0,Household,12.00,25.00
2025-04-11,Cooking Oil 1L,39,Pantry,60.00,75.00
2025-04-11,Bear Brand Powdered Milk 320g,14,Dairy,70.00,90.00
2025-04-11,Alaska Evap Milk 370ml,3,Dairy,32.00,42.00
2025-04-11,Ligo Sardines 155g,2,Canned Goods,18.00,25.00
2025-04-11,Sunsilk Shampoo Sachet,2,Body Care,5.00,8.00
2025-04-11,Biogesic 500mg Tablet,0,Medicine,4.00,7.00
2025-04-11,AA Batteries (pair),0,Household,35.00,55.00
2025-04-11,Sewing Needle Pack,1,Household,12.00,25.00
2025-04-12,Cooking Oil 1L,46,Pantry,60.00,75.00
2025-04-12,Bear Brand Powdered Milk 320g,17,Dairy,70.00,90.00
2025-04-12,Alaska Evap Milk 370ml,2,Dairy,32.00,42.00
2025-04-12,Ligo Sardines 155g,6,Canned Goods,18.00,25.00
2025-04-12,Sunsilk Shampoo Sachet,1,Body Care,5.00,8.00
2025-04-12,Biogesic 500mg Tablet,1,Medicine,4.00,7.00
2025-04-12,AA Batteries (pair),1,Household,35.00,55.00
2025-04-12,Sewing Needle Pack,0,Household,12.00,25.00
2025-04-13,Cooking Oil 1L,49,Pantry,60.00,75.00
2025-04-13,Bear Brand Powdered Milk 320g,14,Dairy,70.00,90.00
2025-04-13,Alaska Evap Milk 370ml,2,Dairy,32.00,42.00
2025-04-13,Ligo Sardines 155g,2,Canned Goods,18.00,25.00
2025-04-13,Sunsilk Shampoo Sachet,2,Body Care,5.00,8.00
2025-04-13,Biogesic 500mg Tablet,0,Medicine,4.00,7.00
2025-04-13,AA Batteries (pair),0,Household,35.00,55.00
2025-04-13,Sewing Needle Pack,0,Household,12.00,25.00
2025-04-14,Cooking Oil 1L,42,Pantry,60.00,75.00
2025-04-14,Bear Brand Powdered Milk 320g,18,Dairy,70.00,90.00
2025-04-14,Alaska Evap Milk 370ml,4,Dairy,32.00,42.00
2025-04-14,Ligo Sardines 155g,4,Canned Goods,18.00,25.00
2025-04-14,Sunsilk Shampoo Sachet,1,Body Care,5.00,8.00
2025-04-14,Biogesic 500mg Tablet,3,Medicine,4.00,7.00
2025-04-14,AA Batteries (pair),0,Household,35.00,55.00
2025-04-14,Sewing Needle Pack,0,Household,12.00,25.00
2025-04-15,Cooking Oil 1L,34,Pantry,60.00,75.00
2025-04-15,Bear Brand Powdered Milk 320g,9,Dairy,70.00,90.00
2025-04-15,Alaska Evap Milk 370ml,1,Dairy,32.00,42.00
2025-04-15,Ligo Sardines 155g,2,Canned Goods,18.00,25.00
2025-04-15,Sunsilk Shampoo Sachet,2,Body Care,5.00,8.00
2025-04-15,Biogesic 500mg Tablet,0,Medicine,4.00,7.00
2025-04-15,AA Batteries (pair),1,Household,35.00,55.00
2025-04-15,Sewing Needle Pack,0,Household,12.00,25.00
2025-04-16,Cooking Oil 1L,47,Pantry,60.00,75.00
2025-04-16,Bear Brand Powdered Milk 320g,7,Dairy,70.00,90.00
2025-04-16,Alaska Evap Milk 370ml,4,Dairy,32.00,42.00
2025-04-16,Ligo Sardines 155g,4,Canned Goods,18.00,25.00
2025-04-16,Sunsilk Shampoo Sachet,3,Body Care,5.00,8.00
2025-04-16,Biogesic 500mg Tablet,1,Medicine,4.00,7.00
2025-04-16,AA Batteries (pair),0,Household,35.00,55.00
2025-04-16,Sewing Needle Pack,0,Household,12.00,25.00
2025-04-17,Cooking Oil 1L,38,Pantry,60.00,75.00
2025-04-17,Bear Brand Powdered Milk 320g,12,Dairy,70.00,90.00
2025-04-17,Alaska Evap Milk 370ml,3,Dairy,32.00,42.00
2025-04-17,Ligo Sardines 155g,2,Canned Goods,18.00,25.00
2025-04-17,Sunsilk Shampoo Sachet,1,Body Care,5.00,8.00
2025-04-17,Biogesic 500mg Tablet,0,Medicine,4.00,7.00
2025-04-17,AA Batteries (pair),2,Household,35.00,55.00
2025-04-17,Sewing Needle Pack,0,Household,12.00,25.00
2025-04-18,Cooking Oil 1L,50,Pantry,60.00,75.00
2025-04-18,Bear Brand Powdered Milk 320g,15,Dairy,70.00,90.00
2025-04-18,Alaska Evap Milk 370ml,5,Dairy,32.00,42.00
2025-04-18,Ligo Sardines 155g,7,Canned Goods,18.00,25.00
2025-04-18,Sunsilk Shampoo Sachet,3,Body Care,5.00,8.00
2025-04-18,Biogesic 500mg Tablet,0,Medicine,4.00,7.00
2025-04-18,AA Batteries (pair),0,Household,35.00,55.00
2025-04-18,Sewing Needle Pack,0,Household,12.00,25.00
2025-04-19,Cooking Oil 1L,44,Pantry,60.00,75.00
2025-04-19,Bear Brand Powdered Milk 320g,18,Dairy,70.00,90.00
2025-04-19,Alaska Evap Milk 370ml,2,Dairy,32.00,42.00
2025-04-19,Ligo Sardines 155g,5,Canned Goods,18.00,25.00
2025-04-19,Sunsilk Shampoo Sachet,0,Body Care,5.00,8.00
2025-04-19,Biogesic 500mg Tablet,1,Medicine,4.00,7.00
2025-04-19,AA Batteries (pair),1,Household,35.00,55.00
2025-04-19,Sewing Needle Pack,0,Household,12.00,25.00
2025-04-20,Cooking Oil 1L,46,Pantry,60.00,75.00
2025-04-20,Bear Brand Powdered Milk 320g,15,Dairy,70.00,90.00
2025-04-20,Alaska Evap Milk 370ml,3,Dairy,32.00,42.00
2025-04-20,Ligo Sardines 155g,3,Canned Goods,18.00,25.00
2025-04-20,Sunsilk Shampoo Sachet,1,Body Care,5.00,8.00
2025-04-20,Biogesic 500mg Tablet,0,Medicine,4.00,7.00
2025-04-20,AA Batteries (pair),0,Household,35.00,55.00
2025-04-20,Sewing Needle Pack,0,Household,12.00,25.00
2025-04-21,Cooking Oil 1L,37,Pantry,60.00,75.00
2025-04-21,Bear Brand Powdered Milk 320g,19,Dairy,70.00,90.00
2025-04-21,Alaska Evap Milk 370ml,2,Dairy,32.00,42.00
2025-04-21,Ligo Sardines 155g,2,Canned Goods,18.00,25.00
2025-04-21,Sunsilk Shampoo Sachet,2,Body Care,5.00,8.00
2025-04-21,Biogesic 500mg Tablet,0,Medicine,4.00,7.00
2025-04-21,AA Batteries (pair),0,Household,35.00,55.00
2025-04-21,Sewing Needle Pack,0,Household,12.00,25.00
2025-04-22,Cooking Oil 1L,29,Pantry,60.00,75.00
2025-04-22,Bear Brand Powdered Milk 320g,16,Dairy,70.00,90.00
2025-04-22,Alaska Evap Milk 370ml,2,Dairy,32.00,42.00
2025-04-22,Ligo Sardines 155g,0,Canned Goods,18.00,25.00
2025-04-22,Sunsilk Shampoo Sachet,0,Body Care,5.00,8.00
2025-04-22,Biogesic 500mg Tablet,1,Medicine,4.00,7.00
2025-04-22,AA Batteries (pair),1,Household,35.00,55.00
2025-04-22,Sewing Needle Pack,0,Household,12.00,25.00
2025-04-23,Cooking Oil 1L,14,Pantry,60.00,75.00
2025-04-23,Bear Brand Powdered Milk 320g,12,Dairy,70.00,90.00
2025-04-23,Alaska Evap Milk 370ml,2,Dairy,32.00,42.00
2025-04-23,Ligo Sardines 155g,1,Canned Goods,18.00,25.00
2025-04-23,Sunsilk Shampoo Sachet,0,Body Care,5.00,8.00
2025-04-23,Biogesic 500mg Tablet,0,Medicine,4.00,7.00
2025-04-23,AA Batteries (pair),0,Household,35.00,55.00
2025-04-23,Sewing Needle Pack,1,Household,12.00,25.00
2025-04-24,Cooking Oil 1L,23,Pantry,60.00,75.00
2025-04-24,Bear Brand Powdered Milk 320g,9,Dairy,70.00,90.00
2025-04-24,Alaska Evap Milk 370ml,4,Dairy,32.00,42.00
2025-04-24,Ligo Sardines 155g,1,Canned Goods,18.00,25.00
2025-04-24,Sunsilk Shampoo Sachet,1,Body Care,5.00,8.00
2025-04-24,Biogesic 500mg Tablet,1,Medicine,4.00,7.00
2025-04-24,AA Batteries (pair),0,Household,35.00,55.00
2025-04-24,Sewing Needle Pack,0,Household,12.00,25.00
2025-04-25,Cooking Oil 1L,26,Pantry,60.00,75.00
2025-04-25,Bear Brand Powdered Milk 320g,9,Dairy,70.00,90.00
2025-04-25,Alaska Evap Milk 370ml,2,Dairy,32.00,42.00
2025-04-25,Ligo Sardines 155g,2,Canned Goods,18.00,25.00
2025-04-25,Sunsilk Shampoo Sachet,0,Body Care,5.00,8.00
2025-04-25,Biogesic 500mg Tablet,0,Medicine,4.00,7.00
2025-04-25,AA Batteries (pair),1,Household,35.00,55.00
2025-04-25,Sewing Needle Pack,0,Household,12.00,25.00
2025-04-26,Cooking Oil 1L,31,Pantry,60.00,75.00
2025-04-26,Bear Brand Powdered Milk 320g,14,Dairy,70.00,90.00
2025-04-26,Alaska Evap Milk 370ml,3,Dairy,32.00,42.00
2025-04-26,Ligo Sardines 155g,2,Canned Goods,18.00,25.00
2025-04-26,Sunsilk Shampoo Sachet,2,Body Care,5.00,8.00
2025-04-26,Biogesic 500mg Tablet,0,Medicine,4.00,7.00
2025-04-26,AA Batteries (pair),1,Household,35.00,55.00
2025-04-26,Sewing Needle Pack,0,Household,12.00,25.00
2025-04-27,Cooking Oil 1L,48,Pantry,60.00,75.00
2025-04-27,Bear Brand Powdered Milk 320g,21,Dairy,70.00,90.00
2025-04-27,Alaska Evap Milk 370ml,6,Dairy,32.00,42.00
2025-04-27,Ligo Sardines 155g,2,Canned Goods,18.00,25.00
2025-04-27,Sunsilk Shampoo Sachet,0,Body Care,5.00,8.00
2025-04-27,Biogesic 500mg Tablet,1,Medicine,4.00,7.00
2025-04-27,AA Batteries (pair),1,Household,35.00,55.00
2025-04-27,Sewing Needle Pack,0,Household,12.00,25.00
2025-04-28,Cooking Oil 1L,58,Pantry,60.00,75.00
2025-04-28,Bear Brand Powdered Milk 320g,12,Dairy,70.00,90.00
2025-04-28,Alaska Evap Milk 370ml,2,Dairy,32.00,42.00
2025-04-28,Ligo Sardines 155g,5,Canned Goods,18.00,25.00
2025-04-28,Sunsilk Shampoo Sachet,1,Body Care,5.00,8.00
2025-04-28,Biogesic 500mg Tablet,0,Medicine,4.00,7.00
2025-04-28,AA Batteries (pair),0,Household,35.00,55.00
2025-04-28,Sewing Needle Pack,0,Household,12.00,25.00
2025-04-29,Cooking Oil 1L,24,Pantry,60.00,75.00
2025-04-29,Bear Brand Powdered Milk 320g,15,Dairy,70.00,90.00
2025-04-29,Alaska Evap Milk 370ml,4,Dairy,32.00,42.00
2025-04-29,Ligo Sardines 155g,1,Canned Goods,18.00,25.00
2025-04-29,Sunsilk Shampoo Sachet,0,Body Care,5.00,8.00
2025-04-29,Biogesic 500mg Tablet,1,Medicine,4.00,7.00
2025-04-29,AA Batteries (pair),0,Household,35.00,55.00
2025-04-29,Sewing Needle Pack,0,Household,12.00,25.00
2025-04-30,Cooking Oil 1L,45,Pantry,60.00,75.00
2025-04-30,Bear Brand Powdered Milk 320g,24,Dairy,70.00,90.00
2025-04-30,Alaska Evap Milk 370ml,5,Dairy,32.00,42.00
2025-04-30,Ligo Sardines 155g,3,Canned Goods,18.00,25.00
2025-04-30,Sunsilk Shampoo Sachet,0,Body Care,5.00,8.00
2025-04-30,Biogesic 500mg Tablet,0,Medicine,4.00,7.00
2025-04-30,AA Batteries (pair),0,Household,35.00,55.00
2025-04-30,Sewing Needle Pack,0,Household,12.00,25.00
2025-05-01,Cooking Oil 1L,21,Pantry,60.00,75.00
2025-05-01,Bear Brand Powdered Milk 320g,18,Dairy,70.00,90.00
2025-05-01,Alaska Evap Milk 370ml,1,Dairy,32.00,42.00
2025-05-01,Ligo Sardines 155g,1,Canned Goods,18.00,25.00
2025-05-01,Sunsilk Shampoo Sachet,1,Body Care,5.00,8.00
2025-05-01,Biogesic 500mg Tablet,1,Medicine,4.00,7.00
2025-05-01,AA Batteries (pair),2,Household,35.00,55.00
2025-05-01,Sewing Needle Pack,0,Household,12.00,25.00
2025-05-02,Cooking Oil 1L,40,Pantry,60.00,75.00
2025-05-02,Bear Brand Powdered Milk 320g,11,Dairy,70.00,90.00
2025-05-02,Alaska Evap Milk 370ml,3,Dairy,32.00,42.00
2025-05-02,Ligo Sardines 155g,2,Canned Goods,18.00,25.00
2025-05-02,Sunsilk Shampoo Sachet,0,Body Care,5.00,8.00
2025-05-02,Biogesic 500mg Tablet,0,Medicine,4.00,7.00
2025-05-02,AA Batteries (pair),0,Household,35.00,55.00
2025-05-02,Sewing Needle Pack,0,Household,12.00,25.00
2025-05-03,Cooking Oil 1L,33,Pantry,60.00,75.00
2025-05-03,Bear Brand Powdered Milk 320g,17,Dairy,70.00,90.00
2025-05-03,Alaska Evap Milk 370ml,6,Dairy,32.00,42.00
2025-05-03,Ligo Sardines 155g,5,Canned Goods,18.00,25.00
2025-05-03,Sunsilk Shampoo Sachet,0,Body Care,5.00,8.00
2025-05-03,Biogesic 500mg Tablet,0,Medicine,4.00,7.00
2025-05-03,AA Batteries (pair),1,Household,35.00,55.00
2025-05-03,Sewing Needle Pack,0,Household,12.00,25.00
2025-05-04,Cooking Oil 1L,29,Pantry,60.00,75.00
2025-05-04,Bear Brand Powdered Milk 320g,11,Dairy,70.00,90.00
2025-05-04,Alaska Evap Milk 370ml,2,Dairy,32.00,42.00
2025-05-04,Ligo Sardines 155g,2,Canned Goods,18.00,25.00
2025-05-04,Sunsilk Shampoo Sachet,1,Body Care,5.00,8.00
2025-05-04,Biogesic 500mg Tablet,0,Medicine,4.00,7.00
2025-05-04,AA Batteries (pair),0,Household,35.00,55.00
2025-05-04,Sewing Needle Pack,0,Household,12.00,25.00
2025-05-05,Cooking Oil 1L,12,Pantry,60.00,75.00
2025-05-05,Bear Brand Powdered Milk 320g,6,Dairy,70.00,90.00
2025-05-05,Alaska Evap Milk 370ml,6,Dairy,32.00,42.00
2025-05-05,Ligo Sardines 155g,4,Canned Goods,18.00,25.00
2025-05-05,Sunsilk Shampoo Sachet,1,Body Care,5.00,8.00
2025-05-05,Biogesic 500mg Tablet,0,Medicine,4.00,7.00
2025-05-05,AA Batteries (pair),0,Household,35.00,55.00
2025-05-05,Sewing Needle Pack,0,Household,12.00,25.00
2025-05-06,Cooking Oil 1L,19,Pantry,60.00,75.00
2025-05-06,Bear Brand Powdered Milk 320g,22,Dairy,70.00,90.00
2025-05-06,Alaska Evap Milk 370ml,1,Dairy,32.00,42.00
2025-05-06,Ligo Sardines 155g,1,Canned Goods,18.00,25.00
2025-05-06,Sunsilk Shampoo Sachet,1,Body Care,5.00,8.00
2025-05-06,Biogesic 500mg Tablet,0,Medicine,4.00,7.00
2025-05-06,AA Batteries (pair),0,Household,35.00,55.00
2025-05-06,Sewing Needle Pack,0,Household,12.00,25.00
2025-05-07,Cooking Oil 1L,38,Pantry,60.00,75.00
2025-05-07,Bear Brand Powdered Milk 320g,11,Dairy,70.00,90.00
2025-05-07,Alaska Evap Milk 370ml,2,Dairy,32.00,42.00
2025-05-07,Ligo Sardines 155g,1,Canned Goods,18.00,25.00
2025-05-07,Sunsilk Shampoo Sachet,3,Body Care,5.00,8.00
2025-05-07,Biogesic 500mg Tablet,1,Medicine,4.00,7.00
2025-05-07,AA Batteries (pair),0,Household,35.00,55.00
2025-05-07,Sewing Needle Pack,0,Household,12.00,25.00
2025-05-08,Cooking Oil 1L,34,Pantry,60.00,75.00
2025-05-08,Bear Brand Powdered Milk 320g,17,Dairy,70.00,90.00
2025-05-08,Alaska Evap Milk 370ml,7,Dairy,32.00,42.00
2025-05-08,Ligo Sardines 155g,0,Canned Goods,18.00,25.00
2025-05-08,Sunsilk Shampoo Sachet,0,Body Care,5.00,8.00
2025-05-08,Biogesic 500mg Tablet,0,Medicine,4.00,7.00
2025-05-08,AA Batteries (pair),0,Household,35.00,55.00
2025-05-08,Sewing Needle Pack,0,Household,12.00,25.00
2025-05-09,Cooking Oil 1L,47,Pantry,60.00,75.00
2025-05-09,Bear Brand Powdered Milk 320g,21,Dairy,70.00,90.00
2025-05-09,Alaska Evap Milk 370ml,4,Dairy,32.00,42.00
2025-05-09,Ligo Sardines 155g,3,Canned Goods,18.00,25.00
2025-05-09,Sunsilk Shampoo Sachet,0,Body Care,5.00,8.00
2025-05-09,Biogesic 500mg Tablet,1,Medicine,4.00,7.00
2025-05-09,AA Batteries (pair),0,Household,35.00,55.00
2025-05-09,Sewing Needle Pack,0,Household,12.00,25.00
2025-05-10,Cooking Oil 1L,35,Pantry,60.00,75.00
2025-05-10,Bear Brand Powdered Milk 320g,15,Dairy,70.00,90.00
2025-05-10,Alaska Evap Milk 370ml,5,Dairy,32.00,42.00
2025-05-10,Ligo Sardines 155g,3,Canned Goods,18.00,25.00
2025-05-10,Sunsilk Shampoo Sachet,1,Body Care,5.00,8.00
2025-05-10,Biogesic 500mg Tablet,1,Medicine,4.00,7.00
2025-05-10,AA Batteries (pair),0,Household,35.00,55.00
2025-05-10,Sewing Needle Pack,0,Household,12.00,25.00
2025-05-11,Cooking Oil 1L,34,Pantry,60.00,75.00
2025-05-11,Bear Brand Powdered Milk 320g,8,Dairy,70.00,90.00
2025-05-11,Alaska Evap Milk 370ml,6,Dairy,32.00,42.00
2025-05-11,Ligo Sardines 155g,1,Canned Goods,18.00,25.00
2025-05-11,Sunsilk Shampoo Sachet,1,Body Care,5.00,8.00
2025-05-11,Biogesic 500mg Tablet,1,Medicine,4.00,7.00
2025-05-11,AA Batteries (pair),1,Household,35.00,55.00
2025-05-11,Sewing Needle Pack,0,Household,12.00,25.00
2025-05-12,Cooking Oil 1L,32,Pantry,60.00,75.00
2025-05-12,Bear Brand Powdered Milk 320g,13,Dairy,70.00,90.00
2025-05-12,Alaska Evap Milk 370ml,7,Dairy,32.00,42.00
2025-05-12,Ligo Sardines 155g,1,Canned Goods,18.00,25.00
2025-05-12,Sunsilk Shampoo Sachet,0,Body Care,5.00,8.00
2025-05-12,Biogesic 500mg Tablet,1,Medicine,4.00,7.00
2025-05-12,AA Batteries (pair),0,Household,35.00,55.00
2025-05-12,Sewing Needle Pack,0,Household,12.00,25.00
2025-05-13,Cooking Oil 1L,20,Pantry,60.00,75.00
2025-05-13,Bear Brand Powdered Milk 320g,6,Dairy,70.00,90.00
2025-05-13,Alaska Evap Milk 370ml,3,Dairy,32.00,42.00
2025-05-13,Ligo Sardines 155g,4,Canned Goods,18.00,25.00
2025-05-13,Sunsilk Shampoo Sachet,1,Body Care,5.00,8.00
2025-05-13,Biogesic 500mg Tablet,2,Medicine,4.00,7.00
2025-05-13,AA Batteries (pair),0,Household,35.00,55.00
2025-05-13,Sewing Needle Pack,0,Household,12.00,25.00
2025-05-14,Cooking Oil 1L,27,Pantry,60.00,75.00
2025-05-14,Bear Brand Powdered Milk 320g,10,Dairy,70.00,90.00
2025-05-14,Alaska Evap Milk 370ml,2,Dairy,32.00,42.00
2025-05-14,Ligo Sardines 155g,0,Canned Goods,18.00,25.00
2025-05-14,Sunsilk Shampoo Sachet,3,Body Care,5.00,8.00
2025-05-14,Biogesic 500mg Tablet,1,Medicine,4.00,7.00
2025-05-14,AA Batteries (pair),0,Household,35.00,55.00
2025-05-14,Sewing Needle Pack,0,Household,12.00,25.00
2025-05-15,Cooking Oil 1L,30,Pantry,60.00,75.00
2025-05-15,Bear Brand Powdered Milk 320g,14,Dairy,70.00,90.00
2025-05-15,Alaska Evap Milk 370ml,0,Dairy,32.00,42.00
2025-05-15,Ligo Sardines 155g,3,Canned Goods,18.00,25.00
2025-05-15,Sunsilk Shampoo Sachet,0,Body Care,5.00,8.00
2025-05-15,Biogesic 500mg Tablet,0,Medicine,4.00,7.00
2025-05-15,AA Batteries (pair),0,Household,35.00,55.00
2025-05-15,Sewing Needle Pack,0,Household,12.00,25.00
2025-05-16,Cooking Oil 1L,28,Pantry,60.00,75.00
2025-05-16,Bear Brand Powdered Milk 320g,20,Dairy,70.00,90.00
2025-05-16,Alaska Evap Milk 370ml,5,Dairy,32.00,42.00
2025-05-16,Ligo Sardines 155g,2,Canned Goods,18.00,25.00
2025-05-16,Sunsilk Shampoo Sachet,1,Body Care,5.00,8.00
2025-05-16,Biogesic 500mg Tablet,1,Medicine,4.00,7.00
2025-05-16,AA Batteries (pair),1,Household,35.00,55.00
2025-05-16,Sewing Needle Pack,0,Household,12.00,25.00
2025-05-17,Cooking Oil 1L,18,Pantry,60.00,75.00
2025-05-17,Bear Brand Powdered Milk 320g,13,Dairy,70.00,90.00
2025-05-17,Alaska Evap Milk 370ml,4,Dairy,32.00,42.00
2025-05-17,Ligo Sardines 155g,2,Canned Goods,18.00,25.00
2025-05-17,Sunsilk Shampoo Sachet,1,Body Care,5.00,8.00
2025-05-17,Biogesic 500mg Tablet,0,Medicine,4.00,7.00
2025-05-17,AA Batteries (pair),0,Household,35.00,55.00
2025-05-17,Sewing Needle Pack,0,Household,12.00,25.00
2025-05-18,Cooking Oil 1L,40,Pantry,60.00,75.00
2025-05-18,Bear Brand Powdered Milk 320g,12,Dairy,70.00,90.00
2025-05-18,Alaska Evap Milk 370ml,4,Dairy,32.00,42.00
2025-05-18,Ligo Sardines 155g,4,Canned Goods,18.00,25.00
2025-05-18,Sunsilk Shampoo Sachet,1,Body Care,5.00,8.00
2025-05-18,Biogesic 500mg Tablet,1,Medicine,4.00,7.00
2025-05-18,AA Batteries (pair),0,Household,35.00,55.00
2025-05-18,Sewing Needle Pack,1,Household,12.00,25.00
2025-05-19,Cooking Oil 1L,23,Pantry,60.00,75.00
2025-05-19,Bear Brand Powdered Milk 320g,8,Dairy,70.00,90.00
2025-05-19,Alaska Evap Milk 370ml,3,Dairy,32.00,42.00
2025-05-19,Ligo Sardines 155g,1,Canned Goods,18.00,25.00
2025-05-19,Sunsilk Shampoo Sachet,3,Body Care,5.00,8.00
2025-05-19,Biogesic 500mg Tablet,0,Medicine,4.00,7.00
2025-05-19,AA Batteries (pair),0,Household,35.00,55.00
2025-05-19,Sewing Needle Pack,0,Household,12.00,25.00
2025-05-20,Cooking Oil 1L,21,Pantry,60.00,75.00
2025-05-20,Bear Brand Powdered Milk 320g,9,Dairy,70.00,90.00
2025-05-20,Alaska Evap Milk 370ml,6,Dairy,32.00,42.00
2025-05-20,Ligo Sardines 155g,1,Canned Goods,18.00,25.00
2025-05-20,Sunsilk Shampoo Sachet,0,Body Care,5.00,8.00
2025-05-20,Biogesic 500mg Tablet,0,Medicine,4.00,7.00
2025-05-20,AA Batteries (pair),0,Household,35.00,55.00
2025-05-20,Sewing Needle Pack,0,Household,12.00,25.00
2025-05-21,Cooking Oil 1L,22,Pantry,60.00,75.00
2025-05-21,Bear Brand Powdered Milk 320g,13,Dairy,70.00,90.00
2025-05-21,Alaska Evap Milk 370ml,2,Dairy,32.00,42.00
2025-05-21,Ligo Sardines 155g,3,Canned Goods,18.00,25.00
2025-05-21,Sunsilk Shampoo Sachet,0,Body Care,5.00,8.00
2025-05-21,Biogesic 500mg Tablet,1,Medicine,4.00,7.00
2025-05-21,AA Batteries (pair),0,Household,35.00,55.00
2025-05-21,Sewing Needle Pack,0,Household,12.00,25.00
2025-05-22,Cooking Oil 1L,36,Pantry,60.00,75.00
2025-05-22,Bear Brand Powdered Milk 320g,17,Dairy,70.00,90.00
2025-05-22,Alaska Evap Milk 370ml,4,Dairy,32.00,42.00
2025-05-22,Ligo Sardines 155g,1,Canned Goods,18.00,25.00
2025-05-22,Sunsilk Shampoo Sachet,0,Body Care,5.00,8.00
2025-05-22,Biogesic 500mg Tablet,1,Medicine,4.00,7.00
2025-05-22,AA Batteries (pair),0,Household,35.00,55.00
2025-05-22,Sewing Needle Pack,0,Household,12.00,25.00
2025-05-23,Cooking Oil 1L,53,Pantry,60.00,75.00
2025-05-23,Bear Brand Powdered Milk 320g,20,Dairy,70.00,90.00
2025-05-23,Alaska Evap Milk 370ml,4,Dairy,32.00,42.00
2025-05-23,Ligo Sardines 155g,2,Canned Goods,18.00,25.00
2025-05-23,Sunsilk Shampoo Sachet,0,Body Care,5.00,8.00
2025-05-23,Biogesic 500mg Tablet,1,Medicine,4.00,7.00
2025-05-23,AA Batteries (pair),0,Household,35.00,55.00
2025-05-23,Sewing Needle Pack,0,Household,12.00,25.00
2025-05-24,Cooking Oil 1L,39,Pantry,60.00,75.00
2025-05-24,Bear Brand Powdered Milk 320g,19,Dairy,70.00,90.00
2025-05-24,Alaska Evap Milk 370ml,5,Dairy,32.00,42.00
2025-05-24,Ligo Sardines 155g,1,Canned Goods,18.00,25.00
2025-05-24,Sunsilk Shampoo Sachet,0,Body Care,5.00,8.00
2025-05-24,Biogesic 500mg Tablet,0,Medicine,4.00,7.00
2025-05-24,AA Batteries (pair),1,Household,35.00,55.00
2025-05-24,Sewing Needle Pack,0,Household,12.00,25.00
2025-05-25,Cooking Oil 1L,34,Pantry,60.00,75.00
2025-05-25,Bear Brand Powdered Milk 320g,13,Dairy,70.00,90.00
2025-05-25,Alaska Evap Milk 370ml,3,Dairy,32.00,42.00
2025-05-25,Ligo Sardines 155g,3,Canned Goods,18.00,25.00
2025-05-25,Sunsilk Shampoo Sachet,0,Body Care,5.00,8.00
2025-05-25,Biogesic 500mg Tablet,0,Medicine,4.00,7.00
2025-05-25,AA Batteries (pair),1,Household,35.00,55.00
2025-05-25,Sewing Needle Pack,0,Household,12.00,25.00
2025-05-26,Cooking Oil 1L,35,Pantry,60.00,75.00
2025-05-26,Bear Brand Powdered Milk 320g,5,Dairy,70.00,90.00
2025-05-26,Alaska Evap Milk 370ml,2,Dairy,32.00,42.00
2025-05-26,Ligo Sardines 155g,1,Canned Goods,18.00,25.00
2025-05-26,Sunsilk Shampoo Sachet,3,Body Care,5.00,8.00
2025-05-26,Biogesic 500mg Tablet,0,Medicine,4.00,7.00
2025-05-26,AA Batteries (pair),0,Household,35.00,55.00
2025-05-26,Sewing Needle Pack,0,Household,12.00,25.00
2025-05-27,Cooking Oil 1L,26,Pantry,60.00,75.00
2025-05-27,Bear Brand Powdered Milk 320g,9,Dairy,70.00,90.00
2025-05-27,Alaska Evap Milk 370ml,3,Dairy,32.00,42.00
2025-05-27,Ligo Sardines 155g,2,Canned Goods,18.00,25.00
2025-05-27,Sunsilk Shampoo Sachet,3,Body Care,5.00,8.00
2025-05-27,Biogesic 500mg Tablet,1,Medicine,4.00,7.00
2025-05-27,AA Batteries (pair),1,Household,35.00,55.00
2025-05-27,Sewing Needle Pack,1,Household,12.00,25.00
2025-05-28,Cooking Oil 1L,19,Pantry,60.00,75.00
2025-05-28,Bear Brand Powdered Milk 320g,12,Dairy,70.00,90.00
2025-05-28,Alaska Evap Milk 370ml,3,Dairy,32.00,42.00
2025-05-28,Ligo Sardines 155g,1,Canned Goods,18.00,25.00
2025-05-28,Sunsilk Shampoo Sachet,0,Body Care,5.00,8.00
2025-05-28,Biogesic 500mg Tablet,0,Medicine,4.00,7.00
2025-05-28,AA Batteries (pair),0,Household,35.00,55.00
2025-05-28,Sewing Needle Pack,0,Household,12.00,25.00
2025-05-29,Cooking Oil 1L,36,Pantry,60.00,75.00
2025-05-29,Bear Brand Powdered Milk 320g,14,Dairy,70.00,90.00
2025-05-29,Alaska Evap Milk 370ml,8,Dairy,32.00,42.00
2025-05-29,Ligo Sardines 155g,4,Canned Goods,18.00,25.00
2025-05-29,Sunsilk Shampoo Sachet,0,Body Care,5.00,8.00
2025-05-29,Biogesic 500mg Tablet,0,Medicine,4.00,7.00
2025-05-29,AA Batteries (pair),0,Household,35.00,55.00
2025-05-29,Sewing Needle Pack,0,Household,12.00,25.00
2025-05-30,Cooking Oil 1L,72,Pantry,60.00,75.00
2025-05-30,Bear Brand Powdered Milk 320g,22,Dairy,70.00,90.00
2025-05-30,Alaska Evap Milk 370ml,3,Dairy,32.00,42.00
2025-05-30,Ligo Sardines 155g,6,Canned Goods,18.00,25.00
2025-05-30,Sunsilk Shampoo Sachet,1,Body Care,5.00,8.00
2025-05-30,Biogesic 500mg Tablet,0,Medicine,4.00,7.00
2025-05-30,AA Batteries (pair),0,Household,35.00,55.00
2025-05-30,Sewing Needle Pack,0,Household,12.00,25.00
2025-05-31,Cooking Oil 1L,47,Pantry,60.00,75.00
2025-05-31,Bear Brand Powdered Milk 320g,26,Dairy,70.00,90.00
2025-05-31,Alaska Evap Milk 370ml,5,Dairy,32.00,42.00
2025-05-31,Ligo Sardines 155g,3,Canned Goods,18.00,25.00
2025-05-31,Sunsilk Shampoo Sachet,0,Body Care,5.00,8.00
2025-05-31,Biogesic 500mg Tablet,1,Medicine,4.00,7.00
2025-05-31,AA Batteries (pair),0,Household,35.00,55.00
2025-05-31,Sewing Needle Pack,0,Household,12.00,25.00
2025-06-01,Cooking Oil 1L,37,Pantry,60.00,75.00
2025-06-01,Bear Brand Powdered Milk 320g,14,Dairy,70.00,90.00
2025-06-01,Alaska Evap Milk 370ml,5,Dairy,32.00,42.00
2025-06-01,Ligo Sardines 155g,2,Canned Goods,18.00,25.00
2025-06-01,Sunsilk Shampoo Sachet,0,Body Care,5.00,8.00
2025-06-01,Biogesic 500mg Tablet,0,Medicine,4.00,7.00
2025-06-01,AA Batteries (pair),2,Household,35.00,55.00
2025-06-01,Sewing Needle Pack,0,Household,12.00,25.00
2025-06-02,Cooking Oil 1L,30,Pantry,60.00,75.00
2025-06-02,Bear Brand Powdered Milk 320g,7,Dairy,70.00,90.00
2025-06-02,Alaska Evap Milk 370ml,3,Dairy,32.00,42.00
2025-06-02,Ligo Sardines 155g,2,Canned Goods,18.00,25.00
2025-06-02,Sunsilk Shampoo Sachet,4,Body Care,5.00,8.00
2025-06-02,Biogesic 500mg Tablet,0,Medicine,4.00,7.00
2025-06-02,AA Batteries (pair),1,Household,35.00,55.00
2025-06-02,Sewing Needle Pack,0,Household,12.00,25.00
2025-06-03,Cooking Oil 1L,20,Pantry,60.00,75.00
2025-06-03,Bear Brand Powdered Milk 320g,10,Dairy,70.00,90.00
2025-06-03,Alaska Evap Milk 370ml,7,Dairy,32.00,42.00
2025-06-03,Ligo Sardines 155g,3,Canned Goods,18.00,25.00
2025-06-03,Sunsilk Shampoo Sachet,1,Body Care,5.00,8.00
2025-06-03,Biogesic 500mg Tablet,1,Medicine,4.00,7.00
2025-06-03,AA Batteries (pair),0,Household,35.00,55.00
2025-06-03,Sewing Needle Pack,0,Household,12.00,25.00
2025-06-04,Cooking Oil 1L,28,Pantry,60.00,75.00
2025-06-04,Bear Brand Powdered Milk 320g,16,Dairy,70.00,90.00
2025-06-04,Alaska Evap Milk 370ml,4,Dairy,32.00,42.00
2025-06-04,Ligo Sardines 155g,0,Canned Goods,18.00,25.00
2025-06-04,Sunsilk Shampoo Sachet,1,Body Care,5.00,8.00
2025-06-04,Biogesic 500mg Tablet,0,Medicine,4.00,7.00
2025-06-04,AA Batteries (pair),2,Household,35.00,55.00
2025-06-04,Sewing Needle Pack,0,Household,12.00,25.00
2025-06-05,Cooking Oil 1L,39,Pantry,60.00,75.00
2025-06-05,Bear Brand Powdered Milk 320g,22,Dairy,70.00,90.00
2025-06-05,Alaska Evap Milk 370ml,1,Dairy,32.00,42.00
2025-06-05,Ligo Sardines 155g,0,Canned Goods,18.00,25.00
2025-06-05,Sunsilk Shampoo Sachet,4,Body Care,5.00,8.00
2025-06-05,Biogesic 500mg Tablet,0,Medicine,4.00,7.00
2025-06-05,AA Batteries (pair),1,Household,35.00,55.00
2025-06-05,Sewing Needle Pack,1,Household,12.00,25.00
2025-06-06,Cooking Oil 1L,56,Pantry,60.00,75.00
2025-06-06,Bear Brand Powdered Milk 320g,14,Dairy,70.00,90.00
2025-06-06,Alaska Evap Milk 370ml,5,Dairy,32.00,42.00
2025-06-06,Ligo Sardines 155g,2,Canned Goods,18.00,25.00
2025-06-06,Sunsilk Shampoo Sachet,2,Body Care,5.00,8.00
2025-06-06,Biogesic 500mg Tablet,0,Medicine,4.00,7.00
2025-06-06,AA Batteries (pair),0,Household,35.00,55.00
2025-06-06,Sewing Needle Pack,0,Household,12.00,25.00
2025-06-07,Cooking Oil 1L,52,Pantry,60.00,75.00
2025-06-07,Bear Brand Powdered Milk 320g,20,Dairy,70.00,90.00
2025-06-07,Alaska Evap Milk 370ml,3,Dairy,32.00,42.00
2025-06-07,Ligo Sardines 155g,2,Canned Goods,18.00,25.00
2025-06-07,Sunsilk Shampoo Sachet,0,Body Care,5.00,8.00
2025-06-07,Biogesic 500mg Tablet,1,Medicine,4.00,7.00
2025-06-07,AA Batteries (pair),1,Household,35.00,55.00
2025-06-07,Sewing Needle Pack,0,Household,12.00,25.00
2025-06-08,Cooking Oil 1L,32,Pantry,60.00,75.00
2025-06-08,Bear Brand Powdered Milk 320g,13,Dairy,70.00,90.00
2025-06-08,Alaska Evap Milk 370ml,2,Dairy,32.00,42.00
2025-06-08,Ligo Sardines 155g,5,Canned Goods,18.00,25.00
2025-06-08,Sunsilk Shampoo Sachet,0,Body Care,5.00,8.00
2025-06-08,Biogesic 500mg Tablet,1,Medicine,4.00,7.00
2025-06-08,AA Batteries (pair),0,Household,35.00,55.00
2025-06-08,Sewing Needle Pack,0,Household,12.00,25.00
2025-06-09,Cooking Oil 1L,29,Pantry,60.00,75.00
2025-06-09,Bear Brand Powdered Milk 320g,9,Dairy,70.00,90.00
2025-06-09,Alaska Evap Milk 370ml,3,Dairy,32.00,42.00
2025-06-09,Ligo Sardines 155g,1,Canned Goods,18.00,25.00
2025-06-09,Sunsilk Shampoo Sachet,0,Body Care,5.00,8.00
2025-06-09,Biogesic 500mg Tablet,0,Medicine,4.00,7.00
2025-06-09,AA Batteries (pair),0,Household,35.00,55.00
2025-06-09,Sewing Needle Pack,0,Household,12.00,25.00
2025-06-10,Cooking Oil 1L,27,Pantry,60.00,75.00
2025-06-10,Bear Brand Powdered Milk 320g,10,Dairy,70.00,90.00
2025-06-10,Alaska Evap Milk 370ml,5,Dairy,32.00,42.00
2025-06-10,Ligo Sardines 155g,0,Canned Goods,18.00,25.00
2025-06-10,Sunsilk Shampoo Sachet,0,Body Care,5.00,8.00
2025-06-10,Biogesic 500mg Tablet,0,Medicine,4.00,7.00
2025-06-10,AA Batteries (pair),0,Household,35.00,55.00
2025-06-10,Sewing Needle Pack,1,Household,12.00,25.00
2025-06-11,Cooking Oil 1L,31,Pantry,60.00,75.00
2025-06-11,Bear Brand Powdered Milk 320g,19,Dairy,70.00,90.00
2025-06-11,Alaska Evap Milk 370ml,2,Dairy,32.00,42.00
2025-06-11,Ligo Sardines 155g,1,Canned Goods,18.00,25.00
2025-06-11,Sunsilk Shampoo Sachet,2,Body Care,5.00,8.00
2025-06-11,Biogesic 500mg Tablet,0,Medicine,4.00,7.00
2025-06-11,AA Batteries (pair),0,Household,35.00,55.00
2025-06-11,Sewing Needle Pack,0,Household,12.00,25.00
2025-06-12,Cooking Oil 1L,41,Pantry,60.00,75.00
2025-06-12,Bear Brand Powdered Milk 320g,15,Dairy,70.00,90.00
2025-06-12,Alaska Evap Milk 370ml,1,Dairy,32.00,42.00
2025-06-12,Ligo Sardines 155g,2,Canned Goods,18.00,25.00
2025-06-12,Sunsilk Shampoo Sachet,1,Body Care,5.00,8.00
2025-06-12,Biogesic 500mg Tablet,3,Medicine,4.00,7.00
2025-06-12,AA Batteries (pair),0,Household,35.00,55.00
2025-06-12,Sewing Needle Pack,0,Household,12.00,25.00
2025-06-13,Cooking Oil 1L,45,Pantry,60.00,75.00
2025-06-13,Bear Brand Powdered Milk 320g,11,Dairy,70.00,90.00
2025-06-13,Alaska Evap Milk 370ml,8,Dairy,32.00,42.00
2025-06-13,Ligo Sardines 155g,0,Canned Goods,18.00,25.00
2025-06-13,Sunsilk Shampoo Sachet,0,Body Care,5.00,8.00
2025-06-13,Biogesic 500mg Tablet,2,Medicine,4.00,7.00
2025-06-13,AA Batteries (pair),0,Household,35.00,55.00
2025-06-13,Sewing Needle Pack,1,Household,12.00,25.00
2025-06-14,Cooking Oil 1L,55,Pantry,60.00,75.00
2025-06-14,Bear Brand Powdered Milk 320g,16,Dairy,70.00,90.00
2025-06-14,Alaska Evap Milk 370ml,5,Dairy,32.00,42.00
2025-06-14,Ligo Sardines 155g,1,Canned Goods,18.00,25.00
2025-06-14,Sunsilk Shampoo Sachet,3,Body Care,5.00,8.00
2025-06-14,Biogesic 500mg Tablet,0,Medicine,4.00,7.00
2025-06-14,AA Batteries (pair),0,Household,35.00,55.00
2025-06-14,Sewing Needle Pack,0,Household,12.00,25.00
2025-06-15,Cooking Oil 1L,32,Pantry,60.00,75.00
2025-06-15,Bear Brand Powdered Milk 320g,6,Dairy,70.00,90.00
2025-06-15,Alaska Evap Milk 370ml,7,Dairy,32.00,42.00
2025-06-15,Ligo Sardines 155g,4,Canned Goods,18.00,25.00
2025-06-15,Sunsilk Shampoo Sachet,1,Body Care,5.00,8.00
2025-06-15,Biogesic 500mg Tablet,0,Medicine,4.00,7.00
2025-06-15,AA Batteries (pair),0,Household,35.00,55.00
2025-06-15,Sewing Needle Pack,0,Household,12.00,25.00
2025-06-16,Cooking Oil 1L,21,Pantry,60.00,75.00
2025-06-16,Bear Brand Powdered Milk 320g,11,Dairy,70.00,90.00
2025-06-16,Alaska Evap Milk 370ml,7,Dairy,32.00,42.00
2025-06-16,Ligo Sardines 155g,1,Canned Goods,18.00,25.00
2025-06-16,Sunsilk Shampoo Sachet,2,Body Care,5.00,8.00
2025-06-16,Biogesic 500mg Tablet,0,Medicine,4.00,7.00
2025-06-16,AA Batteries (pair),0,Household,35.00,55.00
2025-06-16,Sewing Needle Pack,0,Household,12.00,25.00
2025-06-17,Cooking Oil 1L,30,Pantry,60.00,75.00
2025-06-17,Bear Brand Powdered Milk 320g,15,Dairy,70.00,90.00
2025-06-17,Alaska Evap Milk 370ml,4,Dairy,32.00,42.00
2025-06-17,Ligo Sardines 155g,2,Canned Goods,18.00,25.00
2025-06-17,Sunsilk Shampoo Sachet,2,Body Care,5.00,8.00
2025-06-17,Biogesic 500mg Tablet,0,Medicine,4.00,7.00
2025-06-17,AA Batteries (pair),0,Household,35.00,55.00
2025-06-17,Sewing Needle Pack,0,Household,12.00,25.00
2025-06-18,Cooking Oil 1L,26,Pantry,60.00,75.00
2025-06-18,Bear Brand Powdered Milk 320g,10,Dairy,70.00,90.00
2025-06-18,Alaska Evap Milk 370ml,4,Dairy,32.00,42.00
2025-06-18,Ligo Sardines 155g,1,Canned Goods,18.00,25.00
2025-06-18,Sunsilk Shampoo Sachet,1,Body Care,5.00,8.00
2025-06-18,Biogesic 500mg Tablet,0,Medicine,4.00,7.00
2025-06-18,AA Batteries (pair),1,Household,35.00,55.00
2025-06-18,Sewing Needle Pack,1,Household,12.00,25.00
2025-06-19,Cooking Oil 1L,22,Pantry,60.00,75.00
2025-06-19,Bear Brand Powdered Milk 320g,8,Dairy,70.00,90.00
2025-06-19,Alaska Evap Milk 370ml,2,Dairy,32.00,42.00
2025-06-19,Ligo Sardines 155g,1,Canned Goods,18.00,25.00
2025-06-19,Sunsilk Shampoo Sachet,1,Body Care,5.00,8.00
2025-06-19,Biogesic 500mg Tablet,2,Medicine,4.00,7.00
2025-06-19,AA Batteries (pair),1,Household,35.00,55.00
2025-06-19,Sewing Needle Pack,0,Household,12.00,25.00
2025-06-20,Cooking Oil 1L,45,Pantry,60.00,75.00
2025-06-20,Bear Brand Powdered Milk 320g,17,Dairy,70.00,90.00
2025-06-20,Alaska Evap Milk 370ml,5,Dairy,32.00,42.00
2025-06-20,Ligo Sardines 155g,2,Canned Goods,18.00,25.00
2025-06-20,Sunsilk Shampoo Sachet,0,Body Care,5.00,8.00
2025-06-20,Biogesic 500mg Tablet,0,Medicine,4.00,7.00
2025-06-20,AA Batteries (pair),0,Household,35.00,55.00
2025-06-20,Sewing Needle Pack,0,Household,12.00,25.00
2025-06-21,Cooking Oil 1L,29,Pantry,60.00,75.00
2025-06-21,Bear Brand Powdered Milk 320g,11,Dairy,70.00,90.00
2025-06-21,Alaska Evap Milk 370ml,1,Dairy,32.00,42.00
2025-06-21,Ligo Sardines 155g,3,Canned Goods,18.00,25.00
2025-06-21,Sunsilk Shampoo Sachet,2,Body Care,5.00,8.00
2025-06-21,Biogesic 500mg Tablet,1,Medicine,4.00,7.00
2025-06-21,AA Batteries (pair),0,Household,35.00,55.00
2025-06-21,Sewing Needle Pack,0,Household,12.00,25.00
2025-06-22,Cooking Oil 1L,30,Pantry,60.00,75.00
2025-06-22,Bear Brand Powdered Milk 320g,17,Dairy,70.00,90.00
2025-06-22,Alaska Evap Milk 370ml,2,Dairy,32.00,42.00
2025-06-22,Ligo Sardines 155g,2,Canned Goods,18.00,25.00
2025-06-22,Sunsilk Shampoo Sachet,1,Body Care,5.00,8.00
2025-06-22,Biogesic 500mg Tablet,0,Medicine,4.00,7.00
2025-06-22,AA Batteries (pair),0,Household,35.00,55.00
2025-06-22,Sewing Needle Pack,0,Household,12.00,25.00
2025-06-23,Cooking Oil 1L,24,Pantry,60.00,75.00
2025-06-23,Bear Brand Powdered Milk 320g,19,Dairy,70.00,90.00
2025-06-23,Alaska Evap Milk 370ml,5,Dairy,32.00,42.00
2025-06-23,Ligo Sardines 155g,3,Canned Goods,18.00,25.00
2025-06-23,Sunsilk Shampoo Sachet,1,Body Care,5.00,8.00
2025-06-23,Biogesic 500mg Tablet,1,Medicine,4.00,7.00
2025-06-23,AA Batteries (pair),0,Household,35.00,55.00
2025-06-23,Sewing Needle Pack,0,Household,12.00,25.00
2025-06-24,Cooking Oil 1L,28,Pantry,60.00,75.00
2025-06-24,Bear Brand Powdered Milk 320g,6,Dairy,70.00,90.00
2025-06-24,Alaska Evap Milk 370ml,5,Dairy,32.00,42.00
2025-06-24,Ligo Sardines 155g,3,Canned Goods,18.00,25.00
2025-06-24,Sunsilk Shampoo Sachet,1,Body Care,5.00,8.00
2025-06-24,Biogesic 500mg Tablet,0,Medicine,4.00,7.00
2025-06-24,AA Batteries (pair),0,Household,35.00,55.00
2025-06-24,Sewing Needle Pack,0,Household,12.00,25.00
2025-06-25,Cooking Oil 1L,22,Pantry,60.00,75.00
2025-06-25,Bear Brand Powdered Milk 320g,9,Dairy,70.00,90.00
2025-06-25,Alaska Evap Milk 370ml,1,Dairy,32.00,42.00
2025-06-25,Ligo Sardines 155g,2,Canned Goods,18.00,25.00
2025-06-25,Sunsilk Shampoo Sachet,0,Body Care,5.00,8.00
2025-06-25,Biogesic 500mg Tablet,0,Medicine,4.00,7.00
2025-06-25,AA Batteries (pair),0,Household,35.00,55.00
2025-06-25,Sewing Needle Pack,0,Household,12.00,25.00
2025-06-26,Cooking Oil 1L,19,Pantry,60.00,75.00
2025-06-26,Bear Brand Powdered Milk 320g,9,Dairy,70.00,90.00
2025-06-26,Alaska Evap Milk 370ml,1,Dairy,32.00,42.00
2025-06-26,Ligo Sardines 155g,3,Canned Goods,18.00,25.00
2025-06-26,Sunsilk Shampoo Sachet,1,Body Care,5.00,8.00
2025-06-26,Biogesic 500mg Tablet,2,Medicine,4.00,7.00
2025-06-26,AA Batteries (pair),0,Household,35.00,55.00
2025-06-26,Sewing Needle Pack,0,Household,12.00,25.00
2025-06-27,Cooking Oil 1L,43,Pantry,60.00,75.00
2025-06-27,Bear Brand Powdered Milk 320g,13,Dairy,70.00,90.00
2025-06-27,Alaska Evap Milk 370ml,3,Dairy,32.00,42.00
2025-06-27,Ligo Sardines 155g,2,Canned Goods,18.00,25.00
2025-06-27,Sunsilk Shampoo Sachet,0,Body Care,5.00,8.00
2025-06-27,Biogesic 500mg Tablet,1,Medicine,4.00,7.00
2025-06-27,AA Batteries (pair),0,Household,35.00,55.00
2025-06-27,Sewing Needle Pack,0,Household,12.00,25.00
2025-06-28,Cooking Oil 1L,49,Pantry,60.00,75.00
2025-06-28,Bear Brand Powdered Milk 320g,35,Dairy,70.00,90.00
2025-06-28,Alaska Evap Milk 370ml,9,Dairy,32.00,42.00
2025-06-28,Ligo Sardines 155g,3,Canned Goods,18.00,25.00
2025-06-28,Sunsilk Shampoo Sachet,2,Body Care,5.00,8.00
2025-06-28,Biogesic 500mg Tablet,0,Medicine,4.00,7.00
2025-06-28,AA Batteries (pair),0,Household,35.00,55.00
2025-06-28,Sewing Needle Pack,1,Household,12.00,25.00
2025-06-29,Cooking Oil 1L,43,Pantry,60.00,75.00
2025-06-29,Bear Brand Powdered Milk 320g,21,Dairy,70.00,90.00
2025-06-29,Alaska Evap Milk 370ml,3,Dairy,32.00,42.00
2025-06-29,Ligo Sardines 155g,4,Canned Goods,18.00,25.00
2025-06-29,Sunsilk Shampoo Sachet,1,Body Care,5.00,8.00
2025-06-29,Biogesic 500mg Tablet,0,Medicine,4.00,7.00
2025-06-29,AA Batteries (pair),0,Household,35.00,55.00
2025-06-29,Sewing Needle Pack,0,Household,12.00,25.00
2025-06-30,Cooking Oil 1L,44,Pantry,60.00,75.00
2025-06-30,Bear Brand Powdered Milk 320g,17,Dairy,70.00,90.00
2025-06-30,Alaska Evap Milk 370ml,1,Dairy,32.00,42.00
2025-06-30,Ligo Sardines 155g,2,Canned Goods,18.00,25.00
2025-06-30,Sunsilk Shampoo Sachet,1,Body Care,5.00,8.00
2025-06-30,Biogesic 500mg Tablet,1,Medicine,4.00,7.00
2025-06-30,AA Batteries (pair),0,Household,35.00,55.00
2025-06-30,Sewing Needle Pack,0,Household,12.00,25.00
2025-07-01,Cooking Oil 1L,23,Pantry,60.00,75.00
2025-07-01,Bear Brand Powdered Milk 320g,5,Dairy,70.00,90.00
2025-07-01,Alaska Evap Milk 370ml,7,Dairy,32.00,42.00
2025-07-01,Ligo Sardines 155g,2,Canned Goods,18.00,25.00
2025-07-01,Sunsilk Shampoo Sachet,3,Body Care,5.00,8.00
2025-07-01,Biogesic 500mg Tablet,1,Medicine,4.00,7.00
2025-07-01,AA Batteries (pair),0,Household,35.00,55.00
2025-07-01,Sewing Needle Pack,0,Household,12.00,25.00
2025-07-02,Cooking Oil 1L,22,Pantry,60.00,75.00
2025-07-02,Bear Brand Powdered Milk 320g,15,Dairy,70.00,90.00
2025-07-02,Alaska Evap Milk 370ml,3,Dairy,32.00,42.00
2025-07-02,Ligo Sardines 155g,0,Canned Goods,18.00,25.00
2025-07-02,Sunsilk Shampoo Sachet,0,Body Care,5.00,8.00
2025-07-02,Biogesic 500mg Tablet,0,Medicine,4.00,7.00
2025-07-02,AA Batteries (pair),0,Household,35.00,55.00
2025-07-02,Sewing Needle Pack,0,Household,12.00,25.00
2025-07-03,Cooking Oil 1L,31,Pantry,60.00,75.00
2025-07-03,Bear Brand Powdered Milk 320g,14,Dairy,70.00,90.00
2025-07-03,Alaska Evap Milk 370ml,1,Dairy,32.00,42.00
2025-07-03,Ligo Sardines 155g,1,Canned Goods,18.00,25.00
2025-07-03,Sunsilk Shampoo Sachet,4,Body Care,5.00,8.00
2025-07-03,Biogesic 500mg Tablet,0,Medicine,4.00,7.00
2025-07-03,AA Batteries (pair),0,Household,35.00,55.00
2025-07-03,Sewing Needle Pack,0,Household,12.00,25.00
2025-07-04,Cooking Oil 1L,37,Pantry,60.00,75.00
2025-07-04,Bear Brand Powdered Milk 320g,11,Dairy,70.00,90.00
2025-07-04,Alaska Evap Milk 370ml,5,Dairy,32.00,42.00
2025-07-04,Ligo Sardines 155g,6,Canned Goods,18.00,25.00
2025-07-04,Sunsilk Shampoo Sachet,0,Body Care,5.00,8.00
2025-07-04,Biogesic 500mg Tablet,2,Medicine,4.00,7.00
2025-07-04,AA Batteries (pair),1,Household,35.00,55.00
2025-07-04,Sewing Needle Pack,0,Household,12.00,25.00
2025-07-05,Cooking Oil 1L,30,Pantry,60.00,75.00
2025-07-05,Bear Brand Powdered Milk 320g,22,Dairy,70.00,90.00
2025-07-05,Alaska Evap Milk 370ml,8,Dairy,32.00,42.00
2025-07-05,Ligo Sardines 155g,1,Canned Goods,18.00,25.00
2025-07-05,Sunsilk Shampoo Sachet,0,Body Care,5.00,8.00
2025-07-05,Biogesic 500mg Tablet,0,Medicine,4.00,7.00
2025-07-05,AA Batteries (pair),0,Household,35.00,55.00
2025-07-05,Sewing Needle Pack,0,Household,12.00,25.00
2025-07-06,Cooking Oil 1L,21,Pantry,60.00,75.00
2025-07-06,Bear Brand Powdered Milk 320g,10,Dairy,70.00,90.00
2025-07-06,Alaska Evap Milk 370ml,7,Dairy,32.00,42.00
2025-07-06,Ligo Sardines 155g,1,Canned Goods,18.00,25.00
2025-07-06,Sunsilk Shampoo Sachet,3,Body Care,5.00,8.00
2025-07-06,Biogesic 500mg Tablet,1,Medicine,4.00,7.00
2025-07-06,AA Batteries (pair),0,Household,35.00,55.00
2025-07-06,Sewing Needle Pack,0,Household,12.00,25.00
2025-07-07,Cooking Oil 1L,23,Pantry,60.00,75.00
2025-07-07,Bear Brand Powdered Milk 320g,17,Dairy,70.00,90.00
2025-07-07,Alaska Evap Milk 370ml,3,Dairy,32.00,42.00
2025-07-07,Ligo Sardines 155g,0,Canned Goods,18.00,25.00
2025-07-07,Sunsilk Shampoo Sachet,0,Body Care,5.00,8.00
2025-07-07,Biogesic 500mg Tablet,0,Medicine,4.00,7.00
2025-07-07,AA Batteries (pair),0,Household,35.00,55.00
2025-07-07,Sewing Needle Pack,0,Household,12.00,25.00
2025-07-08,Cooking Oil 1L,32,Pantry,60.00,75.00
2025-07-08,Bear Brand Powdered Milk 320g,8,Dairy,70.00,90.00
2025-07-08,Alaska Evap Milk 370ml,6,Dairy,32.00,42.00
2025-07-08,Ligo Sardines 155g,1,Canned Goods,18.00,25.00
2025-07-08,Sunsilk Shampoo Sachet,1,Body Care,5.00,8.00
2025-07-08,Biogesic 500mg Tablet,0,Medicine,4.00,7.00
2025-07-08,AA Batteries (pair),0,Household,35.00,55.00
2025-07-08,Sewing Needle Pack,0,Household,12.00,25.00
2025-07-09,Cooking Oil 1L,27,Pantry,60.00,75.00
2025-07-09,Bear Brand Powdered Milk 320g,13,Dairy,70.00,90.00
2025-07-09,Alaska Evap Milk 370ml,3,Dairy,32.00,42.00
2025-07-09,Ligo Sardines 155g,3,Canned Goods,18.00,25.00
2025-07-09,Sunsilk Shampoo Sachet,2,Body Care,5.00,8.00
2025-07-09,Biogesic 500mg Tablet,0,Medicine,4.00,7.00
2025-07-09,AA Batteries (pair),0,Household,35.00,55.00
2025-07-09,Sewing Needle Pack,0,Household,12.00,25.00
2025-07-10,Cooking Oil 1L,35,Pantry,60.00,75.00
2025-07-10,Bear Brand Powdered Milk 320g,18,Dairy,70.00,90.00
2025-07-10,Alaska Evap Milk 370ml,1,Dairy,32.00,42.00
2025-07-10,Ligo Sardines 155g,3,Canned Goods,18.00,25.00
2025-07-10,Sunsilk Shampoo Sachet,2,Body Care,5.00,8.00
2025-07-10,Biogesic 500mg Tablet,1,Medicine,4.00,7.00
2025-07-10,AA Batteries (pair),0,Household,35.00,55.00
2025-07-10,Sewing Needle Pack,0,Household,12.00,25.00
2025-07-11,Cooking Oil 1L,27,Pantry,60.00,75.00
2025-07-11,Bear Brand Powdered Milk 320g,15,Dairy,70.00,90.00
2025-07-11,Alaska Evap Milk 370ml,1,Dairy,32.00,42.00
2025-07-11,Ligo Sardines 155g,0,Canned Goods,18.00,25.00
2025-07-11,Sunsilk Shampoo Sachet,0,Body Care,5.00,8.00
2025-07-11,Biogesic 500mg Tablet,1,Medicine,4.00,7.00
2025-07-11,AA Batteries (pair),0,Household,35.00,55.00
2025-07-11,Sewing Needle Pack,0,Household,12.00,25.00
2025-07-12,Cooking Oil 1L,30,Pantry,60.00,75.00
2025-07-12,Bear Brand Powdered Milk 320g,17,Dairy,70.00,90.00
2025-07-12,Alaska Evap Milk 370ml,1,Dairy,32.00,42.00
2025-07-12,Ligo Sardines 155g,5,Canned Goods,18.00,25.00
2025-07-12,Sunsilk Shampoo Sachet,1,Body Care,5.00,8.00
2025-07-12,Biogesic 500mg Tablet,0,Medicine,4.00,7.00
2025-07-12,AA Batteries (pair),0,Household,35.00,55.00
2025-07-12,Sewing Needle Pack,0,Household,12.00,25.00
2025-07-13,Cooking Oil 1L,30,Pantry,60.00,75.00
2025-07-13,Bear Brand Powdered Milk 320g,13,Dairy,70.00,90.00
2025-07-13,Alaska Evap Milk 370ml,4,Dairy,32.00,42.00
2025-07-13,Ligo Sardines 155g,3,Canned Goods,18.00,25.00
2025-07-13,Sunsilk Shampoo Sachet,0,Body Care,5.00,8.00
2025-07-13,Biogesic 500mg Tablet,0,Medicine,4.00,7.00
2025-07-13,AA Batteries (pair),0,Household,35.00,55.00
2025-07-13,Sewing Needle Pack,0,Household,12.00,25.00
2025-07-14,Cooking Oil 1L,18,Pantry,60.00,75.00
2025-07-14,Bear Brand Powdered Milk 320g,13,Dairy,70.00,90.00
2025-07-14,Alaska Evap Milk 370ml,2,Dairy,32.00,42.00
2025-07-14,Ligo Sardines 155g,2,Canned Goods,18.00,25.00
2025-07-14,Sunsilk Shampoo Sachet,1,Body Care,5.00,8.00
2025-07-14,Biogesic 500mg Tablet,0,Medicine,4.00,7.00
2025-07-14,AA Batteries (pair),0,Household,35.00,55.00
2025-07-14,Sewing Needle Pack,0,Household,12.00,25.00
2025-07-15,Cooking Oil 1L,17,Pantry,60.00,75.00
2025-07-15,Bear Brand Powdered Milk 320g,11,Dairy,70.00,90.00
2025-07-15,Alaska Evap Milk 370ml,0,Dairy,32.00,42.00
2025-07-15,Ligo Sardines 155g,0,Canned Goods,18.00,25.00
2025-07-15,Sunsilk Shampoo Sachet,1,Body Care,5.00,8.00
2025-07-15,Biogesic 500mg Tablet,0,Medicine,4.00,7.00
2025-07-15,AA Batteries (pair),0,Household,35.00,55.00
2025-07-15,Sewing Needle Pack,0,Household,12.00,25.00
2025-07-16,Cooking Oil 1L,24,Pantry,60.00,75.00
2025-07-16,Bear Brand Powdered Milk 320g,21,Dairy,70.00,90.00
2025-07-16,Alaska Evap Milk 370ml,0,Dairy,32.00,42.00
2025-07-16,Ligo Sardines 155g,3,Canned Goods,18.00,25.00
2025-07-16,Sunsilk Shampoo Sachet,3,Body Care,5.00,8.00
2025-07-16,Biogesic 500mg Tablet,2,Medicine,4.00,7.00
2025-07-16,AA Batteries (pair),0,Household,35.00,55.00
2025-07-16,Sewing Needle Pack,0,Household,12.00,25.00
2025-07-17,Cooking Oil 1L,20,Pantry,60.00,75.00
2025-07-17,Bear Brand Powdered Milk 320g,13,Dairy,70.00,90.00
2025-07-17,Alaska Evap Milk 370ml,0,Dairy,32.00,42.00
2025-07-17,Ligo Sardines 155g,2,Canned Goods,18.00,25.00
2025-07-17,Sunsilk Shampoo Sachet,0,Body Care,5.00,8.00
2025-07-17,Biogesic 500mg Tablet,1,Medicine,4.00,7.00
2025-07-17,AA Batteries (pair),0,Household,35.00,55.00
2025-07-17,Sewing Needle Pack,0,Household,12.00,25.00
2025-07-18,Cooking Oil 1L,32,Pantry,60.00,75.00
2025-07-18,Bear Brand Powdered Milk 320g,13,Dairy,70.00,90.00
2025-07-18,Alaska Evap Milk 370ml,6,Dairy,32.00,42.00
2025-07-18,Ligo Sardines 155g,1,Canned Goods,18.00,25.00
2025-07-18,Sunsilk Shampoo Sachet,3,Body Care,5.00,8.00
2025-07-18,Biogesic 500mg Tablet,0,Medicine,4.00,7.00
2025-07-18,AA Batteries (pair),1,Household,35.00,55.00
2025-07-18,Sewing Needle Pack,0,Household,12.00,25.00
2025-07-19,Cooking Oil 1L,37,Pantry,60.00,75.00
2025-07-19,Bear Brand Powdered Milk 320g,8,Dairy,70.00,90.00
2025-07-19,Alaska Evap Milk 370ml,13,Dairy,32.00,42.00
2025-07-19,Ligo Sardines 155g,3,Canned Goods,18.00,25.00
2025-07-19,Sunsilk Shampoo Sachet,2,Body Care,5.00,8.00
2025-07-19,Biogesic 500mg Tablet,1,Medicine,4.00,7.00
2025-07-19,AA Batteries (pair),0,Household,35.00,55.00
2025-07-19,Sewing Needle Pack,0,Household,12.00,25.00
2025-07-20,Cooking Oil 1L,47,Pantry,60.00,75.00
2025-07-20,Bear Brand Powdered Milk 320g,18,Dairy,70.00,90.00
2025-07-20,Alaska Evap Milk 370ml,9,Dairy,32.00,42.00
2025-07-20,Ligo Sardines 155g,1,Canned Goods,18.00,25.00
2025-07-20,Sunsilk Shampoo Sachet,0,Body Care,5.00,8.00
2025-07-20,Biogesic 500mg Tablet,0,Medicine,4.00,7.00
2025-07-20,AA Batteries (pair),0,Household,35.00,55.00
2025-07-20,Sewing Needle Pack,0,Household,12.00,25.00
2025-07-21,Cooking Oil 1L,37,Pantry,60.00,75.00
2025-07-21,Bear Brand Powdered Milk 320g,8,Dairy,70.00,90.00
2025-07-21,Alaska Evap Milk 370ml,6,Dairy,32.00,42.00
2025-07-21,Ligo Sardines 155g,0,Canned Goods,18.00,25.00
2025-07-21,Sunsilk Shampoo Sachet,2,Body Care,5.00,8.00
2025-07-21,Biogesic 500mg Tablet,2,Medicine,4.00,7.00
2025-07-21,AA Batteries (pair),1,Household,35.00,55.00
2025-07-21,Sewing Needle Pack,0,Household,12.00,25.00
2025-07-22,Cooking Oil 1L,31,Pantry,60.00,75.00
2025-07-22,Bear Brand Powdered Milk 320g,8,Dairy,70.00,90.00
2025-07-22,Alaska Evap Milk 370ml,4,Dairy,32.00,42.00
2025-07-22,Ligo Sardines 155g,0,Canned Goods,18.00,25.00
2025-07-22,Sunsilk Shampoo Sachet,0,Body Care,5.00,8.00
2025-07-22,Biogesic 500mg Tablet,0,Medicine,4.00,7.00
2025-07-22,AA Batteries (pair),0,Household,35.00,55.00
2025-07-22,Sewing Needle Pack,0,Household,12.00,25.00
2025-07-23,Cooking Oil 1L,24,Pantry,60.00,75.00
2025-07-23,Bear Brand Powdered Milk 320g,14,Dairy,70.00,90.00
2025-07-23,Alaska Evap Milk 370ml,2,Dairy,32.00,42.00
2025-07-23,Ligo Sardines 155g,0,Canned Goods,18.00,25.00
2025-07-23,Sunsilk Shampoo Sachet,1,Body Care,5.00,8.00
2025-07-23,Biogesic 500mg Tablet,2,Medicine,4.00,7.00
2025-07-23,AA Batteries (pair),0,Household,35.00,55.00
2025-07-23,Sewing Needle Pack,0,Household,12.00,25.00
2025-07-24,Cooking Oil 1L,24,Pantry,60.00,75.00
2025-07-24,Bear Brand Powdered Milk 320g,5,Dairy,70.00,90.00
2025-07-24,Alaska Evap Milk 370ml,2,Dairy,32.00,42.00
2025-07-24,Ligo Sardines 155g,3,Canned Goods,18.00,25.00
2025-07-24,Sunsilk Shampoo Sachet,0,Body Care,5.00,8.00
2025-07-24,Biogesic 500mg Tablet,0,Medicine,4.00,7.00
2025-07-24,AA Batteries (pair),0,Household,35.00,55.00
2025-07-24,Sewing Needle Pack,0,Household,12.00,25.00
2025-07-25,Cooking Oil 1L,24,Pantry,60.00,75.00
2025-07-25,Bear Brand Powdered Milk 320g,16,Dairy,70.00,90.00
2025-07-25,Alaska Evap Milk 370ml,3,Dairy,32.00,42.00
2025-07-25,Ligo Sardines 155g,3,Canned Goods,18.00,25.00
2025-07-25,Sunsilk Shampoo Sachet,1,Body Care,5.00,8.00
2025-07-25,Biogesic 500mg Tablet,0,Medicine,4.00,7.00
2025-07-25,AA Batteries (pair),0,Household,35.00,55.00
2025-07-25,Sewing Needle Pack,0,Household,12.00,25.00
2025-07-26,Cooking Oil 1L,46,Pantry,60.00,75.00
2025-07-26,Bear Brand Powdered Milk 320g,17,Dairy,70.00,90.00
2025-07-26,Alaska Evap Milk 370ml,3,Dairy,32.00,42.00
2025-07-26,Ligo Sardines 155g,3,Canned Goods,18.00,25.00
2025-07-26,Sunsilk Shampoo Sachet,3,Body Care,5.00,8.00
2025-07-26,Biogesic 500mg Tablet,0,Medicine,4.00,7.00
2025-07-26,AA Batteries (pair),0,Household,35.00,55.00
2025-07-26,Sewing Needle Pack,0,Household,12.00,25.00
2025-07-27,Cooking Oil 1L,44,Pantry,60.00,75.00
2025-07-27,Bear Brand Powdered Milk 320g,4,Dairy,70.00,90.00
2025-07-27,Alaska Evap Milk 370ml,4,Dairy,32.00,42.00
2025-07-27,Ligo Sardines 155g,4,Canned Goods,18.00,25.00
2025-07-27,Sunsilk Shampoo Sachet,1,Body Care,5.00,8.00
2025-07-27,Biogesic 500mg Tablet,0,Medicine,4.00,7.00
2025-07-27,AA Batteries (pair),1,Household,35.00,55.00
2025-07-27,Sewing Needle Pack,0,Household,12.00,25.00
2025-07-28,Cooking Oil 1L,38,Pantry,60.00,75.00
2025-07-28,Bear Brand Powdered Milk 320g,12,Dairy,70.00,90.00
2025-07-28,Alaska Evap Milk 370ml,3,Dairy,32.00,42.00
2025-07-28,Ligo Sardines 155g,2,Canned Goods,18.00,25.00
2025-07-28,Sunsilk Shampoo Sachet,1,Body Care,5.00,8.00
2025-07-28,Biogesic 500mg Tablet,1,Medicine,4.00,7.00
2025-07-28,AA Batteries (pair),0,Household,35.00,55.00
2025-07-28,Sewing Needle Pack,0,Household,12.00,25.00
2025-07-29,Cooking Oil 1L,56,Pantry,60.00,75.00
2025-07-29,Bear Brand Powdered Milk 320g,14,Dairy,70.00,90.00
2025-07-29,Alaska Evap Milk 370ml,4,Dairy,32.00,42.00
2025-07-29,Ligo Sardines 155g,3,Canned Goods,18.00,25.00
2025-07-29,Sunsilk Shampoo Sachet,0,Body Care,5.00,8.00
2025-07-29,Biogesic 500mg Tablet,0,Medicine,4.00,7.00
2025-07-29,AA Batteries (pair),0,Household,35.00,55.00
2025-07-29,Sewing Needle Pack,0,Household,12.00,25.00
2025-07-30,Cooking Oil 1L,34,Pantry,60.00,75.00
2025-07-30,Bear Brand Powdered Milk 320g,11,Dairy,70.00,90.00
2025-07-30,Alaska Evap Milk 370ml,3,Dairy,32.00,42.00
2025-07-30,Ligo Sardines 155g,1,Canned Goods,18.00,25.00
2025-07-30,Sunsilk Shampoo Sachet,1,Body Care,5.00,8.00
2025-07-30,Biogesic 500mg Tablet,0,Medicine,4.00,7.00
2025-07-30,AA Batteries (pair),1,Household,35.00,55.00
2025-07-30,Sewing Needle Pack,0,Household,12.00,25.00
2025-07-31,Cooking Oil 1L,38,Pantry,60.00,75.00
2025-07-31,Bear Brand Powdered Milk 320g,16,Dairy,70.00,90.00
2025-07-31,Alaska Evap Milk 370ml,5,Dairy,32.00,42.00
2025-07-31,Ligo Sardines 155g,3,Canned Goods,18.00,25.00
2025-07-31,Sunsilk Shampoo Sachet,1,Body Care,5.00,8.00
2025-07-31,Biogesic 500mg Tablet,0,Medicine,4.00,7.00
2025-07-31,AA Batteries (pair),0,Household,35.00,55.00
2025-07-31,Sewing Needle Pack,0,Household,12.00,25.00
2025-08-01,Cooking Oil 1L,39,Pantry,60.00,75.00
2025-08-01,Bear Brand Powdered Milk 320g,7,Dairy,70.00,90.00
2025-08-01,Alaska Evap Milk 370ml,5,Dairy,32.00,42.00
2025-08-01,Ligo Sardines 155g,2,Canned Goods,18.00,25.00
2025-08-01,Sunsilk Shampoo Sachet,1,Body Care,5.00,8.00
2025-08-01,Biogesic 500mg Tablet,1,Medicine,4.00,7.00
2025-08-01,AA Batteries (pair),1,Household,35.00,55.00
2025-08-01,Sewing Needle Pack,0,Household,12.00,25.00
2025-08-02,Cooking Oil 1L,49,Pantry,60.00,75.00
2025-08-02,Bear Brand Powdered Milk 320g,15,Dairy,70.00,90.00
2025-08-02,Alaska Evap Milk 370ml,5,Dairy,32.00,42.00
2025-08-02,Ligo Sardines 155g,1,Canned Goods,18.00,25.00
2025-08-02,Sunsilk Shampoo Sachet,0,Body Care,5.00,8.00
2025-08-02,Biogesic 500mg Tablet,0,Medicine,4.00,7.00
2025-08-02,AA Batteries (pair),0,Household,35.00,55.00
2025-08-02,Sewing Needle Pack,0,Household,12.00,25.00
2025-08-03,Cooking Oil 1L,39,Pantry,60.00,75.00
2025-08-03,Bear Brand Powdered Milk 320g,17,Dairy,70.00,90.00
2025-08-03,Alaska Evap Milk 370ml,2,Dairy,32.00,42.00
2025-08-03,Ligo Sardines 155g,1,Canned Goods,18.00,25.00
2025-08-03,Sunsilk Shampoo Sachet,2,Body Care,5.00,8.00
2025-08-03,Biogesic 500mg Tablet,2,Medicine,4.00,7.00
2025-08-03,AA Batteries (pair),0,Household,35.00,55.00
2025-08-03,Sewing Needle Pack,0,Household,12.00,25.00
2025-08-04,Cooking Oil 1L,25,Pantry,60.00,75.00
2025-08-04,Bear Brand Powdered Milk 320g,8,Dairy,70.00,90.00
2025-08-04,Alaska Evap Milk 370ml,6,Dairy,32.00,42.00
2025-08-04,Ligo Sardines 155g,1,Canned Goods,18.00,25.00
2025-08-04,Sunsilk Shampoo Sachet,0,Body Care,5.00,8.00
2025-08-04,Biogesic 500mg Tablet,2,Medicine,4.00,7.00
2025-08-04,AA Batteries (pair),0,Household,35.00,55.00
2025-08-04,Sewing Needle Pack,0,Household,12.00,25.00
2025-08-05,Cooking Oil 1L,27,Pantry,60.00,75.00
2025-08-05,Bear Brand Powdered Milk 320g,12,Dairy,70.00,90.00
2025-08-05,Alaska Evap Milk 370ml,5,Dairy,32.00,42.00
2025-08-05,Ligo Sardines 155g,0,Canned Goods,18.00,25.00
2025-08-05,Sunsilk Shampoo Sachet,1,Body Care,5.00,8.00
2025-08-05,Biogesic 500mg Tablet,2,Medicine,4.00,7.00
2025-08-05,AA Batteries (pair),0,Household,35.00,55.00
2025-08-05,Sewing Needle Pack,0,Household,12.00,25.00
2025-08-06,Cooking Oil 1L,30,Pantry,60.00,75.00
2025-08-06,Bear Brand Powdered Milk 320g,11,Dairy,70.00,90.00
2025-08-06,Alaska Evap Milk 370ml,4,Dairy,32.00,42.00
2025-08-06,Ligo Sardines 155g,2,Canned Goods,18.00,25.00
2025-08-06,Sunsilk Shampoo Sachet,0,Body Care,5.00,8.00
2025-08-06,Biogesic 500mg Tablet,0,Medicine,4.00,7.00
2025-08-06,AA Batteries (pair),0,Household,35.00,55.00
2025-08-06,Sewing Needle Pack,0,Household,12.00,25.00
2025-08-07,Cooking Oil 1L,26,Pantry,60.00,75.00
2025-08-07,Bear Brand Powdered Milk 320g,13,Dairy,70.00,90.00
2025-08-07,Alaska Evap Milk 370ml,0,Dairy,32.00,42.00
2025-08-07,Ligo Sardines 155g,2,Canned Goods,18.00,25.00
2025-08-07,Sunsilk Shampoo Sachet,1,Body Care,5.00,8.00
2025-08-07,Biogesic 500mg Tablet,0,Medicine,4.00,7.00
2025-08-07,AA Batteries (pair),0,Household,35.00,55.00
2025-08-07,Sewing Needle Pack,0,Household,12.00,25.00
2025-08-08,Cooking Oil 1L,40,Pantry,60.00,75.00
2025-08-08,Bear Brand Powdered Milk 320g,5,Dairy,70.00,90.00
2025-08-08,Alaska Evap Milk 370ml,5,Dairy,32.00,42.00
2025-08-08,Ligo Sardines 155g,4,Canned Goods,18.00,25.00
2025-08-08,Sunsilk Shampoo Sachet,2,Body Care,5.00,8.00
2025-08-08,Biogesic 500mg Tablet,0,Medicine,4.00,7.00
2025-08-08,AA Batteries (pair),0,Household,35.00,55.00
2025-08-08,Sewing Needle Pack,0,Household,12.00,25.00
2025-08-09,Cooking Oil 1L,33,Pantry,60.00,75.00
2025-08-09,Bear Brand Powdered Milk 320g,18,Dairy,70.00,90.00
2025-08-09,Alaska Evap Milk 370ml,10,Dairy,32.00,42.00
2025-08-09,Ligo Sardines 155g,1,Canned Goods,18.00,25.00
2025-08-09,Sunsilk Shampoo Sachet,1,Body Care,5.00,8.00
2025-08-09,Biogesic 500mg Tablet,0,Medicine,4.00,7.00
2025-08-09,AA Batteries (pair),1,Household,35.00,55.00
2025-08-09,Sewing Needle Pack,0,Household,12.00,25.00
2025-08-10,Cooking Oil 1L,41,Pantry,60.00,75.00
2025-08-10,Bear Brand Powdered Milk 320g,15,Dairy,70.00,90.00
2025-08-10,Alaska Evap Milk 370ml,3,Dairy,32.00,42.00
2025-08-10,Ligo Sardines 155g,2,Canned Goods,18.00,25.00
2025-08-10,Sunsilk Shampoo Sachet,0,Body Care,5.00,8.00
2025-08-10,Biogesic 500mg Tablet,0,Medicine,4.00,7.00
2025-08-10,AA Batteries (pair),0,Household,35.00,55.00
2025-08-10,Sewing Needle Pack,0,Household,12.00,25.00
2025-08-11,Cooking Oil 1L,21,Pantry,60.00,75.00
2025-08-11,Bear Brand Powdered Milk 320g,16,Dairy,70.00,90.00
2025-08-11,Alaska Evap Milk 370ml,3,Dairy,32.00,42.00
2025-08-11,Ligo Sardines 155g,0,Canned Goods,18.00,25.00
2025-08-11,Sunsilk Shampoo Sachet,3,Body Care,5.00,8.00
2025-08-11,Biogesic 500mg Tablet,0,Medicine,4.00,7.00
2025-08-11,AA Batteries (pair),0,Household,35.00,55.00
2025-08-11,Sewing Needle Pack,0,Household,12.00,25.00
2025-08-12,Cooking Oil 1L,23,Pantry,60.00,75.00
2025-08-12,Bear Brand Powdered Milk 320g,11,Dairy,70.00,90.00
2025-08-12,Alaska Evap Milk 370ml,6,Dairy,32.00,42.00
2025-08-12,Ligo Sardines 155g,1,Canned Goods,18.00,25.00
2025-08-12,Sunsilk Shampoo Sachet,1,Body Care,5.00,8.00
2025-08-12,Biogesic 500mg Tablet,0,Medicine,4.00,7.00
2025-08-12,AA Batteries (pair),1,Household,35.00,55.00
2025-08-12,Sewing Needle Pack,0,Household,12.00,25.00
2025-08-13,Cooking Oil 1L,26,Pantry,60.00,75.00
2025-08-13,Bear Brand Powdered Milk 320g,10,Dairy,70.00,90.00
2025-08-13,Alaska Evap Milk 370ml,2,Dairy,32.00,42.00
2025-08-13,Ligo Sardines 155g,4,Canned Goods,18.00,25.00
2025-08-13,Sunsilk Shampoo Sachet,1,Body Care,5.00,8.00
2025-08-13,Biogesic 500mg Tablet,0,Medicine,4.00,7.00
2025-08-13,AA Batteries (pair),0,Household,35.00,55.00
2025-08-13,Sewing Needle Pack,0,Household,12.00,25.00
2025-08-14,Cooking Oil 1L,37,Pantry,60.00,75.00
2025-08-14,Bear Brand Powdered Milk 320g,14,Dairy,70.00,90.00
2025-08-14,Alaska Evap Milk 370ml,6,Dairy,32.00,42.00
2025-08-14,Ligo Sardines 155g,2,Canned Goods,18.00,25.00
2025-08-14,Sunsilk Shampoo Sachet,1,Body Care,5.00,8.00
2025-08-14,Biogesic 500mg Tablet,0,Medicine,4.00,7.00
2025-08-14,AA Batteries (pair),0,Household,35.00,55.00
2025-08-14,Sewing Needle Pack,0,Household,12.00,25.00
2025-08-15,Cooking Oil 1L,39,Pantry,60.00,75.00
2025-08-15,Bear Brand Powdered Milk 320g,12,Dairy,70.00,90.00
2025-08-15,Alaska Evap Milk 370ml,5,Dairy,32.00,42.00
2025-08-15,Ligo Sardines 155g,1,Canned Goods,18.00,25.00
2025-08-15,Sunsilk Shampoo Sachet,3,Body Care,5.00,8.00
2025-08-15,Biogesic 500mg Tablet,0,Medicine,4.00,7.00
2025-08-15,AA Batteries (pair),0,Household,35.00,55.00
2025-08-15,Sewing Needle Pack,0,Household,12.00,25.00
2025-08-16,Cooking Oil 1L,31,Pantry,60.00,75.00
2025-08-16,Bear Brand Powdered Milk 320g,16,Dairy,70.00,90.00
2025-08-16,Alaska Evap Milk 370ml,7,Dairy,32.00,42.00
2025-08-16,Ligo Sardines 155g,4,Canned Goods,18.00,25.00
2025-08-16,Sunsilk Shampoo Sachet,0,Body Care,5.00,8.00
2025-08-16,Biogesic 500mg Tablet,0,Medicine,4.00,7.00
2025-08-16,AA Batteries (pair),0,Household,35.00,55.00
2025-08-16,Sewing Needle Pack,0,Household,12.00,25.00
2025-08-17,Cooking Oil 1L,38,Pantry,60.00,75.00
2025-08-17,Bear Brand Powdered Milk 320g,18,Dairy,70.00,90.00
2025-08-17,Alaska Evap Milk 370ml,2,Dairy,32.00,42.00
2025-08-17,Ligo Sardines 155g,3,Canned Goods,18.00,25.00
2025-08-17,Sunsilk Shampoo Sachet,1,Body Care,5.00,8.00
2025-08-17,Biogesic 500mg Tablet,1,Medicine,4.00,7.00
2025-08-17,AA Batteries (pair),0,Household,35.00,55.00
2025-08-17,Sewing Needle Pack,0,Household,12.00,25.00
2025-08-18,Cooking Oil 1L,19,Pantry,60.00,75.00
2025-08-18,Bear Brand Powdered Milk 320g,13,Dairy,70.00,90.00
2025-08-18,Alaska Evap Milk 370ml,3,Dairy,32.00,42.00
2025-08-18,Ligo Sardines 155g,2,Canned Goods,18.00,25.00
2025-08-18,Sunsilk Shampoo Sachet,2,Body Care,5.00,8.00
2025-08-18,Biogesic 500mg Tablet,1,Medicine,4.00,7.00
2025-08-18,AA Batteries (pair),0,Household,35.00,55.00
2025-08-18,Sewing Needle Pack,0,Household,12.00,25.00
2025-08-19,Cooking Oil 1L,20,Pantry,60.00,75.00
2025-08-19,Bear Brand Powdered Milk 320g,13,Dairy,70.00,90.00
2025-08-19,Alaska Evap Milk 370ml,0,Dairy,32.00,42.00
2025-08-19,Ligo Sardines 155g,0,Canned Goods,18.00,25.00
2025-08-19,Sunsilk Shampoo Sachet,0,Body Care,5.00,8.00
2025-08-19,Biogesic 500mg Tablet,1,Medicine,4.00,7.00
2025-08-19,AA Batteries (pair),0,Household,35.00,55.00
2025-08-19,Sewing Needle Pack,1,Household,12.00,25.00
2025-08-20,Cooking Oil 1L,22,Pantry,60.00,75.00
2025-08-20,Bear Brand Powdered Milk 320g,8,Dairy,70.00,90.00
2025-08-20,Alaska Evap Milk 370ml,1,Dairy,32.00,42.00
2025-08-20,Ligo Sardines 155g,2,Canned Goods,18.00,25.00
2025-08-20,Sunsilk Shampoo Sachet,0,Body Care,5.00,8.00
2025-08-20,Biogesic 500mg Tablet,0,Medicine,4.00,7.00
2025-08-20,AA Batteries (pair),0,Household,35.00,55.00
2025-08-20,Sewing Needle Pack,1,Household,12.00,25.00
2025-08-21,Cooking Oil 1L,33,Pantry,60.00,75.00
2025-08-21,Bear Brand Powdered Milk 320g,8,Dairy,70.00,90.00
2025-08-21,Alaska Evap Milk 370ml,4,Dairy,32.00,42.00
2025-08-21,Ligo Sardines 155g,5,Canned Goods,18.00,25.00
2025-08-21,Sunsilk Shampoo Sachet,1,Body Care,5.00,8.00
2025-08-21,Biogesic 500mg Tablet,0,Medicine,4.00,7.00
2025-08-21,AA Batteries (pair),0,Household,35.00,55.00
2025-08-21,Sewing Needle Pack,0,Household,12.00,25.00
2025-08-22,Cooking Oil 1L,27,Pantry,60.00,75.00
2025-08-22,Bear Brand Powdered Milk 320g,11,Dairy,70.00,90.00
2025-08-22,Alaska Evap Milk 370ml,7,Dairy,32.00,42.00
2025-08-22,Ligo Sardines 155g,2,Canned Goods,18.00,25.00
2025-08-22,Sunsilk Shampoo Sachet,0,Body Care,5.00,8.00
2025-08-22,Biogesic 500mg Tablet,2,Medicine,4.00,7.00
2025-08-22,AA Batteries (pair),0,Household,35.00,55.00
2025-08-22,Sewing Needle Pack,0,Household,12.00,25.00
2025-08-23,Cooking Oil 1L,48,Pantry,60.00,75.00
2025-08-23,Bear Brand Powdered Milk 320g,23,Dairy,70.00,90.00
2025-08-23,Alaska Evap Milk 370ml,9,Dairy,32.00,42.00
2025-08-23,Ligo Sardines 155g,0,Canned Goods,18.00,25.00
2025-08-23,Sunsilk Shampoo Sachet,3,Body Care,5.00,8.00
2025-08-23,Biogesic 500mg Tablet,0,Medicine,4.00,7.00
2025-08-23,AA Batteries (pair),1,Household,35.00,55.00
2025-08-23,Sewing Needle Pack,0,Household,12.00,25.00
2025-08-24,Cooking Oil 1L,43,Pantry,60.00,75.00
2025-08-24,Bear Brand Powdered Milk 320g,15,Dairy,70.00,90.00
2025-08-24,Alaska Evap Milk 370ml,1,Dairy,32.00,42.00
2025-08-24,Ligo Sardines 155g,1,Canned Goods,18.00,25.00
2025-08-24,Sunsilk Shampoo Sachet,0,Body Care,5.00,8.00
2025-08-24,Biogesic 500mg Tablet,0,Medicine,4.00,7.00
2025-08-24,AA Batteries (pair),0,Household,35.00,55.00
2025-08-24,Sewing Needle Pack,0,Household,12.00,25.00
2025-08-25,Cooking Oil 1L,29,Pantry,60.00,75.00
2025-08-25,Bear Brand Powdered Milk 320g,6,Dairy,70.00,90.00
2025-08-25,Alaska Evap Milk 370ml,0,Dairy,32.00,42.00
2025-08-25,Ligo Sardines 155g,1,Canned Goods,18.00,25.00
2025-08-25,Sunsilk Shampoo Sachet,1,Body Care,5.00,8.00
2025-08-25,Biogesic 500mg Tablet,1,Medicine,4.00,7.00
2025-08-25,AA Batteries (pair),0,Household,35.00,55.00
2025-08-25,Sewing Needle Pack,0,Household,12.00,25.00
2025-08-26,Cooking Oil 1L,22,Pantry,60.00,75.00
2025-08-26,Bear Brand Powdered Milk 320g,11,Dairy,70.00,90.00
2025-08-26,Alaska Evap Milk 370ml,5,Dairy,32.00,42.00
2025-08-26,Ligo Sardines 155g,1,Canned Goods,18.00,25.00
2025-08-26,Sunsilk Shampoo Sachet,0,Body Care,5.00,8.00
2025-08-26,Biogesic 500mg Tablet,1,Medicine,4.00,7.00
2025-08-26,AA Batteries (pair),1,Household,35.00,55.00
2025-08-26,Sewing Needle Pack,0,Household,12.00,25.00
2025-08-27,Cooking Oil 1L,37,Pantry,60.00,75.00
2025-08-27,Bear Brand Powdered Milk 320g,11,Dairy,70.00,90.00
2025-08-27,Alaska Evap Milk 370ml,3,Dairy,32.00,42.00
2025-08-27,Ligo Sardines 155g,2,Canned Goods,18.00,25.00
2025-08-27,Sunsilk Shampoo Sachet,1,Body Care,5.00,8.00
2025-08-27,Biogesic 500mg Tablet,1,Medicine,4.00,7.00
2025-08-27,AA Batteries (pair),0,Household,35.00,55.00
2025-08-27,Sewing Needle Pack,0,Household,12.00,25.00
2025-08-28,Cooking Oil 1L,25,Pantry,60.00,75.00
2025-08-28,Bear Brand Powdered Milk 320g,4,Dairy,70.00,90.00
2025-08-28,Alaska Evap Milk 370ml,4,Dairy,32.00,42.00
2025-08-28,Ligo Sardines 155g,1,Canned Goods,18.00,25.00
2025-08-28,Sunsilk Shampoo Sachet,0,Body Care,5.00,8.00
2025-08-28,Biogesic 500mg Tablet,0,Medicine,4.00,7.00
2025-08-28,AA Batteries (pair),0,Household,35.00,55.00
2025-08-28,Sewing Needle Pack,0,Household,12.00,25.00
2025-08-29,Cooking Oil 1L,46,Pantry,60.00,75.00
2025-08-29,Bear Brand Powdered Milk 320g,21,Dairy,70.00,90.00
2025-08-29,Alaska Evap Milk 370ml,7,Dairy,32.00,42.00
2025-08-29,Ligo Sardines 155g,1,Canned Goods,18.00,25.00
2025-08-29,Sunsilk Shampoo Sachet,0,Body Care,5.00,8.00
2025-08-29,Biogesic 500mg Tablet,2,Medicine,4.00,7.00
2025-08-29,AA Batteries (pair),0,Household,35.00,55.00
2025-08-29,Sewing Needle Pack,0,Household,12.00,25.00
2025-08-30,Cooking Oil 1L,52,Pantry,60.00,75.00
2025-08-30,Bear Brand Powdered Milk 320g,14,Dairy,70.00,90.00
2025-08-30,Alaska Evap Milk 370ml,4,Dairy,32.00,42.00
2025-08-30,Ligo Sardines 155g,2,Canned Goods,18.00,25.00
2025-08-30,Sunsilk Shampoo Sachet,1,Body Care,5.00,8.00
2025-08-30,Biogesic 500mg Tablet,1,Medicine,4.00,7.00
2025-08-30,AA Batteries (pair),0,Household,35.00,55.00
2025-08-30,Sewing Needle Pack,0,Household,12.00,25.00
2025-08-31,Cooking Oil 1L,61,Pantry,60.00,75.00
2025-08-31,Bear Brand Powdered Milk 320g,19,Dairy,70.00,90.00
2025-08-31,Alaska Evap Milk 370ml,8,Dairy,32.00,42.00
2025-08-31,Ligo Sardines 155g,7,Canned Goods,18.00,25.00
2025-08-31,Sunsilk Shampoo Sachet,1,Body Care,5.00,8.00
2025-08-31,Biogesic 500mg Tablet,1,Medicine,4.00,7.00
2025-08-31,AA Batteries (pair),0,Household,35.00,55.00
2025-08-31,Sewing Needle Pack,0,Household,12.00,25.00
2025-09-01,Cooking Oil 1L,18,Pantry,60.00,75.00
2025-09-01,Bear Brand Powdered Milk 320g,20,Dairy,70.00,90.00
2025-09-01,Alaska Evap Milk 370ml,2,Dairy,32.00,42.00
2025-09-01,Ligo Sardines 155g,1,Canned Goods,18.00,25.00
2025-09-01,Sunsilk Shampoo Sachet,1,Body Care,5.00,8.00
2025-09-01,Biogesic 500mg Tablet,0,Medicine,4.00,7.00
2025-09-01,AA Batteries (pair),0,Household,35.00,55.00
2025-09-01,Sewing Needle Pack,1,Household,12.00,25.00
2025-09-02,Cooking Oil 1L,37,Pantry,60.00,75.00
2025-09-02,Bear Brand Powdered Milk 320g,12,Dairy,70.00,90.00
2025-09-02,Alaska Evap Milk 370ml,0,Dairy,32.00,42.00
2025-09-02,Ligo Sardines 155g,1,Canned Goods,18.00,25.00
2025-09-02,Sunsilk Shampoo Sachet,1,Body Care,5.00,8.00
2025-09-02,Biogesic 500mg Tablet,1,Medicine,4.00,7.00
2025-09-02,AA Batteries (pair),1,Household,35.00,55.00
2025-09-02,Sewing Needle Pack,0,Household,12.00,25.00
2025-09-03,Cooking Oil 1L,15,Pantry,60.00,75.00
2025-09-03,Bear Brand Powdered Milk 320g,13,Dairy,70.00,90.00
2025-09-03,Alaska Evap Milk 370ml,4,Dairy,32.00,42.00
2025-09-03,Ligo Sardines 155g,1,Canned Goods,18.00,25.00
2025-09-03,Sunsilk Shampoo Sachet,0,Body Care,5.00,8.00
2025-09-03,Biogesic 500mg Tablet,0,Medicine,4.00,7.00
2025-09-03,AA Batteries (pair),0,Household,35.00,55.00
2025-09-03,Sewing Needle Pack,0,Household,12.00,25.00
2025-09-04,Cooking Oil 1L,31,Pantry,60.00,75.00
2025-09-04,Bear Brand Powdered Milk 320g,8,Dairy,70.00,90.00
2025-09-04,Alaska Evap Milk 370ml,3,Dairy,32.00,42.00
2025-09-04,Ligo Sardines 155g,4,Canned Goods,18.00,25.00
2025-09-04,Sunsilk Shampoo Sachet,1,Body Care,5.00,8.00
2025-09-04,Biogesic 500mg Tablet,1,Medicine,4.00,7.00
2025-09-04,AA Batteries (pair),0,Household,35.00,55.00
2025-09-04,Sewing Needle Pack,0,Household,12.00,25.00
2025-09-05,Cooking Oil 1L,36,Pantry,60.00,75.00
2025-09-05,Bear Brand Powdered Milk 320g,9,Dairy,70.00,90.00
2025-09-05,Alaska Evap Milk 370ml,7,Dairy,32.00,42.00
2025-09-05,Ligo Sardines 155g,2,Canned Goods,18.00,25.00
2025-09-05,Sunsilk Shampoo Sachet,1,Body Care,5.00,8.00
2025-09-05,Biogesic 500mg Tablet,0,Medicine,4.00,7.00
2025-09-05,AA Batteries (pair),0,Household,35.00,55.00
2025-09-05,Sewing Needle Pack,0,Household,12.00,25.00
2025-09-06,Cooking Oil 1L,43,Pantry,60.00,75.00
2025-09-06,Bear Brand Powdered Milk 320g,8,Dairy,70.00,90.00
2025-09-06,Alaska Evap Milk 370ml,2,Dairy,32.00,42.00
2025-09-06,Ligo Sardines 155g,2,Canned Goods,18.00,25.00
2025-09-06,Sunsilk Shampoo Sachet,3,Body Care,5.00,8.00
2025-09-06,Biogesic 500mg Tablet,0,Medicine,4.00,7.00
2025-09-06,AA Batteries (pair),1,Household,35.00,55.00
2025-09-06,Sewing Needle Pack,0,Household,12.00,25.00
2025-09-07,Cooking Oil 1L,19,Pantry,60.00,75.00
2025-09-07,Bear Brand Powdered Milk 320g,12,Dairy,70.00,90.00
2025-09-07,Alaska Evap Milk 370ml,4,Dairy,32.00,42.00
2025-09-07,Ligo Sardines 155g,1,Canned Goods,18.00,25.00
2025-09-07,Sunsilk Shampoo Sachet,0,Body Care,5.00,8.00
2025-09-07,Biogesic 500mg Tablet,0,Medicine,4.00,7.00
2025-09-07,AA Batteries (pair),1,Household,35.00,55.00
2025-09-07,Sewing Needle Pack,0,Household,12.00,25.00
2025-09-08,Cooking Oil 1L,22,Pantry,60.00,75.00
2025-09-08,Bear Brand Powdered Milk 320g,10,Dairy,70.00,90.00
2025-09-08,Alaska Evap Milk 370ml,5,Dairy,32.00,42.00
2025-09-08,Ligo Sardines 155g,1,Canned Goods,18.00,25.00
2025-09-08,Sunsilk Shampoo Sachet,2,Body Care,5.00,8.00
2025-09-08,Biogesic 500mg Tablet,0,Medicine,4.00,7.00
2025-09-08,AA Batteries (pair),0,Household,35.00,55.00
2025-09-08,Sewing Needle Pack,0,Household,12.00,25.00
2025-09-09,Cooking Oil 1L,32,Pantry,60.00,75.00
2025-09-09,Bear Brand Powdered Milk 320g,20,Dairy,70.00,90.00
2025-09-09,Alaska Evap Milk 370ml,6,Dairy,32.00,42.00
2025-09-09,Ligo Sardines 155g,1,Canned Goods,18.00,25.00
2025-09-09,Sunsilk Shampoo Sachet,1,Body Care,5.00,8.00
2025-09-09,Biogesic 500mg Tablet,2,Medicine,4.00,7.00
2025-09-09,AA Batteries (pair),0,Household,35.00,55.00
2025-09-09,Sewing Needle Pack,0,Household,12.00,25.00
2025-09-10,Cooking Oil 1L,29,Pantry,60.00,75.00
2025-09-10,Bear Brand Powdered Milk 320g,14,Dairy,70.00,90.00
2025-09-10,Alaska Evap Milk 370ml,5,Dairy,32.00,42.00
2025-09-10,Ligo Sardines 155g,1,Canned Goods,18.00,25.00
2025-09-10,Sunsilk Shampoo Sachet,4,Body Care,5.00,8.00
2025-09-10,Biogesic 500mg Tablet,2,Medicine,4.00,7.00
2025-09-10,AA Batteries (pair),0,Household,35.00,55.00
2025-09-10,Sewing Needle Pack,0,Household,12.00,25.00
2025-09-11,Cooking Oil 1L,31,Pantry,60.00,75.00
2025-09-11,Bear Brand Powdered Milk 320g,17,Dairy,70.00,90.00
2025-09-11,Alaska Evap Milk 370ml,5,Dairy,32.00,42.00
2025-09-11,Ligo Sardines 155g,2,Canned Goods,18.00,25.00
2025-09-11,Sunsilk Shampoo Sachet,3,Body Care,5.00,8.00
2025-09-11,Biogesic 500mg Tablet,1,Medicine,4.00,7.00
2025-09-11,AA Batteries (pair),0,Household,35.00,55.00
2025-09-11,Sewing Needle Pack,0,Household,12.00,25.00
2025-09-12,Cooking Oil 1L,22,Pantry,60.00,75.00
2025-09-12,Bear Brand Powdered Milk 320g,20,Dairy,70.00,90.00
2025-09-12,Alaska Evap Milk 370ml,3,Dairy,32.00,42.00
2025-09-12,Ligo Sardines 155g,8,Canned Goods,18.00,25.00
2025-09-12,Sunsilk Shampoo Sachet,0,Body Care,5.00,8.00
2025-09-12,Biogesic 500mg Tablet,0,Medicine,4.00,7.00
2025-09-12,AA Batteries (pair),0,Household,35.00,55.00
2025-09-12,Sewing Needle Pack,0,Household,12.00,25.00
2025-09-13,Cooking Oil 1L,41,Pantry,60.00,75.00
2025-09-13,Bear Brand Powdered Milk 320g,19,Dairy,70.00,90.00
2025-09-13,Alaska Evap Milk 370ml,4,Dairy,32.00,42.00
2025-09-13,Ligo Sardines 155g,3,Canned Goods,18.00,25.00
2025-09-13,Sunsilk Shampoo Sachet,1,Body Care,5.00,8.00
2025-09-13,Biogesic 500mg Tablet,0,Medicine,4.00,7.00
2025-09-13,AA Batteries (pair),0,Household,35.00,55.00
2025-09-13,Sewing Needle Pack,0,Household,12.00,25.00
2025-09-14,Cooking Oil 1L,39,Pantry,60.00,75.00
2025-09-14,Bear Brand Powdered Milk 320g,14,Dairy,70.00,90.00
2025-09-14,Alaska Evap Milk 370ml,7,Dairy,32.00,42.00
2025-09-14,Ligo Sardines 155g,3,Canned Goods,18.00,25.00
2025-09-14,Sunsilk Shampoo Sachet,1,Body Care,5.00,8.00
2025-09-14,Biogesic 500mg Tablet,0,Medicine,4.00,7.00
2025-09-14,AA Batteries (pair),0,Household,35.00,55.00
2025-09-14,Sewing Needle Pack,0,Household,12.00,25.00
2025-09-15,Cooking Oil 1L,32,Pantry,60.00,75.00
2025-09-15,Bear Brand Powdered Milk 320g,14,Dairy,70.00,90.00
2025-09-15,Alaska Evap Milk 370ml,6,Dairy,32.00,42.00
2025-09-15,Ligo Sardines 155g,2,Canned Goods,18.00,25.00
2025-09-15,Sunsilk Shampoo Sachet,1,Body Care,5.00,8.00
2025-09-15,Biogesic 500mg Tablet,0,Medicine,4.00,7.00
2025-09-15,AA Batteries (pair),0,Household,35.00,55.00
2025-09-15,Sewing Needle Pack,0,Household,12.00,25.00
2025-09-16,Cooking Oil 1L,36,Pantry,60.00,75.00
2025-09-16,Bear Brand Powdered Milk 320g,8,Dairy,70.00,90.00
2025-09-16,Alaska Evap Milk 370ml,4,Dairy,32.00,42.00
2025-09-16,Ligo Sardines 155g,1,Canned Goods,18.00,25.00
2025-09-16,Sunsilk Shampoo Sachet,0,Body Care,5.00,8.00
2025-09-16,Biogesic 500mg Tablet,0,Medicine,4.00,7.00
2025-09-16,AA Batteries (pair),0,Household,35.00,55.00
2025-09-16,Sewing Needle Pack,0,Household,12.00,25.00
2025-09-17,Cooking Oil 1L,39,Pantry,60.00,75.00
2025-09-17,Bear Brand Powdered Milk 320g,11,Dairy,70.00,90.00
2025-09-17,Alaska Evap Milk 370ml,2,Dairy,32.00,42.00
2025-09-17,Ligo Sardines 155g,2,Canned Goods,18.00,25.00
2025-09-17,Sunsilk Shampoo Sachet,0,Body Care,5.00,8.00
2025-09-17,Biogesic 500mg Tablet,1,Medicine,4.00,7.00
2025-09-17,AA Batteries (pair),0,Household,35.00,55.00
2025-09-17,Sewing Needle Pack,1,Household,12.00,25.00
2025-09-18,Cooking Oil 1L,46,Pantry,60.00,75.00
2025-09-18,Bear Brand Powdered Milk 320g,23,Dairy,70.00,90.00
2025-09-18,Alaska Evap Milk 370ml,5,Dairy,32.00,42.00
2025-09-18,Ligo Sardines 155g,3,Canned Goods,18.00,25.00
2025-09-18,Sunsilk Shampoo Sachet,5,Body Care,5.00,8.00
2025-09-18,Biogesic 500mg Tablet,0,Medicine,4.00,7.00
2025-09-18,AA Batteries (pair),0,Household,35.00,55.00
2025-09-18,Sewing Needle Pack,0,Household,12.00,25.00
2025-09-19,Cooking Oil 1L,43,Pantry,60.00,75.00
2025-09-19,Bear Brand Powdered Milk 320g,7,Dairy,70.00,90.00
2025-09-19,Alaska Evap Milk 370ml,7,Dairy,32.00,42.00
2025-09-19,Ligo Sardines 155g,2,Canned Goods,18.00,25.00
2025-09-19,Sunsilk Shampoo Sachet,3,Body Care,5.00,8.00
2025-09-19,Biogesic 500mg Tablet,1,Medicine,4.00,7.00
2025-09-19,AA Batteries (pair),1,Household,35.00,55.00
2025-09-19,Sewing Needle Pack,0,Household,12.00,25.00
2025-09-20,Cooking Oil 1L,39,Pantry,60.00,75.00
2025-09-20,Bear Brand Powdered Milk 320g,16,Dairy,70.00,90.00
2025-09-20,Alaska Evap Milk 370ml,3,Dairy,32.00,42.00
2025-09-20,Ligo Sardines 155g,1,Canned Goods,18.00,25.00
2025-09-20,Sunsilk Shampoo Sachet,0,Body Care,5.00,8.00
2025-09-20,Biogesic 500mg Tablet,0,Medicine,4.00,7.00
2025-09-20,AA Batteries (pair),0,Household,35.00,55.00
2025-09-20,Sewing Needle Pack,0,Household,12.00,25.00
2025-09-21,Cooking Oil 1L,38,Pantry,60.00,75.00
2025-09-21,Bear Brand Powdered Milk 320g,11,Dairy,70.00,90.00
2025-09-21,Alaska Evap Milk 370ml,7,Dairy,32.00,42.00
2025-09-21,Ligo Sardines 155g,1,Canned Goods,18.00,25.00
2025-09-21,Sunsilk Shampoo Sachet,4,Body Care,5.00,8.00
2025-09-21,Biogesic 500mg Tablet,0,Medicine,4.00,7.00
2025-09-21,AA Batteries (pair),0,Household,35.00,55.00
2025-09-21,Sewing Needle Pack,0,Household,12.00,25.00
2025-09-22,Cooking Oil 1L,26,Pantry,60.00,75.00
2025-09-22,Bear Brand Powdered Milk 320g,9,Dairy,70.00,90.00
2025-09-22,Alaska Evap Milk 370ml,4,Dairy,32.00,42.00
2025-09-22,Ligo Sardines 155g,1,Canned Goods,18.00,25.00
2025-09-22,Sunsilk Shampoo Sachet,1,Body Care,5.00,8.00
2025-09-22,Biogesic 500mg Tablet,1,Medicine,4.00,7.00
2025-09-22,AA Batteries (pair),1,Household,35.00,55.00
2025-09-22,Sewing Needle Pack,0,Household,12.00,25.00
2025-09-23,Cooking Oil 1L,26,Pantry,60.00,75.00
2025-09-23,Bear Brand Powdered Milk 320g,14,Dairy,70.00,90.00
2025-09-23,Alaska Evap Milk 370ml,4,Dairy,32.00,42.00
2025-09-23,Ligo Sardines 155g,2,Canned Goods,18.00,25.00
2025-09-23,Sunsilk Shampoo Sachet,1,Body Care,5.00,8.00
2025-09-23,Biogesic 500mg Tablet,0,Medicine,4.00,7.00
2025-09-23,AA Batteries (pair),0,Household,35.00,55.00
2025-09-23,Sewing Needle Pack,0,Household,12.00,25.00
2025-09-24,Cooking Oil 1L,27,Pantry,60.00,75.00
2025-09-24,Bear Brand Powdered Milk 320g,10,Dairy,70.00,90.00
2025-09-24,Alaska Evap Milk 370ml,6,Dairy,32.00,42.00
2025-09-24,Ligo Sardines 155g,4,Canned Goods,18.00,25.00
2025-09-24,Sunsilk Shampoo Sachet,1,Body Care,5.00,8.00
2025-09-24,Biogesic 500mg Tablet,0,Medicine,4.00,7.00
2025-09-24,AA Batteries (pair),0,Household,35.00,55.00
2025-09-24,Sewing Needle Pack,0,Household,12.00,25.00
2025-09-25,Cooking Oil 1L,27,Pantry,60.00,75.00
2025-09-25,Bear Brand Powdered Milk 320g,10,Dairy,70.00,90.00
2025-09-25,Alaska Evap Milk 370ml,3,Dairy,32.00,42.00
2025-09-25,Ligo Sardines 155g,2,Canned Goods,18.00,25.00
2025-09-25,Sunsilk Shampoo Sachet,2,Body Care,5.00,8.00
2025-09-25,Biogesic 500mg Tablet,0,Medicine,4.00,7.00
2025-09-25,AA Batteries (pair),0,Household,35.00,55.00
2025-09-25,Sewing Needle Pack,0,Household,12.00,25.00
2025-09-26,Cooking Oil 1L,29,Pantry,60.00,75.00
2025-09-26,Bear Brand Powdered Milk 320g,10,Dairy,70.00,90.00
2025-09-26,Alaska Evap Milk 370ml,2,Dairy,32.00,42.00
2025-09-26,Ligo Sardines 155g,2,Canned Goods,18.00,25.00
2025-09-26,Sunsilk Shampoo Sachet,1,Body Care,5.00,8.00
2025-09-26,Biogesic 500mg Tablet,0,Medicine,4.00,7.00
2025-09-26,AA Batteries (pair),0,Household,35.00,55.00
2025-09-26,Sewing Needle Pack,1,Household,12.00,25.00
2025-09-27,Cooking Oil 1L,53,Pantry,60.00,75.00
2025-09-27,Bear Brand Powdered Milk 320g,14,Dairy,70.00,90.00
2025-09-27,Alaska Evap Milk 370ml,3,Dairy,32.00,42.00
2025-09-27,Ligo Sardines 155g,2,Canned Goods,18.00,25.00
2025-09-27,Sunsilk Shampoo Sachet,2,Body Care,5.00,8.00
2025-09-27,Biogesic 500mg Tablet,0,Medicine,4.00,7.00
2025-09-27,AA Batteries (pair),1,Household,35.00,55.00
2025-09-27,Sewing Needle Pack,0,Household,12.00,25.00
2025-09-28,Cooking Oil 1L,44,Pantry,60.00,75.00
2025-09-28,Bear Brand Powdered Milk 320g,27,Dairy,70.00,90.00
2025-09-28,Alaska Evap Milk 370ml,14,Dairy,32.00,42.00
2025-09-28,Ligo Sardines 155g,4,Canned Goods,18.00,25.00
2025-09-28,Sunsilk Shampoo Sachet,2,Body Care,5.00,8.00
2025-09-28,Biogesic 500mg Tablet,0,Medicine,4.00,7.00
2025-09-28,AA Batteries (pair),0,Household,35.00,55.00
2025-09-28,Sewing Needle Pack,0,Household,12.00,25.00
2025-09-29,Cooking Oil 1L,41,Pantry,60.00,75.00
2025-09-29,Bear Brand Powdered Milk 320g,8,Dairy,70.00,90.00
2025-09-29,Alaska Evap Milk 370ml,6,Dairy,32.00,42.00
2025-09-29,Ligo Sardines 155g,0,Canned Goods,18.00,25.00
2025-09-29,Sunsilk Shampoo Sachet,1,Body Care,5.00,8.00
2025-09-29,Biogesic 500mg Tablet,0,Medicine,4.00,7.00
2025-09-29,AA Batteries (pair),0,Household,35.00,55.00
2025-09-29,Sewing Needle Pack,0,Household,12.00,25.00
2025-09-30,Cooking Oil 1L,22,Pantry,60.00,75.00
2025-09-30,Bear Brand Powdered Milk 320g,16,Dairy,70.00,90.00
2025-09-30,Alaska Evap Milk 370ml,7,Dairy,32.00,42.00
2025-09-30,Ligo Sardines 155g,4,Canned Goods,18.00,25.00
2025-09-30,Sunsilk Shampoo Sachet,0,Body Care,5.00,8.00
2025-09-30,Biogesic 500mg Tablet,0,Medicine,4.00,7.00
2025-09-30,AA Batteries (pair),0,Household,35.00,55.00
2025-09-30,Sewing Needle Pack,1,Household,12.00,25.00
2025-10-01,Cooking Oil 1L,19,Pantry,60.00,75.00
2025-10-01,Bear Brand Powdered Milk 320g,7,Dairy,70.00,90.00
2025-10-01,Alaska Evap Milk 370ml,1,Dairy,32.00,42.00
2025-10-01,Ligo Sardines 155g,2,Canned Goods,18.00,25.00
2025-10-01,Sunsilk Shampoo Sachet,0,Body Care,5.00,8.00
2025-10-01,Biogesic 500mg Tablet,0,Medicine,4.00,7.00
2025-10-01,AA Batteries (pair),0,Household,35.00,55.00
2025-10-01,Sewing Needle Pack,1,Household,12.00,25.00
2025-10-02,Cooking Oil 1L,28,Pantry,60.00,75.00
2025-10-02,Bear Brand Powdered Milk 320g,14,Dairy,70.00,90.00
2025-10-02,Alaska Evap Milk 370ml,8,Dairy,32.00,42.00
2025-10-02,Ligo Sardines 155g,3,Canned Goods,18.00,25.00
2025-10-02,Sunsilk Shampoo Sachet,1,Body Care,5.00,8.00
2025-10-02,Biogesic 500mg Tablet,0,Medicine,4.00,7.00
2025-10-02,AA Batteries (pair),0,Household,35.00,55.00
2025-10-02,Sewing Needle Pack,0,Household,12.00,25.00
2025-10-03,Cooking Oil 1L,36,Pantry,60.00,75.00
2025-10-03,Bear Brand Powdered Milk 320g,11,Dairy,70.00,90.00
2025-10-03,Alaska Evap Milk 370ml,6,Dairy,32.00,42.00
2025-10-03,Ligo Sardines 155g,6,Canned Goods,18.00,25.00
2025-10-03,Sunsilk Shampoo Sachet,2,Body Care,5.00,8.00
2025-10-03,Biogesic 500mg Tablet,0,Medicine,4.00,7.00
2025-10-03,AA Batteries (pair),0,Household,35.00,55.00
2025-10-03,Sewing Needle Pack,0,Household,12.00,25.00
2025-10-04,Cooking Oil 1L,44,Pantry,60.00,75.00
2025-10-04,Bear Brand Powdered Milk 320g,10,Dairy,70.00,90.00
2025-10-04,Alaska Evap Milk 370ml,4,Dairy,32.00,42.00
2025-10-04,Ligo Sardines 155g,2,Canned Goods,18.00,25.00
2025-10-04,Sunsilk Shampoo Sachet,1,Body Care,5.00,8.00
2025-10-04,Biogesic 500mg Tablet,1,Medicine,4.00,7.00
2025-10-04,AA Batteries (pair),0,Household,35.00,55.00
2025-10-04,Sewing Needle Pack,0,Household,12.00,25.00
2025-10-05,Cooking Oil 1L,42,Pantry,60.00,75.00
2025-10-05,Bear Brand Powdered Milk 320g,17,Dairy,70.00,90.00
2025-10-05,Alaska Evap Milk 370ml,2,Dairy,32.00,42.00
2025-10-05,Ligo Sardines 155g,3,Canned Goods,18.00,25.00
2025-10-05,Sunsilk Shampoo Sachet,1,Body Care,5.00,8.00
2025-10-05,Biogesic 500mg Tablet,0,Medicine,4.00,7.00
2025-10-05,AA Batteries (pair),1,Household,35.00,55.00
2025-10-05,Sewing Needle Pack,0,Household,12.00,25.00
2025-10-06,Cooking Oil 1L,30,Pantry,60.00,75.00
2025-10-06,Bear Brand Powdered Milk 320g,8,Dairy,70.00,90.00
2025-10-06,Alaska Evap Milk 370ml,3,Dairy,32.00,42.00
2025-10-06,Ligo Sardines 155g,3,Canned Goods,18.00,25.00
2025-10-06,Sunsilk Shampoo Sachet,1,Body Care,5.00,8.00
2025-10-06,Biogesic 500mg Tablet,0,Medicine,4.00,7.00
2025-10-06,AA Batteries (pair),0,Household,35.00,55.00
2025-10-06,Sewing Needle Pack,0,Household,12.00,25.00
2025-10-07,Cooking Oil 1L,19,Pantry,60.00,75.00
2025-10-07,Bear Brand Powdered Milk 320g,11,Dairy,70.00,90.00
2025-10-07,Alaska Evap Milk 370ml,3,Dairy,32.00,42.00
2025-10-07,Ligo Sardines 155g,1,Canned Goods,18.00,25.00
2025-10-07,Sunsilk Shampoo Sachet,1,Body Care,5.00,8.00
2025-10-07,Biogesic 500mg Tablet,0,Medicine,4.00,7.00
2025-10-07,AA Batteries (pair),1,Household,35.00,55.00
2025-10-07,Sewing Needle Pack,0,Household,12.00,25.00
2025-10-08,Cooking Oil 1L,30,Pantry,60.00,75.00
2025-10-08,Bear Brand Powdered Milk 320g,10,Dairy,70.00,90.00
2025-10-08,Alaska Evap Milk 370ml,2,Dairy,32.00,42.00
2025-10-08,Ligo Sardines 155g,0,Canned Goods,18.00,25.00
2025-10-08,Sunsilk Shampoo Sachet,0,Body Care,5.00,8.00
2025-10-08,Biogesic 500mg Tablet,0,Medicine,4.00,7.00
2025-10-08,AA Batteries (pair),0,Household,35.00,55.00
2025-10-08,Sewing Needle Pack,2,Household,12.00,25.00
2025-10-09,Cooking Oil 1L,41,Pantry,60.00,75.00
2025-10-09,Bear Brand Powdered Milk 320g,8,Dairy,70.00,90.00
2025-10-09,Alaska Evap Milk 370ml,5,Dairy,32.00,42.00
2025-10-09,Ligo Sardines 155g,0,Canned Goods,18.00,25.00
2025-10-09,Sunsilk Shampoo Sachet,1,Body Care,5.00,8.00
2025-10-09,Biogesic 500mg Tablet,1,Medicine,4.00,7.00
2025-10-09,AA Batteries (pair),0,Household,35.00,55.00
2025-10-09,Sewing Needle Pack,0,Household,12.00,25.00
2025-10-10,Cooking Oil 1L,36,Pantry,60.00,75.00
2025-10-10,Bear Brand Powdered Milk 320g,10,Dairy,70.00,90.00
2025-10-10,Alaska Evap Milk 370ml,9,Dairy,32.00,42.00
2025-10-10,Ligo Sardines 155g,3,Canned Goods,18.00,25.00
2025-10-10,Sunsilk Shampoo Sachet,4,Body Care,5.00,8.00
2025-10-10,Biogesic 500mg Tablet,1,Medicine,4.00,7.00
2025-10-10,AA Batteries (pair),0,Household,35.00,55.00
2025-10-10,Sewing Needle Pack,1,Household,12.00,25.00
2025-10-11,Cooking Oil 1L,46,Pantry,60.00,75.00
2025-10-11,Bear Brand Powdered Milk 320g,13,Dairy,70.00,90.00
2025-10-11,Alaska Evap Milk 370ml,5,Dairy,32.00,42.00
2025-10-11,Ligo Sardines 155g,3,Canned Goods,18.00,25.00
2025-10-11,Sunsilk Shampoo Sachet,0,Body Care,5.00,8.00
2025-10-11,Biogesic 500mg Tablet,0,Medicine,4.00,7.00
2025-10-11,AA Batteries (pair),0,Household,35.00,55.00
2025-10-11,Sewing Needle Pack,0,Household,12.00,25.00
2025-10-12,Cooking Oil 1L,32,Pantry,60.00,75.00
2025-10-12,Bear Brand Powdered Milk 320g,8,Dairy,70.00,90.00
2025-10-12,Alaska Evap Milk 370ml,4,Dairy,32.00,42.00
2025-10-12,Ligo Sardines 155g,5,Canned Goods,18.00,25.00
2025-10-12,Sunsilk Shampoo Sachet,1,Body Care,5.00,8.00
2025-10-12,Biogesic 500mg Tablet,1,Medicine,4.00,7.00
2025-10-12,AA Batteries (pair),0,Household,35.00,55.00
2025-10-12,Sewing Needle Pack,0,Household,12.00,25.00
2025-10-13,Cooking Oil 1L,53,Pantry,60.00,75.00
2025-10-13,Bear Brand Powdered Milk 320g,9,Dairy,70.00,90.00
2025-10-13,Alaska Evap Milk 370ml,3,Dairy,32.00,42.00
2025-10-13,Ligo Sardines 155g,2,Canned Goods,18.00,25.00
2025-10-13,Sunsilk Shampoo Sachet,1,Body Care,5.00,8.00
2025-10-13,Biogesic 500mg Tablet,2,Medicine,4.00,7.00
2025-10-13,AA Batteries (pair),0,Household,35.00,55.00
2025-10-13,Sewing Needle Pack,0,Household,12.00,25.00
2025-10-14,Cooking Oil 1L,32,Pantry,60.00,75.00
2025-10-14,Bear Brand Powdered Milk 320g,14,Dairy,70.00,90.00
2025-10-14,Alaska Evap Milk 370ml,1,Dairy,32.00,42.00
2025-10-14,Ligo Sardines 155g,5,Canned Goods,18.00,25.00
2025-10-14,Sunsilk Shampoo Sachet,1,Body Care,5.00,8.00
2025-10-14,Biogesic 500mg Tablet,0,Medicine,4.00,7.00
2025-10-14,AA Batteries (pair),0,Household,35.00,55.00
2025-10-14,Sewing Needle Pack,0,Household,12.00,25.00
2025-10-15,Cooking Oil 1L,27,Pantry,60.00,75.00
2025-10-15,Bear Brand Powdered Milk 320g,15,Dairy,70.00,90.00
2025-10-15,Alaska Evap Milk 370ml,4,Dairy,32.00,42.00
2025-10-15,Ligo Sardines 155g,1,Canned Goods,18.00,25.00
2025-10-15,Sunsilk Shampoo Sachet,1,Body Care,5.00,8.00
2025-10-15,Biogesic 500mg Tablet,1,Medicine,4.00,7.00
2025-10-15,AA Batteries (pair),0,Household,35.00,55.00
2025-10-15,Sewing Needle Pack,1,Household,12.00,25.00
2025-10-16,Cooking Oil 1L,29,Pantry,60.00,75.00
2025-10-16,Bear Brand Powdered Milk 320g,10,Dairy,70.00,90.00
2025-10-16,Alaska Evap Milk 370ml,7,Dairy,32.00,42.00
2025-10-16,Ligo Sardines 155g,1,Canned Goods,18.00,25.00
2025-10-16,Sunsilk Shampoo Sachet,2,Body Care,5.00,8.00
2025-10-16,Biogesic 500mg Tablet,1,Medicine,4.00,7.00
2025-10-16,AA Batteries (pair),0,Household,35.00,55.00
2025-10-16,Sewing Needle Pack,0,Household,12.00,25.00
2025-10-17,Cooking Oil 1L,41,Pantry,60.00,75.00
2025-10-17,Bear Brand Powdered Milk 320g,9,Dairy,70.00,90.00
2025-10-17,Alaska Evap Milk 370ml,6,Dairy,32.00,42.00
2025-10-17,Ligo Sardines 155g,4,Canned Goods,18.00,25.00
2025-10-17,Sunsilk Shampoo Sachet,3,Body Care,5.00,8.00
2025-10-17,Biogesic 500mg Tablet,1,Medicine,4.00,7.00
2025-10-17,AA Batteries (pair),0,Household,35.00,55.00
2025-10-17,Sewing Needle Pack,1,Household,12.00,25.00
2025-10-18,Cooking Oil 1L,43,Pantry,60.00,75.00
2025-10-18,Bear Brand Powdered Milk 320g,18,Dairy,70.00,90.00
2025-10-18,Alaska Evap Milk 370ml,2,Dairy,32.00,42.00
2025-10-18,Ligo Sardines 155g,1,Canned Goods,18.00,25.00
2025-10-18,Sunsilk Shampoo Sachet,3,Body Care,5.00,8.00
2025-10-18,Biogesic 500mg Tablet,0,Medicine,4.00,7.00
2025-10-18,AA Batteries (pair),1,Household,35.00,55.00
2025-10-18,Sewing Needle Pack,0,Household,12.00,25.00
2025-10-19,Cooking Oil 1L,40,Pantry,60.00,75.00
2025-10-19,Bear Brand Powdered Milk 320g,12,Dairy,70.00,90.00
2025-10-19,Alaska Evap Milk 370ml,3,Dairy,32.00,42.00
2025-10-19,Ligo Sardines 155g,2,Canned Goods,18.00,25.00
2025-10-19,Sunsilk Shampoo Sachet,0,Body Care,5.00,8.00
2025-10-19,Biogesic 500mg Tablet,0,Medicine,4.00,7.00
2025-10-19,AA Batteries (pair),1,Household,35.00,55.00
2025-10-19,Sewing Needle Pack,1,Household,12.00,25.00
2025-10-20,Cooking Oil 1L,22,Pantry,60.00,75.00
2025-10-20,Bear Brand Powdered Milk 320g,13,Dairy,70.00,90.00
2025-10-20,Alaska Evap Milk 370ml,8,Dairy,32.00,42.00
2025-10-20,Ligo Sardines 155g,2,Canned Goods,18.00,25.00
2025-10-20,Sunsilk Shampoo Sachet,1,Body Care,5.00,8.00
2025-10-20,Biogesic 500mg Tablet,1,Medicine,4.00,7.00
2025-10-20,AA Batteries (pair),0,Household,35.00,55.00
2025-10-20,Sewing Needle Pack,0,Household,12.00,25.00
2025-10-21,Cooking Oil 1L,24,Pantry,60.00,75.00
2025-10-21,Bear Brand Powdered Milk 320g,6,Dairy,70.00,90.00
2025-10-21,Alaska Evap Milk 370ml,7,Dairy,32.00,42.00
2025-10-21,Ligo Sardines 155g,1,Canned Goods,18.00,25.00
2025-10-21,Sunsilk Shampoo Sachet,1,Body Care,5.00,8.00
2025-10-21,Biogesic 500mg Tablet,1,Medicine,4.00,7.00
2025-10-21,AA Batteries (pair),1,Household,35.00,55.00
2025-10-21,Sewing Needle Pack,0,Household,12.00,25.00
2025-10-22,Cooking Oil 1L,22,Pantry,60.00,75.00
2025-10-22,Bear Brand Powdered Milk 320g,13,Dairy,70.00,90.00
2025-10-22,Alaska Evap Milk 370ml,0,Dairy,32.00,42.00
2025-10-22,Ligo Sardines 155g,1,Canned Goods,18.00,25.00
2025-10-22,Sunsilk Shampoo Sachet,0,Body Care,5.00,8.00
2025-10-22,Biogesic 500mg Tablet,0,Medicine,4.00,7.00
2025-10-22,AA Batteries (pair),1,Household,35.00,55.00
2025-10-22,Sewing Needle Pack,0,Household,12.00,25.00
2025-10-23,Cooking Oil 1L,46,Pantry,60.00,75.00
2025-10-23,Bear Brand Powdered Milk 320g,12,Dairy,70.00,90.00
2025-10-23,Alaska Evap Milk 370ml,4,Dairy,32.00,42.00
2025-10-23,Ligo Sardines 155g,3,Canned Goods,18.00,25.00
2025-10-23,Sunsilk Shampoo Sachet,0,Body Care,5.00,8.00
2025-10-23,Biogesic 500mg Tablet,1,Medicine,4.00,7.00
2025-10-23,AA Batteries (pair),0,Household,35.00,55.00
2025-10-23,Sewing Needle Pack,0,Household,12.00,25.00
2025-10-24,Cooking Oil 1L,38,Pantry,60.00,75.00
2025-10-24,Bear Brand Powdered Milk 320g,16,Dairy,70.00,90.00
2025-10-24,Alaska Evap Milk 370ml,5,Dairy,32.00,42.00
2025-10-24,Ligo Sardines 155g,3,Canned Goods,18.00,25.00
2025-10-24,Sunsilk Shampoo Sachet,1,Body Care,5.00,8.00
2025-10-24,Biogesic 500mg Tablet,0,Medicine,4.00,7.00
2025-10-24,AA Batteries (pair),0,Household,35.00,55.00
2025-10-24,Sewing Needle Pack,0,Household,12.00,25.00
2025-10-25,Cooking Oil 1L,38,Pantry,60.00,75.00
2025-10-25,Bear Brand Powdered Milk 320g,12,Dairy,70.00,90.00
2025-10-25,Alaska Evap Milk 370ml,4,Dairy,32.00,42.00
2025-10-25,Ligo Sardines 155g,1,Canned Goods,18.00,25.00
2025-10-25,Sunsilk Shampoo Sachet,0,Body Care,5.00,8.00
2025-10-25,Biogesic 500mg Tablet,0,Medicine,4.00,7.00
2025-10-25,AA Batteries (pair),0,Household,35.00,55.00
2025-10-25,Sewing Needle Pack,0,Household,12.00,25.00
2025-10-26,Cooking Oil 1L,21,Pantry,60.00,75.00
2025-10-26,Bear Brand Powdered Milk 320g,22,Dairy,70.00,90.00
2025-10-26,Alaska Evap Milk 370ml,3,Dairy,32.00,42.00
2025-10-26,Ligo Sardines 155g,3,Canned Goods,18.00,25.00
2025-10-26,Sunsilk Shampoo Sachet,3,Body Care,5.00,8.00
2025-10-26,Biogesic 500mg Tablet,1,Medicine,4.00,7.00
2025-10-26,AA Batteries (pair),0,Household,35.00,55.00
2025-10-26,Sewing Needle Pack,0,Household,12.00,25.00
2025-10-27,Cooking Oil 1L,36,Pantry,60.00,75.00
2025-10-27,Bear Brand Powdered Milk 320g,24,Dairy,70.00,90.00
2025-10-27,Alaska Evap Milk 370ml,4,Dairy,32.00,42.00
2025-10-27,Ligo Sardines 155g,4,Canned Goods,18.00,25.00
2025-10-27,Sunsilk Shampoo Sachet,0,Body Care,5.00,8.00
2025-10-27,Biogesic 500mg Tablet,0,Medicine,4.00,7.00
2025-10-27,AA Batteries (pair),0,Household,35.00,55.00
2025-10-27,Sewing Needle Pack,0,Household,12.00,25.00
2025-10-28,Cooking Oil 1L,37,Pantry,60.00,75.00
2025-10-28,Bear Brand Powdered Milk 320g,5,Dairy,70.00,90.00
2025-10-28,Alaska Evap Milk 370ml,4,Dairy,32.00,42.00
2025-10-28,Ligo Sardines 155g,3,Canned Goods,18.00,25.00
2025-10-28,Sunsilk Shampoo Sachet,1,Body Care,5.00,8.00
2025-10-28,Biogesic 500mg Tablet,0,Medicine,4.00,7.00
2025-10-28,AA Batteries (pair),0,Household,35.00,55.00
2025-10-28,Sewing Needle Pack,0,Household,12.00,25.00
2025-10-29,Cooking Oil 1L,48,Pantry,60.00,75.00
2025-10-29,Bear Brand Powdered Milk 320g,21,Dairy,70.00,90.00
2025-10-29,Alaska Evap Milk 370ml,1,Dairy,32.00,42.00
2025-10-29,Ligo Sardines 155g,1,Canned Goods,18.00,25.00
2025-10-29,Sunsilk Shampoo Sachet,2,Body Care,5.00,8.00
2025-10-29,Biogesic 500mg Tablet,1,Medicine,4.00,7.00
2025-10-29,AA Batteries (pair),0,Household,35.00,55.00
2025-10-29,Sewing Needle Pack,0,Household,12.00,25.00
2025-10-30,Cooking Oil 1L,49,Pantry,60.00,75.00
2025-10-30,Bear Brand Powdered Milk 320g,23,Dairy,70.00,90.00
2025-10-30,Alaska Evap Milk 370ml,12,Dairy,32.00,42.00
2025-10-30,Ligo Sardines 155g,1,Canned Goods,18.00,25.00
2025-10-30,Sunsilk Shampoo Sachet,0,Body Care,5.00,8.00
2025-10-30,Biogesic 500mg Tablet,1,Medicine,4.00,7.00
2025-10-30,AA Batteries (pair),0,Household,35.00,55.00
2025-10-30,Sewing Needle Pack,1,Household,12.00,25.00
2025-10-31,Cooking Oil 1L,72,Pantry,60.00,75.00
2025-10-31,Bear Brand Powdered Milk 320g,15,Dairy,70.00,90.00
2025-10-31,Alaska Evap Milk 370ml,3,Dairy,32.00,42.00
2025-10-31,Ligo Sardines 155g,2,Canned Goods,18.00,25.00
2025-10-31,Sunsilk Shampoo Sachet,0,Body Care,5.00,8.00
2025-10-31,Biogesic 500mg Tablet,0,Medicine,4.00,7.00
2025-10-31,AA Batteries (pair),0,Household,35.00,55.00
2025-10-31,Sewing Needle Pack,1,Household,12.00,25.00
2025-11-01,Cooking Oil 1L,37,Pantry,60.00,75.00
2025-11-01,Bear Brand Powdered Milk 320g,22,Dairy,70.00,90.00
2025-11-01,Alaska Evap Milk 370ml,10,Dairy,32.00,42.00
2025-11-01,Ligo Sardines 155g,5,Canned Goods,18.00,25.00
2025-11-01,Sunsilk Shampoo Sachet,3,Body Care,5.00,8.00
2025-11-01,Biogesic 500mg Tablet,1,Medicine,4.00,7.00
2025-11-01,AA Batteries (pair),0,Household,35.00,55.00
2025-11-01,Sewing Needle Pack,1,Household,12.00,25.00
2025-11-02,Cooking Oil 1L,52,Pantry,60.00,75.00
2025-11-02,Bear Brand Powdered Milk 320g,20,Dairy,70.00,90.00
2025-11-02,Alaska Evap Milk 370ml,6,Dairy,32.00,42.00
2025-11-02,Ligo Sardines 155g,4,Canned Goods,18.00,25.00
2025-11-02,Sunsilk Shampoo Sachet,3,Body Care,5.00,8.00
2025-11-02,Biogesic 500mg Tablet,2,Medicine,4.00,7.00
2025-11-02,AA Batteries (pair),0,Household,35.00,55.00
2025-11-02,Sewing Needle Pack,0,Household,12.00,25.00
2025-11-03,Cooking Oil 1L,28,Pantry,60.00,75.00
2025-11-03,Bear Brand Powdered Milk 320g,18,Dairy,70.00,90.00
2025-11-03,Alaska Evap Milk 370ml,7,Dairy,32.00,42.00
2025-11-03,Ligo Sardines 155g,0,Canned Goods,18.00,25.00
2025-11-03,Sunsilk Shampoo Sachet,0,Body Care,5.00,8.00
2025-11-03,Biogesic 500mg Tablet,0,Medicine,4.00,7.00
2025-11-03,AA Batteries (pair),1,Household,35.00,55.00
2025-11-03,Sewing Needle Pack,1,Household,12.00,25.00
2025-11-04,Cooking Oil 1L,26,Pantry,60.00,75.00
2025-11-04,Bear Brand Powdered Milk 320g,14,Dairy,70.00,90.00
2025-11-04,Alaska Evap Milk 370ml,2,Dairy,32.00,42.00
2025-11-04,Ligo Sardines 155g,0,Canned Goods,18.00,25.00
2025-11-04,Sunsilk Shampoo Sachet,3,Body Care,5.00,8.00
2025-11-04,Biogesic 500mg Tablet,1,Medicine,4.00,7.00
2025-11-04,AA Batteries (pair),0,Household,35.00,55.00
2025-11-04,Sewing Needle Pack,0,Household,12.00,25.00
2025-11-05,Cooking Oil 1L,41,Pantry,60.00,75.00
2025-11-05,Bear Brand Powdered Milk 320g,5,Dairy,70.00,90.00
2025-11-05,Alaska Evap Milk 370ml,3,Dairy,32.00,42.00
2025-11-05,Ligo Sardines 155g,0,Canned Goods,18.00,25.00
2025-11-05,Sunsilk Shampoo Sachet,2,Body Care,5.00,8.00
2025-11-05,Biogesic 500mg Tablet,1,Medicine,4.00,7.00
2025-11-05,AA Batteries (pair),0,Household,35.00,55.00
2025-11-05,Sewing Needle Pack,0,Household,12.00,25.00
2025-11-06,Cooking Oil 1L,25,Pantry,60.00,75.00
2025-11-06,Bear Brand Powdered Milk 320g,10,Dairy,70.00,90.00
2025-11-06,Alaska Evap Milk 370ml,3,Dairy,32.00,42.00
2025-11-06,Ligo Sardines 155g,0,Canned Goods,18.00,25.00
2025-11-06,Sunsilk Shampoo Sachet,0,Body Care,5.00,8.00
2025-11-06,Biogesic 500mg Tablet,0,Medicine,4.00,7.00
2025-11-06,AA Batteries (pair),0,Household,35.00,55.00
2025-11-06,Sewing Needle Pack,0,Household,12.00,25.00
2025-11-07,Cooking Oil 1L,44,Pantry,60.00,75.00
2025-11-07,Bear Brand Powdered Milk 320g,12,Dairy,70.00,90.00
2025-11-07,Alaska Evap Milk 370ml,2,Dairy,32.00,42.00
2025-11-07,Ligo Sardines 155g,3,Canned Goods,18.00,25.00
2025-11-07,Sunsilk Shampoo Sachet,0,Body Care,5.00,8.00
2025-11-07,Biogesic 500mg Tablet,0,Medicine,4.00,7.00
2025-11-07,AA Batteries (pair),0,Household,35.00,55.00
2025-11-07,Sewing Needle Pack,0,Household,12.00,25.00
2025-11-08,Cooking Oil 1L,43,Pantry,60.00,75.00
2025-11-08,Bear Brand Powdered Milk 320g,10,Dairy,70.00,90.00
2025-11-08,Alaska Evap Milk 370ml,4,Dairy,32.00,42.00
2025-11-08,Ligo Sardines 155g,1,Canned Goods,18.00,25.00
2025-11-08,Sunsilk Shampoo Sachet,1,Body Care,5.00,8.00
2025-11-08,Biogesic 500mg Tablet,1,Medicine,4.00,7.00
2025-11-08,AA Batteries (pair),1,Household,35.00,55.00
2025-11-08,Sewing Needle Pack,0,Household,12.00,25.00
2025-11-09,Cooking Oil 1L,49,Pantry,60.00,75.00
2025-11-09,Bear Brand Powdered Milk 320g,6,Dairy,70.00,90.00
2025-11-09,Alaska Evap Milk 370ml,1,Dairy,32.00,42.00
2025-11-09,Ligo Sardines 155g,4,Canned Goods,18.00,25.00
2025-11-09,Sunsilk Shampoo Sachet,0,Body Care,5.00,8.00
2025-11-09,Biogesic 500mg Tablet,0,Medicine,4.00,7.00
2025-11-09,AA Batteries (pair),0,Household,35.00,55.00
2025-11-09,Sewing Needle Pack,0,Household,12.00,25.00
2025-11-10,Cooking Oil 1L,21,Pantry,60.00,75.00
2025-11-10,Bear Brand Powdered Milk 320g,12,Dairy,70.00,90.00
2025-11-10,Alaska Evap Milk 370ml,2,Dairy,32.00,42.00
2025-11-10,Ligo Sardines 155g,0,Canned Goods,18.00,25.00
2025-11-10,Sunsilk Shampoo Sachet,1,Body Care,5.00,8.00
2025-11-10,Biogesic 500mg Tablet,1,Medicine,4.00,7.00
2025-11-10,AA Batteries (pair),0,Household,35.00,55.00
2025-11-10,Sewing Needle Pack,0,Household,12.00,25.00
2025-11-11,Cooking Oil 1L,31,Pantry,60.00,75.00
2025-11-11,Bear Brand Powdered Milk 320g,13,Dairy,70.00,90.00
2025-11-11,Alaska Evap Milk 370ml,3,Dairy,32.00,42.00
2025-11-11,Ligo Sardines 155g,3,Canned Goods,18.00,25.00
2025-11-11,Sunsilk Shampoo Sachet,1,Body Care,5.00,8.00
2025-11-11,Biogesic 500mg Tablet,1,Medicine,4.00,7.00
2025-11-11,AA Batteries (pair),0,Household,35.00,55.00
2025-11-11,Sewing Needle Pack,0,Household,12.00,25.00
2025-11-12,Cooking Oil 1L,35,Pantry,60.00,75.00
2025-11-12,Bear Brand Powdered Milk 320g,11,Dairy,70.00,90.00
2025-11-12,Alaska Evap Milk 370ml,6,Dairy,32.00,42.00
2025-11-12,Ligo Sardines 155g,4,Canned Goods,18.00,25.00
2025-11-12,Sunsilk Shampoo Sachet,0,Body Care,5.00,8.00
2025-11-12,Biogesic 500mg Tablet,1,Medicine,4.00,7.00
2025-11-12,AA Batteries (pair),0,Household,35.00,55.00
2025-11-12,Sewing Needle Pack,0,Household,12.00,25.00
2025-11-13,Cooking Oil 1L,31,Pantry,60.00,75.00
2025-11-13,Bear Brand Powdered Milk 320g,9,Dairy,70.00,90.00
2025-11-13,Alaska Evap Milk 370ml,5,Dairy,32.00,42.00
2025-11-13,Ligo Sardines 155g,0,Canned Goods,18.00,25.00
2025-11-13,Sunsilk Shampoo Sachet,3,Body Care,5.00,8.00
2025-11-13,Biogesic 500mg Tablet,0,Medicine,4.00,7.00
2025-11-13,AA Batteries (pair),0,Household,35.00,55.00
2025-11-13,Sewing Needle Pack,0,Household,12.00,25.00
2025-11-14,Cooking Oil 1L,27,Pantry,60.00,75.00
2025-11-14,Bear Brand Powdered Milk 320g,11,Dairy,70.00,90.00
2025-11-14,Alaska Evap Milk 370ml,1,Dairy,32.00,42.00
2025-11-14,Ligo Sardines 155g,2,Canned Goods,18.00,25.00
2025-11-14,Sunsilk Shampoo Sachet,4,Body Care,5.00,8.00
2025-11-14,Biogesic 500mg Tablet,1,Medicine,4.00,7.00
2025-11-14,AA Batteries (pair),1,Household,35.00,55.00
2025-11-14,Sewing Needle Pack,0,Household,12.00,25.00
2025-11-15,Cooking Oil 1L,32,Pantry,60.00,75.00
2025-11-15,Bear Brand Powdered Milk 320g,19,Dairy,70.00,90.00
2025-11-15,Alaska Evap Milk 370ml,5,Dairy,32.00,42.00
2025-11-15,Ligo Sardines 155g,0,Canned Goods,18.00,25.00
2025-11-15,Sunsilk Shampoo Sachet,0,Body Care,5.00,8.00
2025-11-15,Biogesic 500mg Tablet,0,Medicine,4.00,7.00
2025-11-15,AA Batteries (pair),0,Household,35.00,55.00
2025-11-15,Sewing Needle Pack,0,Household,12.00,25.00
2025-11-16,Cooking Oil 1L,19,Pantry,60.00,75.00
2025-11-16,Bear Brand Powdered Milk 320g,18,Dairy,70.00,90.00
2025-11-16,Alaska Evap Milk 370ml,6,Dairy,32.00,42.00
2025-11-16,Ligo Sardines 155g,3,Canned Goods,18.00,25.00
2025-11-16,Sunsilk Shampoo Sachet,0,Body Care,5.00,8.00
2025-11-16,Biogesic 500mg Tablet,1,Medicine,4.00,7.00
2025-11-16,AA Batteries (pair),0,Household,35.00,55.00
2025-11-16,Sewing Needle Pack,0,Household,12.00,25.00
2025-11-17,Cooking Oil 1L,35,Pantry,60.00,75.00
2025-11-17,Bear Brand Powdered Milk 320g,7,Dairy,70.00,90.00
2025-11-17,Alaska Evap Milk 370ml,7,Dairy,32.00,42.00
2025-11-17,Ligo Sardines 155g,5,Canned Goods,18.00,25.00
2025-11-17,Sunsilk Shampoo Sachet,0,Body Care,5.00,8.00
2025-11-17,Biogesic 500mg Tablet,0,Medicine,4.00,7.00
2025-11-17,AA Batteries (pair),0,Household,35.00,55.00
2025-11-17,Sewing Needle Pack,1,Household,12.00,25.00
2025-11-18,Cooking Oil 1L,41,Pantry,60.00,75.00
2025-11-18,Bear Brand Powdered Milk 320g,12,Dairy,70.00,90.00
2025-11-18,Alaska Evap Milk 370ml,5,Dairy,32.00,42.00
2025-11-18,Ligo Sardines 155g,2,Canned Goods,18.00,25.00
2025-11-18,Sunsilk Shampoo Sachet,1,Body Care,5.00,8.00
2025-11-18,Biogesic 500mg Tablet,2,Medicine,4.00,7.00
2025-11-18,AA Batteries (pair),0,Household,35.00,55.00
2025-11-18,Sewing Needle Pack,0,Household,12.00,25.00
2025-11-19,Cooking Oil 1L,22,Pantry,60.00,75.00
2025-11-19,Bear Brand Powdered Milk 320g,14,Dairy,70.00,90.00
2025-11-19,Alaska Evap Milk 370ml,2,Dairy,32.00,42.00
2025-11-19,Ligo Sardines 155g,1,Canned Goods,18.00,25.00
2025-11-19,Sunsilk Shampoo Sachet,1,Body Care,5.00,8.00
2025-11-19,Biogesic 500mg Tablet,0,Medicine,4.00,7.00
2025-11-19,AA Batteries (pair),0,Household,35.00,55.00
2025-11-19,Sewing Needle Pack,0,Household,12.00,25.00
2025-11-20,Cooking Oil 1L,32,Pantry,60.00,75.00
2025-11-20,Bear Brand Powdered Milk 320g,17,Dairy,70.00,90.00
2025-11-20,Alaska Evap Milk 370ml,2,Dairy,32.00,42.00
2025-11-20,Ligo Sardines 155g,2,Canned Goods,18.00,25.00
2025-11-20,Sunsilk Shampoo Sachet,2,Body Care,5.00,8.00
2025-11-20,Biogesic 500mg Tablet,0,Medicine,4.00,7.00
2025-11-20,AA Batteries (pair),0,Household,35.00,55.00
2025-11-20,Sewing Needle Pack,0,Household,12.00,25.00
2025-11-21,Cooking Oil 1L,34,Pantry,60.00,75.00
2025-11-21,Bear Brand Powdered Milk 320g,20,Dairy,70.00,90.00
2025-11-21,Alaska Evap Milk 370ml,2,Dairy,32.00,42.00
2025-11-21,Ligo Sardines 155g,5,Canned Goods,18.00,25.00
2025-11-21,Sunsilk Shampoo Sachet,0,Body Care,5.00,8.00
2025-11-21,Biogesic 500mg Tablet,2,Medicine,4.00,7.00
2025-11-21,AA Batteries (pair),0,Household,35.00,55.00
2025-11-21,Sewing Needle Pack,0,Household,12.00,25.00
2025-11-22,Cooking Oil 1L,29,Pantry,60.00,75.00
2025-11-22,Bear Brand Powdered Milk 320g,17,Dairy,70.00,90.00
2025-11-22,Alaska Evap Milk 370ml,4,Dairy,32.00,42.00
2025-11-22,Ligo Sardines 155g,4,Canned Goods,18.00,25.00
2025-11-22,Sunsilk Shampoo Sachet,1,Body Care,5.00,8.00
2025-11-22,Biogesic 500mg Tablet,0,Medicine,4.00,7.00
2025-11-22,AA Batteries (pair),0,Household,35.00,55.00
2025-11-22,Sewing Needle Pack,0,Household,12.00,25.00
2025-11-23,Cooking Oil 1L,34,Pantry,60.00,75.00
2025-11-23,Bear Brand Powdered Milk 320g,15,Dairy,70.00,90.00
2025-11-23,Alaska Evap Milk 370ml,5,Dairy,32.00,42.00
2025-11-23,Ligo Sardines 155g,4,Canned Goods,18.00,25.00
2025-11-23,Sunsilk Shampoo Sachet,0,Body Care,5.00,8.00
2025-11-23,Biogesic 500mg Tablet,0,Medicine,4.00,7.00
2025-11-23,AA Batteries (pair),0,Household,35.00,55.00
2025-11-23,Sewing Needle Pack,0,Household,12.00,25.00
2025-11-24,Cooking Oil 1L,27,Pantry,60.00,75.00
2025-11-24,Bear Brand Powdered Milk 320g,15,Dairy,70.00,90.00
2025-11-24,Alaska Evap Milk 370ml,8,Dairy,32.00,42.00
2025-11-24,Ligo Sardines 155g,1,Canned Goods,18.00,25.00
2025-11-24,Sunsilk Shampoo Sachet,0,Body Care,5.00,8.00
2025-11-24,Biogesic 500mg Tablet,0,Medicine,4.00,7.00
2025-11-24,AA Batteries (pair),0,Household,35.00,55.00
2025-11-24,Sewing Needle Pack,1,Household,12.00,25.00
2025-11-25,Cooking Oil 1L,28,Pantry,60.00,75.00
2025-11-25,Bear Brand Powdered Milk 320g,13,Dairy,70.00,90.00
2025-11-25,Alaska Evap Milk 370ml,6,Dairy,32.00,42.00
2025-11-25,Ligo Sardines 155g,0,Canned Goods,18.00,25.00
2025-11-25,Sunsilk Shampoo Sachet,0,Body Care,5.00,8.00
2025-11-25,Biogesic 500mg Tablet,0,Medicine,4.00,7.00
2025-11-25,AA Batteries (pair),1,Household,35.00,55.00
2025-11-25,Sewing Needle Pack,0,Household,12.00,25.00
2025-11-26,Cooking Oil 1L,29,Pantry,60.00,75.00
2025-11-26,Bear Brand Powdered Milk 320g,7,Dairy,70.00,90.00
2025-11-26,Alaska Evap Milk 370ml,0,Dairy,32.00,42.00
2025-11-26,Ligo Sardines 155g,2,Canned Goods,18.00,25.00
2025-11-26,Sunsilk Shampoo Sachet,0,Body Care,5.00,8.00
2025-11-26,Biogesic 500mg Tablet,2,Medicine,4.00,7.00
2025-11-26,AA Batteries (pair),1,Household,35.00,55.00
2025-11-26,Sewing Needle Pack,0,Household,12.00,25.00
2025-11-27,Cooking Oil 1L,38,Pantry,60.00,75.00
2025-11-27,Bear Brand Powdered Milk 320g,12,Dairy,70.00,90.00
2025-11-27,Alaska Evap Milk 370ml,2,Dairy,32.00,42.00
2025-11-27,Ligo Sardines 155g,3,Canned Goods,18.00,25.00
2025-11-27,Sunsilk Shampoo Sachet,0,Body Care,5.00,8.00
2025-11-27,Biogesic 500mg Tablet,1,Medicine,4.00,7.00
2025-11-27,AA Batteries (pair),0,Household,35.00,55.00
2025-11-27,Sewing Needle Pack,0,Household,12.00,25.00
2025-11-28,Cooking Oil 1L,47,Pantry,60.00,75.00
2025-11-28,Bear Brand Powdered Milk 320g,14,Dairy,70.00,90.00
2025-11-28,Alaska Evap Milk 370ml,11,Dairy,32.00,42.00
2025-11-28,Ligo Sardines 155g,1,Canned Goods,18.00,25.00
2025-11-28,Sunsilk Shampoo Sachet,3,Body Care,5.00,8.00
2025-11-28,Biogesic 500mg Tablet,0,Medicine,4.00,7.00
2025-11-28,AA Batteries (pair),0,Household,35.00,55.00
2025-11-28,Sewing Needle Pack,0,Household,12.00,25.00
2025-11-29,Cooking Oil 1L,58,Pantry,60.00,75.00
2025-11-29,Bear Brand Powdered Milk 320g,25,Dairy,70.00,90.00
2025-11-29,Alaska Evap Milk 370ml,3,Dairy,32.00,42.00
2025-11-29,Ligo Sardines 155g,3,Canned Goods,18.00,25.00
2025-11-29,Sunsilk Shampoo Sachet,1,Body Care,5.00,8.00
2025-11-29,Biogesic 500mg Tablet,0,Medicine,4.00,7.00
2025-11-29,AA Batteries (pair),0,Household,35.00,55.00
2025-11-29,Sewing Needle Pack,0,Household,12.00,25.00
2025-11-30,Cooking Oil 1L,58,Pantry,60.00,75.00
2025-11-30,Bear Brand Powdered Milk 320g,19,Dairy,70.00,90.00
2025-11-30,Alaska Evap Milk 370ml,7,Dairy,32.00,42.00
2025-11-30,Ligo Sardines 155g,3,Canned Goods,18.00,25.00
2025-11-30,Sunsilk Shampoo Sachet,1,Body Care,5.00,8.00
2025-11-30,Biogesic 500mg Tablet,1,Medicine,4.00,7.00
2025-11-30,AA Batteries (pair),1,Household,35.00,55.00
2025-11-30,Sewing Needle Pack,0,Household,12.00,25.00
2025-12-01,Cooking Oil 1L,21,Pantry,60.00,75.00
2025-12-01,Bear Brand Powdered Milk 320g,13,Dairy,70.00,90.00
2025-12-01,Alaska Evap Milk 370ml,3,Dairy,32.00,42.00
2025-12-01,Ligo Sardines 155g,2,Canned Goods,18.00,25.00
2025-12-01,Sunsilk Shampoo Sachet,1,Body Care,5.00,8.00
2025-12-01,Biogesic 500mg Tablet,0,Medicine,4.00,7.00
2025-12-01,AA Batteries (pair),0,Household,35.00,55.00
2025-12-01,Sewing Needle Pack,0,Household,12.00,25.00
2025-12-02,Cooking Oil 1L,30,Pantry,60.00,75.00
2025-12-02,Bear Brand Powdered Milk 320g,11,Dairy,70.00,90.00
2025-12-02,Alaska Evap Milk 370ml,5,Dairy,32.00,42.00
2025-12-02,Ligo Sardines 155g,1,Canned Goods,18.00,25.00
2025-12-02,Sunsilk Shampoo Sachet,1,Body Care,5.00,8.00
2025-12-02,Biogesic 500mg Tablet,2,Medicine,4.00,7.00
2025-12-02,AA Batteries (pair),0,Household,35.00,55.00
2025-12-02,Sewing Needle Pack,0,Household,12.00,25.00
2025-12-03,Cooking Oil 1L,14,Pantry,60.00,75.00
2025-12-03,Bear Brand Powdered Milk 320g,6,Dairy,70.00,90.00
2025-12-03,Alaska Evap Milk 370ml,1,Dairy,32.00,42.00
2025-12-03,Ligo Sardines 155g,3,Canned Goods,18.00,25.00
2025-12-03,Sunsilk Shampoo Sachet,1,Body Care,5.00,8.00
2025-12-03,Biogesic 500mg Tablet,1,Medicine,4.00,7.00
2025-12-03,AA Batteries (pair),1,Household,35.00,55.00
2025-12-03,Sewing Needle Pack,0,Household,12.00,25.00
2025-12-04,Cooking Oil 1L,28,Pantry,60.00,75.00
2025-12-04,Bear Brand Powdered Milk 320g,7,Dairy,70.00,90.00
2025-12-04,Alaska Evap Milk 370ml,3,Dairy,32.00,42.00
2025-12-04,Ligo Sardines 155g,2,Canned Goods,18.00,25.00
2025-12-04,Sunsilk Shampoo Sachet,0,Body Care,5.00,8.00
2025-12-04,Biogesic 500mg Tablet,0,Medicine,4.00,7.00
2025-12-04,AA Batteries (pair),0,Household,35.00,55.00
2025-12-04,Sewing Needle Pack,1,Household,12.00,25.00
2025-12-05,Cooking Oil 1L,36,Pantry,60.00,75.00
2025-12-05,Bear Brand Powdered Milk 320g,12,Dairy,70.00,90.00
2025-12-05,Alaska Evap Milk 370ml,4,Dairy,32.00,42.00
2025-12-05,Ligo Sardines 155g,2,Canned Goods,18.00,25.00
2025-12-05,Sunsilk Shampoo Sachet,1,Body Care,5.00,8.00
2025-12-05,Biogesic 500mg Tablet,1,Medicine,4.00,7.00
2025-12-05,AA Batteries (pair),0,Household,35.00,55.00
2025-12-05,Sewing Needle Pack,0,Household,12.00,25.00
2025-12-06,Cooking Oil 1L,46,Pantry,60.00,75.00
2025-12-06,Bear Brand Powdered Milk 320g,17,Dairy,70.00,90.00
2025-12-06,Alaska Evap Milk 370ml,3,Dairy,32.00,42.00
2025-12-06,Ligo Sardines 155g,4,Canned Goods,18.00,25.00
2025-12-06,Sunsilk Shampoo Sachet,1,Body Care,5.00,8.00
2025-12-06,Biogesic 500mg Tablet,0,Medicine,4.00,7.00
2025-12-06,AA Batteries (pair),0,Household,35.00,55.00
2025-12-06,Sewing Needle Pack,0,Household,12.00,25.00
2025-12-07,Cooking Oil 1L,27,Pantry,60.00,75.00
2025-12-07,Bear Brand Powdered Milk 320g,15,Dairy,70.00,90.00
2025-12-07,Alaska Evap Milk 370ml,5,Dairy,32.00,42.00
2025-12-07,Ligo Sardines 155g,6,Canned Goods,18.00,25.00
2025-12-07,Sunsilk Shampoo Sachet,2,Body Care,5.00,8.00
2025-12-07,Biogesic 500mg Tablet,1,Medicine,4.00,7.00
2025-12-07,AA Batteries (pair),0,Household,35.00,55.00
2025-12-07,Sewing Needle Pack,0,Household,12.00,25.00
2025-12-08,Cooking Oil 1L,43,Pantry,60.00,75.00
2025-12-08,Bear Brand Powdered Milk 320g,12,Dairy,70.00,90.00
2025-12-08,Alaska Evap Milk 370ml,3,Dairy,32.00,42.00
2025-12-08,Ligo Sardines 155g,1,Canned Goods,18.00,25.00
2025-12-08,Sunsilk Shampoo Sachet,0,Body Care,5.00,8.00
2025-12-08,Biogesic 500mg Tablet,1,Medicine,4.00,7.00
2025-12-08,AA Batteries (pair),2,Household,35.00,55.00
2025-12-08,Sewing Needle Pack,0,Household,12.00,25.00
2025-12-09,Cooking Oil 1L,29,Pantry,60.00,75.00
2025-12-09,Bear Brand Powdered Milk 320g,16,Dairy,70.00,90.00
2025-12-09,Alaska Evap Milk 370ml,1,Dairy,32.00,42.00
2025-12-09,Ligo Sardines 155g,2,Canned Goods,18.00,25.00
2025-12-09,Sunsilk Shampoo Sachet,1,Body Care,5.00,8.00
2025-12-09,Biogesic 500mg Tablet,1,Medicine,4.00,7.00
2025-12-09,AA Batteries (pair),0,Household,35.00,55.00
2025-12-09,Sewing Needle Pack,0,Household,12.00,25.00
2025-12-10,Cooking Oil 1L,23,Pantry,60.00,75.00
2025-12-10,Bear Brand Powdered Milk 320g,18,Dairy,70.00,90.00
2025-12-10,Alaska Evap Milk 370ml,2,Dairy,32.00,42.00
2025-12-10,Ligo Sardines 155g,1,Canned Goods,18.00,25.00
2025-12-10,Sunsilk Shampoo Sachet,0,Body Care,5.00,8.00
2025-12-10,Biogesic 500mg Tablet,0,Medicine,4.00,7.00
2025-12-10,AA Batteries (pair),0,Household,35.00,55.00
2025-12-10,Sewing Needle Pack,0,Household,12.00,25.00
2025-12-11,Cooking Oil 1L,20,Pantry,60.00,75.00
2025-12-11,Bear Brand Powdered Milk 320g,9,Dairy,70.00,90.00
2025-12-11,Alaska Evap Milk 370ml,3,Dairy,32.00,42.00
2025-12-11,Ligo Sardines 155g,3,Canned Goods,18.00,25.00
2025-12-11,Sunsilk Shampoo Sachet,1,Body Care,5.00,8.00
2025-12-11,Biogesic 500mg Tablet,1,Medicine,4.00,7.00
2025-12-11,AA Batteries (pair),0,Household,35.00,55.00
2025-12-11,Sewing Needle Pack,0,Household,12.00,25.00
2025-12-12,Cooking Oil 1L,40,Pantry,60.00,75.00
2025-12-12,Bear Brand Powdered Milk 320g,10,Dairy,70.00,90.00
2025-12-12,Alaska Evap Milk 370ml,7,Dairy,32.00,42.00
2025-12-12,Ligo Sardines 155g,3,Canned Goods,18.00,25.00
2025-12-12,Sunsilk Shampoo Sachet,3,Body Care,5.00,8.00
2025-12-12,Biogesic 500mg Tablet,0,Medicine,4.00,7.00
2025-12-12,AA Batteries (pair),0,Household,35.00,55.00
2025-12-12,Sewing Needle Pack,0,Household,12.00,25.00
2025-12-13,Cooking Oil 1L,42,Pantry,60.00,75.00
2025-12-13,Bear Brand Powdered Milk 320g,4,Dairy,70.00,90.00
2025-12-13,Alaska Evap Milk 370ml,8,Dairy,32.00,42.00
2025-12-13,Ligo Sardines 155g,4,Canned Goods,18.00,25.00
2025-12-13,Sunsilk Shampoo Sachet,1,Body Care,5.00,8.00
2025-12-13,Biogesic 500mg Tablet,0,Medicine,4.00,7.00
2025-12-13,AA Batteries (pair),0,Household,35.00,55.00
2025-12-13,Sewing Needle Pack,0,Household,12.00,25.00
2025-12-14,Cooking Oil 1L,38,Pantry,60.00,75.00
2025-12-14,Bear Brand Powdered Milk 320g,21,Dairy,70.00,90.00
2025-12-14,Alaska Evap Milk 370ml,10,Dairy,32.00,42.00
2025-12-14,Ligo Sardines 155g,2,Canned Goods,18.00,25.00
2025-12-14,Sunsilk Shampoo Sachet,0,Body Care,5.00,8.00
2025-12-14,Biogesic 500mg Tablet,0,Medicine,4.00,7.00
2025-12-14,AA Batteries (pair),0,Household,35.00,55.00
2025-12-14,Sewing Needle Pack,0,Household,12.00,25.00
2025-12-15,Cooking Oil 1L,22,Pantry,60.00,75.00
2025-12-15,Bear Brand Powdered Milk 320g,15,Dairy,70.00,90.00
2025-12-15,Alaska Evap Milk 370ml,4,Dairy,32.00,42.00
2025-12-15,Ligo Sardines 155g,0,Canned Goods,18.00,25.00
2025-12-15,Sunsilk Shampoo Sachet,0,Body Care,5.00,8.00
2025-12-15,Biogesic 500mg Tablet,1,Medicine,4.00,7.00
2025-12-15,AA Batteries (pair),1,Household,35.00,55.00
2025-12-15,Sewing Needle Pack,0,Household,12.00,25.00
2025-12-16,Cooking Oil 1L,39,Pantry,60.00,75.00
2025-12-16,Bear Brand Powdered Milk 320g,15,Dairy,70.00,90.00
2025-12-16,Alaska Evap Milk 370ml,6,Dairy,32.00,42.00
2025-12-16,Ligo Sardines 155g,3,Canned Goods,18.00,25.00
2025-12-16,Sunsilk Shampoo Sachet,1,Body Care,5.00,8.00
2025-12-16,Biogesic 500mg Tablet,0,Medicine,4.00,7.00
2025-12-16,AA Batteries (pair),0,Household,35.00,55.00
2025-12-16,Sewing Needle Pack,0,Household,12.00,25.00
2025-12-17,Cooking Oil 1L,39,Pantry,60.00,75.00
2025-12-17,Bear Brand Powdered Milk 320g,11,Dairy,70.00,90.00
2025-12-17,Alaska Evap Milk 370ml,4,Dairy,32.00,42.00
2025-12-17,Ligo Sardines 155g,5,Canned Goods,18.00,25.00
2025-12-17,Sunsilk Shampoo Sachet,0,Body Care,5.00,8.00
2025-12-17,Biogesic 500mg Tablet,1,Medicine,4.00,7.00
2025-12-17,AA Batteries (pair),0,Household,35.00,55.00
2025-12-17,Sewing Needle Pack,0,Household,12.00,25.00
2025-12-18,Cooking Oil 1L,44,Pantry,60.00,75.00
2025-12-18,Bear Brand Powdered Milk 320g,11,Dairy,70.00,90.00
2025-12-18,Alaska Evap Milk 370ml,3,Dairy,32.00,42.00
2025-12-18,Ligo Sardines 155g,2,Canned Goods,18.00,25.00
2025-12-18,Sunsilk Shampoo Sachet,3,Body Care,5.00,8.00
2025-12-18,Biogesic 500mg Tablet,0,Medicine,4.00,7.00
2025-12-18,AA Batteries (pair),0,Household,35.00,55.00
2025-12-18,Sewing Needle Pack,0,Household,12.00,25.00
2025-12-19,Cooking Oil 1L,70,Pantry,60.00,75.00
2025-12-19,Bear Brand Powdered Milk 320g,28,Dairy,70.00,90.00
2025-12-19,Alaska Evap Milk 370ml,11,Dairy,32.00,42.00
2025-12-19,Ligo Sardines 155g,1,Canned Goods,18.00,25.00
2025-12-19,Sunsilk Shampoo Sachet,0,Body Care,5.00,8.00
2025-12-19,Biogesic 500mg Tablet,1,Medicine,4.00,7.00
2025-12-19,AA Batteries (pair),0,Household,35.00,55.00
2025-12-19,Sewing Needle Pack,0,Household,12.00,25.00
2025-12-20,Cooking Oil 1L,62,Pantry,60.00,75.00
2025-12-20,Bear Brand Powdered Milk 320g,13,Dairy,70.00,90.00
2025-12-20,Alaska Evap Milk 370ml,8,Dairy,32.00,42.00
2025-12-20,Ligo Sardines 155g,4,Canned Goods,18.00,25.00
2025-12-20,Sunsilk Shampoo Sachet,2,Body Care,5.00,8.00
2025-12-20,Biogesic 500mg Tablet,0,Medicine,4.00,7.00
2025-12-20,AA Batteries (pair),0,Household,35.00,55.00
2025-12-20,Sewing Needle Pack,0,Household,12.00,25.00
2025-12-21,Cooking Oil 1L,47,Pantry,60.00,75.00
2025-12-21,Bear Brand Powdered Milk 320g,33,Dairy,70.00,90.00
2025-12-21,Alaska Evap Milk 370ml,1,Dairy,32.00,42.00
2025-12-21,Ligo Sardines 155g,4,Canned Goods,18.00,25.00
2025-12-21,Sunsilk Shampoo Sachet,3,Body Care,5.00,8.00
2025-12-21,Biogesic 500mg Tablet,0,Medicine,4.00,7.00
2025-12-21,AA Batteries (pair),0,Household,35.00,55.00
2025-12-21,Sewing Needle Pack,1,Household,12.00,25.00
2025-12-22,Cooking Oil 1L,56,Pantry,60.00,75.00
2025-12-22,Bear Brand Powdered Milk 320g,10,Dairy,70.00,90.00
2025-12-22,Alaska Evap Milk 370ml,12,Dairy,32.00,42.00
2025-12-22,Ligo Sardines 155g,3,Canned Goods,18.00,25.00
2025-12-22,Sunsilk Shampoo Sachet,0,Body Care,5.00,8.00
2025-12-22,Biogesic 500mg Tablet,0,Medicine,4.00,7.00
2025-12-22,AA Batteries (pair),0,Household,35.00,55.00
2025-12-22,Sewing Needle Pack,0,Household,12.00,25.00
2025-12-23,Cooking Oil 1L,48,Pantry,60.00,75.00
2025-12-23,Bear Brand Powdered Milk 320g,22,Dairy,70.00,90.00
2025-12-23,Alaska Evap Milk 370ml,5,Dairy,32.00,42.00
2025-12-23,Ligo Sardines 155g,6,Canned Goods,18.00,25.00
2025-12-23,Sunsilk Shampoo Sachet,1,Body Care,5.00,8.00
2025-12-23,Biogesic 500mg Tablet,2,Medicine,4.00,7.00
2025-12-23,AA Batteries (pair),0,Household,35.00,55.00
2025-12-23,Sewing Needle Pack,1,Household,12.00,25.00
2025-12-24,Cooking Oil 1L,52,Pantry,60.00,75.00
2025-12-24,Bear Brand Powdered Milk 320g,18,Dairy,70.00,90.00
2025-12-24,Alaska Evap Milk 370ml,9,Dairy,32.00,42.00
2025-12-24,Ligo Sardines 155g,5,Canned Goods,18.00,25.00
2025-12-24,Sunsilk Shampoo Sachet,2,Body Care,5.00,8.00
2025-12-24,Biogesic 500mg Tablet,2,Medicine,4.00,7.00
2025-12-24,AA Batteries (pair),0,Household,35.00,55.00
2025-12-24,Sewing Needle Pack,0,Household,12.00,25.00
2025-12-25,Cooking Oil 1L,46,Pantry,60.00,75.00
2025-12-25,Bear Brand Powdered Milk 320g,33,Dairy,70.00,90.00
2025-12-25,Alaska Evap Milk 370ml,4,Dairy,32.00,42.00
2025-12-25,Ligo Sardines 155g,5,Canned Goods,18.00,25.00
2025-12-25,Sunsilk Shampoo Sachet,1,Body Care,5.00,8.00
2025-12-25,Biogesic 500mg Tablet,2,Medicine,4.00,7.00
2025-12-25,AA Batteries (pair),0,Household,35.00,55.00
2025-12-25,Sewing Needle Pack,0,Household,12.00,25.00
2025-12-26,Cooking Oil 1L,53,Pantry,60.00,75.00
2025-12-26,Bear Brand Powdered Milk 320g,29,Dairy,70.00,90.00
2025-12-26,Alaska Evap Milk 370ml,11,Dairy,32.00,42.00
2025-12-26,Ligo Sardines 155g,3,Canned Goods,18.00,25.00
2025-12-26,Sunsilk Shampoo Sachet,1,Body Care,5.00,8.00
2025-12-26,Biogesic 500mg Tablet,1,Medicine,4.00,7.00
2025-12-26,AA Batteries (pair),0,Household,35.00,55.00
2025-12-26,Sewing Needle Pack,0,Household,12.00,25.00
2025-12-27,Cooking Oil 1L,56,Pantry,60.00,75.00
2025-12-27,Bear Brand Powdered Milk 320g,21,Dairy,70.00,90.00
2025-12-27,Alaska Evap Milk 370ml,7,Dairy,32.00,42.00
2025-12-27,Ligo Sardines 155g,4,Canned Goods,18.00,25.00
2025-12-27,Sunsilk Shampoo Sachet,0,Body Care,5.00,8.00
2025-12-27,Biogesic 500mg Tablet,0,Medicine,4.00,7.00
2025-12-27,AA Batteries (pair),0,Household,35.00,55.00
2025-12-27,Sewing Needle Pack,0,Household,12.00,25.00
2025-12-28,Cooking Oil 1L,40,Pantry,60.00,75.00
2025-12-28,Bear Brand Powdered Milk 320g,24,Dairy,70.00,90.00
2025-12-28,Alaska Evap Milk 370ml,6,Dairy,32.00,42.00
2025-12-28,Ligo Sardines 155g,6,Canned Goods,18.00,25.00
2025-12-28,Sunsilk Shampoo Sachet,0,Body Care,5.00,8.00
2025-12-28,Biogesic 500mg Tablet,1,Medicine,4.00,7.00
2025-12-28,AA Batteries (pair),0,Household,35.00,55.00
2025-12-28,Sewing Needle Pack,0,Household,12.00,25.00
2025-12-29,Cooking Oil 1L,37,Pantry,60.00,75.00
2025-12-29,Bear Brand Powdered Milk 320g,22,Dairy,70.00,90.00
2025-12-29,Alaska Evap Milk 370ml,4,Dairy,32.00,42.00
2025-12-29,Ligo Sardines 155g,7,Canned Goods,18.00,25.00
2025-12-29,Sunsilk Shampoo Sachet,0,Body Care,5.00,8.00
2025-12-29,Biogesic 500mg Tablet,1,Medicine,4.00,7.00
2025-12-29,AA Batteries (pair),1,Household,35.00,55.00
2025-12-29,Sewing Needle Pack,1,Household,12.00,25.00
2025-12-30,Cooking Oil 1L,63,Pantry,60.00,75.00
2025-12-30,Bear Brand Powdered Milk 320g,9,Dairy,70.00,90.00
2025-12-30,Alaska Evap Milk 370ml,2,Dairy,32.00,42.00
2025-12-30,Ligo Sardines 155g,5,Canned Goods,18.00,25.00
2025-12-30,Sunsilk Shampoo Sachet,1,Body Care,5.00,8.00
2025-12-30,Biogesic 500mg Tablet,0,Medicine,4.00,7.00
2025-12-30,AA Batteries (pair),0,Household,35.00,55.00
2025-12-30,Sewing Needle Pack,0,Household,12.00,25.00
2025-12-31,Cooking Oil 1L,44,Pantry,60.00,75.00
2025-12-31,Bear Brand Powdered Milk 320g,16,Dairy,70.00,90.00
2025-12-31,Alaska Evap Milk 370ml,11,Dairy,32.00,42.00
2025-12-31,Ligo Sardines 155g,3,Canned Goods,18.00,25.00
2025-12-31,Sunsilk Shampoo Sachet,1,Body Care,5.00,8.00
2025-12-31,Biogesic 500mg Tablet,1,Medicine,4.00,7.00
2025-12-31,AA Batteries (pair),1,Household,35.00,55.00
2025-12-31,Sewing Needle Pack,1,Household,12.00,25.00
2026-01-01,Cooking Oil 1L,42,Pantry,60.00,75.00
2026-01-01,Bear Brand Powdered Milk 320g,17,Dairy,70.00,90.00
2026-01-01,Alaska Evap Milk 370ml,2,Dairy,32.00,42.00
2026-01-01,Ligo Sardines 155g,0,Canned Goods,18.00,25.00
2026-01-01,Sunsilk Shampoo Sachet,0,Body Care,5.00,8.00
2026-01-01,Biogesic 500mg Tablet,0,Medicine,4.00,7.00
2026-01-01,AA Batteries (pair),0,Household,35.00,55.00
2026-01-01,Sewing Needle Pack,0,Household,12.00,25.00
2026-01-02,Cooking Oil 1L,46,Pantry,60.00,75.00
2026-01-02,Bear Brand Powdered Milk 320g,21,Dairy,70.00,90.00
2026-01-02,Alaska Evap Milk 370ml,8,Dairy,32.00,42.00
2026-01-02,Ligo Sardines 155g,4,Canned Goods,18.00,25.00
2026-01-02,Sunsilk Shampoo Sachet,1,Body Care,5.00,8.00
2026-01-02,Biogesic 500mg Tablet,0,Medicine,4.00,7.00
2026-01-02,AA Batteries (pair),0,Household,35.00,55.00
2026-01-02,Sewing Needle Pack,0,Household,12.00,25.00
2026-01-03,Cooking Oil 1L,27,Pantry,60.00,75.00
2026-01-03,Bear Brand Powdered Milk 320g,14,Dairy,70.00,90.00
2026-01-03,Alaska Evap Milk 370ml,3,Dairy,32.00,42.00
2026-01-03,Ligo Sardines 155g,5,Canned Goods,18.00,25.00
2026-01-03,Sunsilk Shampoo Sachet,1,Body Care,5.00,8.00
2026-01-03,Biogesic 500mg Tablet,0,Medicine,4.00,7.00
2026-01-03,AA Batteries (pair),0,Household,35.00,55.00
2026-01-03,Sewing Needle Pack,0,Household,12.00,25.00
2026-01-04,Cooking Oil 1L,21,Pantry,60.00,75.00
2026-01-04,Bear Brand Powdered Milk 320g,7,Dairy,70.00,90.00
2026-01-04,Alaska Evap Milk 370ml,2,Dairy,32.00,42.00
2026-01-04,Ligo Sardines 155g,3,Canned Goods,18.00,25.00
2026-01-04,Sunsilk Shampoo Sachet,1,Body Care,5.00,8.00
2026-01-04,Biogesic 500mg Tablet,2,Medicine,4.00,7.00
2026-01-04,AA Batteries (pair),0,Household,35.00,55.00
2026-01-04,Sewing Needle Pack,0,Household,12.00,25.00
2026-01-05,Cooking Oil 1L,28,Pantry,60.00,75.00
2026-01-05,Bear Brand Powdered Milk 320g,9,Dairy,70.00,90.00
2026-01-05,Alaska Evap Milk 370ml,4,Dairy,32.00,42.00
2026-01-05,Ligo Sardines 155g,0,Canned Goods,18.00,25.00
2026-01-05,Sunsilk Shampoo Sachet,2,Body Care,5.00,8.00
2026-01-05,Biogesic 500mg Tablet,1,Medicine,4.00,7.00
2026-01-05,AA Batteries (pair),0,Household,35.00,55.00
2026-01-05,Sewing Needle Pack,0,Household,12.00,25.00
2026-01-06,Cooking Oil 1L,12,Pantry,60.00,75.00
2026-01-06,Bear Brand Powdered Milk 320g,4,Dairy,70.00,90.00
2026-01-06,Alaska Evap Milk 370ml,3,Dairy,32.00,42.00
2026-01-06,Ligo Sardines 155g,1,Canned Goods,18.00,25.00
2026-01-06,Sunsilk Shampoo Sachet,0,Body Care,5.00,8.00
2026-01-06,Biogesic 500mg Tablet,0,Medicine,4.00,7.00
2026-01-06,AA Batteries (pair),0,Household,35.00,55.00
2026-01-06,Sewing Needle Pack,0,Household,12.00,25.00
2026-01-07,Cooking Oil 1L,17,Pantry,60.00,75.00
2026-01-07,Bear Brand Powdered Milk 320g,10,Dairy,70.00,90.00
2026-01-07,Alaska Evap Milk 370ml,0,Dairy,32.00,42.00
2026-01-07,Ligo Sardines 155g,0,Canned Goods,18.00,25.00
2026-01-07,Sunsilk Shampoo Sachet,1,Body Care,5.00,8.00
2026-01-07,Biogesic 500mg Tablet,0,Medicine,4.00,7.00
2026-01-07,AA Batteries (pair),0,Household,35.00,55.00
2026-01-07,Sewing Needle Pack,0,Household,12.00,25.00
2026-01-08,Cooking Oil 1L,20,Pantry,60.00,75.00
2026-01-08,Bear Brand Powdered Milk 320g,8,Dairy,70.00,90.00
2026-01-08,Alaska Evap Milk 370ml,2,Dairy,32.00,42.00
2026-01-08,Ligo Sardines 155g,5,Canned Goods,18.00,25.00
2026-01-08,Sunsilk Shampoo Sachet,0,Body Care,5.00,8.00
2026-01-08,Biogesic 500mg Tablet,0,Medicine,4.00,7.00
2026-01-08,AA Batteries (pair),0,Household,35.00,55.00
2026-01-08,Sewing Needle Pack,0,Household,12.00,25.00
2026-01-09,Cooking Oil 1L,32,Pantry,60.00,75.00
2026-01-09,Bear Brand Powdered Milk 320g,11,Dairy,70.00,90.00
2026-01-09,Alaska Evap Milk 370ml,5,Dairy,32.00,42.00
2026-01-09,Ligo Sardines 155g,2,Canned Goods,18.00,25.00
2026-01-09,Sunsilk Shampoo Sachet,2,Body Care,5.00,8.00
2026-01-09,Biogesic 500mg Tablet,1,Medicine,4.00,7.00
2026-01-09,AA Batteries (pair),0,Household,35.00,55.00
2026-01-09,Sewing Needle Pack,0,Household,12.00,25.00
2026-01-10,Cooking Oil 1L,37,Pantry,60.00,75.00
2026-01-10,Bear Brand Powdered Milk 320g,13,Dairy,70.00,90.00
2026-01-10,Alaska Evap Milk 370ml,2,Dairy,32.00,42.00
2026-01-10,Ligo Sardines 155g,3,Canned Goods,18.00,25.00
2026-01-10,Sunsilk Shampoo Sachet,3,Body Care,5.00,8.00
2026-01-10,Biogesic 500mg Tablet,0,Medicine,4.00,7.00
2026-01-10,AA Batteries (pair),0,Household,35.00,55.00
2026-01-10,Sewing Needle Pack,0,Household,12.00,25.00
2026-01-11,Cooking Oil 1L,33,Pantry,60.00,75.00
2026-01-11,Bear Brand Powdered Milk 320g,17,Dairy,70.00,90.00
2026-01-11,Alaska Evap Milk 370ml,4,Dairy,32.00,42.00
2026-01-11,Ligo Sardines 155g,1,Canned Goods,18.00,25.00
2026-01-11,Sunsilk Shampoo Sachet,0,Body Care,5.00,8.00
2026-01-11,Biogesic 500mg Tablet,0,Medicine,4.00,7.00
2026-01-11,AA Batteries (pair),0,Household,35.00,55.00
2026-01-11,Sewing Needle Pack,0,Household,12.00,25.00
2026-01-12,Cooking Oil 1L,30,Pantry,60.00,75.00
2026-01-12,Bear Brand Powdered Milk 320g,14,Dairy,70.00,90.00
2026-01-12,Alaska Evap Milk 370ml,1,Dairy,32.00,42.00
2026-01-12,Ligo Sardines 155g,1,Canned Goods,18.00,25.00
2026-01-12,Sunsilk Shampoo Sachet,1,Body Care,5.00,8.00
2026-01-12,Biogesic 500mg Tablet,1,Medicine,4.00,7.00
2026-01-12,AA Batteries (pair),0,Household,35.00,55.00
2026-01-12,Sewing Needle Pack,0,Household,12.00,25.00
2026-01-13,Cooking Oil 1L,27,Pantry,60.00,75.00
2026-01-13,Bear Brand Powdered Milk 320g,14,Dairy,70.00,90.00
2026-01-13,Alaska Evap Milk 370ml,2,Dairy,32.00,42.00
2026-01-13,Ligo Sardines 155g,1,Canned Goods,18.00,25.00
2026-01-13,Sunsilk Shampoo Sachet,2,Body Care,5.00,8.00
2026-01-13,Biogesic 500mg Tablet,1,Medicine,4.00,7.00
2026-01-13,AA Batteries (pair),0,Household,35.00,55.00
2026-01-13,Sewing Needle Pack,0,Household,12.00,25.00
2026-01-14,Cooking Oil 1L,14,Pantry,60.00,75.00
2026-01-14,Bear Brand Powdered Milk 320g,16,Dairy,70.00,90.00
2026-01-14,Alaska Evap Milk 370ml,6,Dairy,32.00,42.00
2026-01-14,Ligo Sardines 155g,2,Canned Goods,18.00,25.00
2026-01-14,Sunsilk Shampoo Sachet,0,Body Care,5.00,8.00
2026-01-14,Biogesic 500mg Tablet,1,Medicine,4.00,7.00
2026-01-14,AA Batteries (pair),0,Household,35.00,55.00
2026-01-14,Sewing Needle Pack,0,Household,12.00,25.00
2026-01-15,Cooking Oil 1L,28,Pantry,60.00,75.00
2026-01-15,Bear Brand Powdered Milk 320g,9,Dairy,70.00,90.00
2026-01-15,Alaska Evap Milk 370ml,3,Dairy,32.00,42.00
2026-01-15,Ligo Sardines 155g,0,Canned Goods,18.00,25.00
2026-01-15,Sunsilk Shampoo Sachet,2,Body Care,5.00,8.00
2026-01-15,Biogesic 500mg Tablet,0,Medicine,4.00,7.00
2026-01-15,AA Batteries (pair),0,Household,35.00,55.00
2026-01-15,Sewing Needle Pack,0,Household,12.00,25.00
2026-01-16,Cooking Oil 1L,42,Pantry,60.00,75.00
2026-01-16,Bear Brand Powdered Milk 320g,7,Dairy,70.00,90.00
2026-01-16,Alaska Evap Milk 370ml,3,Dairy,32.00,42.00
2026-01-16,Ligo Sardines 155g,2,Canned Goods,18.00,25.00
2026-01-16,Sunsilk Shampoo Sachet,0,Body Care,5.00,8.00
2026-01-16,Biogesic 500mg Tablet,2,Medicine,4.00,7.00
2026-01-16,AA Batteries (pair),0,Household,35.00,55.00
2026-01-16,Sewing Needle Pack,0,Household,12.00,25.00
2026-01-17,Cooking Oil 1L,41,Pantry,60.00,75.00
2026-01-17,Bear Brand Powdered Milk 320g,7,Dairy,70.00,90.00
2026-01-17,Alaska Evap Milk 370ml,6,Dairy,32.00,42.00
2026-01-17,Ligo Sardines 155g,2,Canned Goods,18.00,25.00
2026-01-17,Sunsilk Shampoo Sachet,1,Body Care,5.00,8.00
2026-01-17,Biogesic 500mg Tablet,1,Medicine,4.00,7.00
2026-01-17,AA Batteries (pair),0,Household,35.00,55.00
2026-01-17,Sewing Needle Pack,0,Household,12.00,25.00
2026-01-18,Cooking Oil 1L,18,Pantry,60.00,75.00
2026-01-18,Bear Brand Powdered Milk 320g,12,Dairy,70.00,90.00
2026-01-18,Alaska Evap Milk 370ml,1,Dairy,32.00,42.00
2026-01-18,Ligo Sardines 155g,2,Canned Goods,18.00,25.00
2026-01-18,Sunsilk Shampoo Sachet,1,Body Care,5.00,8.00
2026-01-18,Biogesic 500mg Tablet,0,Medicine,4.00,7.00
2026-01-18,AA Batteries (pair),0,Household,35.00,55.00
2026-01-18,Sewing Needle Pack,0,Household,12.00,25.00
2026-01-19,Cooking Oil 1L,24,Pantry,60.00,75.00
2026-01-19,Bear Brand Powdered Milk 320g,9,Dairy,70.00,90.00
2026-01-19,Alaska Evap Milk 370ml,5,Dairy,32.00,42.00
2026-01-19,Ligo Sardines 155g,3,Canned Goods,18.00,25.00
2026-01-19,Sunsilk Shampoo Sachet,1,Body Care,5.00,8.00
2026-01-19,Biogesic 500mg Tablet,2,Medicine,4.00,7.00
2026-01-19,AA Batteries (pair),1,Household,35.00,55.00
2026-01-19,Sewing Needle Pack,0,Household,12.00,25.00
2026-01-20,Cooking Oil 1L,21,Pantry,60.00,75.00
2026-01-20,Bear Brand Powdered Milk 320g,10,Dairy,70.00,90.00
2026-01-20,Alaska Evap Milk 370ml,4,Dairy,32.00,42.00
2026-01-20,Ligo Sardines 155g,4,Canned Goods,18.00,25.00
2026-01-20,Sunsilk Shampoo Sachet,2,Body Care,5.00,8.00
2026-01-20,Biogesic 500mg Tablet,1,Medicine,4.00,7.00
2026-01-20,AA Batteries (pair),0,Household,35.00,55.00
2026-01-20,Sewing Needle Pack,0,Household,12.00,25.00
2026-01-21,Cooking Oil 1L,22,Pantry,60.00,75.00
2026-01-21,Bear Brand Powdered Milk 320g,20,Dairy,70.00,90.00
2026-01-21,Alaska Evap Milk 370ml,2,Dairy,32.00,42.00
2026-01-21,Ligo Sardines 155g,0,Canned Goods,18.00,25.00
2026-01-21,Sunsilk Shampoo Sachet,0,Body Care,5.00,8.00
2026-01-21,Biogesic 500mg Tablet,1,Medicine,4.00,7.00
2026-01-21,AA Batteries (pair),0,Household,35.00,55.00
2026-01-21,Sewing Needle Pack,0,Household,12.00,25.00
2026-01-22,Cooking Oil 1L,41,Pantry,60.00,75.00
2026-01-22,Bear Brand Powdered Milk 320g,4,Dairy,70.00,90.00
2026-01-22,Alaska Evap Milk 370ml,5,Dairy,32.00,42.00
2026-01-22,Ligo Sardines 155g,2,Canned Goods,18.00,25.00
2026-01-22,Sunsilk Shampoo Sachet,0,Body Care,5.00,8.00
2026-01-22,Biogesic 500mg Tablet,0,Medicine,4.00,7.00
2026-01-22,AA Batteries (pair),0,Household,35.00,55.00
2026-01-22,Sewing Needle Pack,0,Household,12.00,25.00
2026-01-23,Cooking Oil 1L,35,Pantry,60.00,75.00
2026-01-23,Bear Brand Powdered Milk 320g,7,Dairy,70.00,90.00
2026-01-23,Alaska Evap Milk 370ml,3,Dairy,32.00,42.00
2026-01-23,Ligo Sardines 155g,2,Canned Goods,18.00,25.00
2026-01-23,Sunsilk Shampoo Sachet,0,Body Care,5.00,8.00
2026-01-23,Biogesic 500mg Tablet,0,Medicine,4.00,7.00
2026-01-23,AA Batteries (pair),0,Household,35.00,55.00
2026-01-23,Sewing Needle Pack,0,Household,12.00,25.00
2026-01-24,Cooking Oil 1L,55,Pantry,60.00,75.00
2026-01-24,Bear Brand Powdered Milk 320g,13,Dairy,70.00,90.00
2026-01-24,Alaska Evap Milk 370ml,2,Dairy,32.00,42.00
2026-01-24,Ligo Sardines 155g,4,Canned Goods,18.00,25.00
2026-01-24,Sunsilk Shampoo Sachet,1,Body Care,5.00,8.00
2026-01-24,Biogesic 500mg Tablet,1,Medicine,4.00,7.00
2026-01-24,AA Batteries (pair),1,Household,35.00,55.00
2026-01-24,Sewing Needle Pack,0,Household,12.00,25.00
2026-01-25,Cooking Oil 1L,33,Pantry,60.00,75.00
2026-01-25,Bear Brand Powdered Milk 320g,15,Dairy,70.00,90.00
2026-01-25,Alaska Evap Milk 370ml,3,Dairy,32.00,42.00
2026-01-25,Ligo Sardines 155g,5,Canned Goods,18.00,25.00
2026-01-25,Sunsilk Shampoo Sachet,1,Body Care,5.00,8.00
2026-01-25,Biogesic 500mg Tablet,0,Medicine,4.00,7.00
2026-01-25,AA Batteries (pair),0,Household,35.00,55.00
2026-01-25,Sewing Needle Pack,0,Household,12.00,25.00
2026-01-26,Cooking Oil 1L,32,Pantry,60.00,75.00
2026-01-26,Bear Brand Powdered Milk 320g,12,Dairy,70.00,90.00
2026-01-26,Alaska Evap Milk 370ml,8,Dairy,32.00,42.00
2026-01-26,Ligo Sardines 155g,4,Canned Goods,18.00,25.00
2026-01-26,Sunsilk Shampoo Sachet,3,Body Care,5.00,8.00
2026-01-26,Biogesic 500mg Tablet,0,Medicine,4.00,7.00
2026-01-26,AA Batteries (pair),0,Household,35.00,55.00
2026-01-26,Sewing Needle Pack,0,Household,12.00,25.00
2026-01-27,Cooking Oil 1L,16,Pantry,60.00,75.00
2026-01-27,Bear Brand Powdered Milk 320g,8,Dairy,70.00,90.00
2026-01-27,Alaska Evap Milk 370ml,1,Dairy,32.00,42.00
2026-01-27,Ligo Sardines 155g,0,Canned Goods,18.00,25.00
2026-01-27,Sunsilk Shampoo Sachet,2,Body Care,5.00,8.00
2026-01-27,Biogesic 500mg Tablet,2,Medicine,4.00,7.00
2026-01-27,AA Batteries (pair),0,Household,35.00,55.00
2026-01-27,Sewing Needle Pack,1,Household,12.00,25.00
2026-01-28,Cooking Oil 1L,19,Pantry,60.00,75.00
2026-01-28,Bear Brand Powdered Milk 320g,12,Dairy,70.00,90.00
2026-01-28,Alaska Evap Milk 370ml,3,Dairy,32.00,42.00
2026-01-28,Ligo Sardines 155g,1,Canned Goods,18.00,25.00
2026-01-28,Sunsilk Shampoo Sachet,1,Body Care,5.00,8.00
2026-01-28,Biogesic 500mg Tablet,0,Medicine,4.00,7.00
2026-01-28,AA Batteries (pair),0,Household,35.00,55.00
2026-01-28,Sewing Needle Pack,0,Household,12.00,25.00
2026-01-29,Cooking Oil 1L,25,Pantry,60.00,75.00
2026-01-29,Bear Brand Powdered Milk 320g,10,Dairy,70.00,90.00
2026-01-29,Alaska Evap Milk 370ml,2,Dairy,32.00,42.00
2026-01-29,Ligo Sardines 155g,5,Canned Goods,18.00,25.00
2026-01-29,Sunsilk Shampoo Sachet,2,Body Care,5.00,8.00
2026-01-29,Biogesic 500mg Tablet,1,Medicine,4.00,7.00
2026-01-29,AA Batteries (pair),0,Household,35.00,55.00
2026-01-29,Sewing Needle Pack,0,Household,12.00,25.00
2026-01-30,Cooking Oil 1L,51,Pantry,60.00,75.00
2026-01-30,Bear Brand Powdered Milk 320g,19,Dairy,70.00,90.00
2026-01-30,Alaska Evap Milk 370ml,7,Dairy,32.00,42.00
2026-01-30,Ligo Sardines 155g,0,Canned Goods,18.00,25.00
2026-01-30,Sunsilk Shampoo Sachet,1,Body Care,5.00,8.00
2026-01-30,Biogesic 500mg Tablet,1,Medicine,4.00,7.00
2026-01-30,AA Batteries (pair),0,Household,35.00,55.00
2026-01-30,Sewing Needle Pack,0,Household,12.00,25.00
2026-01-31,Cooking Oil 1L,64,Pantry,60.00,75.00
2026-01-31,Bear Brand Powdered Milk 320g,25,Dairy,70.00,90.00
2026-01-31,Alaska Evap Milk 370ml,8,Dairy,32.00,42.00
2026-01-31,Ligo Sardines 155g,2,Canned Goods,18.00,25.00
2026-01-31,Sunsilk Shampoo Sachet,2,Body Care,5.00,8.00
2026-01-31,Biogesic 500mg Tablet,1,Medicine,4.00,7.00
2026-01-31,AA Batteries (pair),0,Household,35.00,55.00
2026-01-31,Sewing Needle Pack,0,Household,12.00,25.00
2026-02-01,Cooking Oil 1L,22,Pantry,60.00,75.00
2026-02-01,Bear Brand Powdered Milk 320g,14,Dairy,70.00,90.00
2026-02-01,Alaska Evap Milk 370ml,4,Dairy,32.00,42.00
2026-02-01,Ligo Sardines 155g,2,Canned Goods,18.00,25.00
2026-02-01,Sunsilk Shampoo Sachet,0,Body Care,5.00,8.00
2026-02-01,Biogesic 500mg Tablet,1,Medicine,4.00,7.00
2026-02-01,AA Batteries (pair),0,Household,35.00,55.00
2026-02-01,Sewing Needle Pack,0,Household,12.00,25.00
2026-02-02,Cooking Oil 1L,33,Pantry,60.00,75.00
2026-02-02,Bear Brand Powdered Milk 320g,10,Dairy,70.00,90.00
2026-02-02,Alaska Evap Milk 370ml,3,Dairy,32.00,42.00
2026-02-02,Ligo Sardines 155g,2,Canned Goods,18.00,25.00
2026-02-02,Sunsilk Shampoo Sachet,1,Body Care,5.00,8.00
2026-02-02,Biogesic 500mg Tablet,0,Medicine,4.00,7.00
2026-02-02,AA Batteries (pair),0,Household,35.00,55.00
2026-02-02,Sewing Needle Pack,0,Household,12.00,25.00
2026-02-03,Cooking Oil 1L,12,Pantry,60.00,75.00
2026-02-03,Bear Brand Powdered Milk 320g,12,Dairy,70.00,90.00
2026-02-03,Alaska Evap Milk 370ml,2,Dairy,32.00,42.00
2026-02-03,Ligo Sardines 155g,0,Canned Goods,18.00,25.00
2026-02-03,Sunsilk Shampoo Sachet,0,Body Care,5.00,8.00
2026-02-03,Biogesic 500mg Tablet,1,Medicine,4.00,7.00
2026-02-03,AA Batteries (pair),0,Household,35.00,55.00
2026-02-03,Sewing Needle Pack,0,Household,12.00,25.00
2026-02-04,Cooking Oil 1L,28,Pantry,60.00,75.00
2026-02-04,Bear Brand Powdered Milk 320g,5,Dairy,70.00,90.00
2026-02-04,Alaska Evap Milk 370ml,1,Dairy,32.00,42.00
2026-02-04,Ligo Sardines 155g,3,Canned Goods,18.00,25.00
2026-02-04,Sunsilk Shampoo Sachet,0,Body Care,5.00,8.00
2026-02-04,Biogesic 500mg Tablet,0,Medicine,4.00,7.00
2026-02-04,AA Batteries (pair),0,Household,35.00,55.00
2026-02-04,Sewing Needle Pack,0,Household,12.00,25.00
2026-02-05,Cooking Oil 1L,35,Pantry,60.00,75.00
2026-02-05,Bear Brand Powdered Milk 320g,13,Dairy,70.00,90.00
2026-02-05,Alaska Evap Milk 370ml,2,Dairy,32.00,42.00
2026-02-05,Ligo Sardines 155g,0,Canned Goods,18.00,25.00
2026-02-05,Sunsilk Shampoo Sachet,0,Body Care,5.00,8.00
2026-02-05,Biogesic 500mg Tablet,1,Medicine,4.00,7.00
2026-02-05,AA Batteries (pair),0,Household,35.00,55.00
2026-02-05,Sewing Needle Pack,0,Household,12.00,25.00
2026-02-06,Cooking Oil 1L,45,Pantry,60.00,75.00
2026-02-06,Bear Brand Powdered Milk 320g,10,Dairy,70.00,90.00
2026-02-06,Alaska Evap Milk 370ml,5,Dairy,32.00,42.00
2026-02-06,Ligo Sardines 155g,1,Canned Goods,18.00,25.00
2026-02-06,Sunsilk Shampoo Sachet,1,Body Care,5.00,8.00
2026-02-06,Biogesic 500mg Tablet,0,Medicine,4.00,7.00
2026-02-06,AA Batteries (pair),1,Household,35.00,55.00
2026-02-06,Sewing Needle Pack,0,Household,12.00,25.00
2026-02-07,Cooking Oil 1L,57,Pantry,60.00,75.00
2026-02-07,Bear Brand Powdered Milk 320g,18,Dairy,70.00,90.00
2026-02-07,Alaska Evap Milk 370ml,0,Dairy,32.00,42.00
2026-02-07,Ligo Sardines 155g,0,Canned Goods,18.00,25.00
2026-02-07,Sunsilk Shampoo Sachet,1,Body Care,5.00,8.00
2026-02-07,Biogesic 500mg Tablet,0,Medicine,4.00,7.00
2026-02-07,AA Batteries (pair),0,Household,35.00,55.00
2026-02-07,Sewing Needle Pack,0,Household,12.00,25.00
2026-02-08,Cooking Oil 1L,30,Pantry,60.00,75.00
2026-02-08,Bear Brand Powdered Milk 320g,17,Dairy,70.00,90.00
2026-02-08,Alaska Evap Milk 370ml,4,Dairy,32.00,42.00
2026-02-08,Ligo Sardines 155g,1,Canned Goods,18.00,25.00
2026-02-08,Sunsilk Shampoo Sachet,1,Body Care,5.00,8.00
2026-02-08,Biogesic 500mg Tablet,0,Medicine,4.00,7.00
2026-02-08,AA Batteries (pair),0,Household,35.00,55.00
2026-02-08,Sewing Needle Pack,0,Household,12.00,25.00
2026-02-09,Cooking Oil 1L,33,Pantry,60.00,75.00
2026-02-09,Bear Brand Powdered Milk 320g,13,Dairy,70.00,90.00
2026-02-09,Alaska Evap Milk 370ml,9,Dairy,32.00,42.00
2026-02-09,Ligo Sardines 155g,4,Canned Goods,18.00,25.00
2026-02-09,Sunsilk Shampoo Sachet,0,Body Care,5.00,8.00
2026-02-09,Biogesic 500mg Tablet,2,Medicine,4.00,7.00
2026-02-09,AA Batteries (pair),0,Household,35.00,55.00
2026-02-09,Sewing Needle Pack,0,Household,12.00,25.00
2026-02-10,Cooking Oil 1L,14,Pantry,60.00,75.00
2026-02-10,Bear Brand Powdered Milk 320g,5,Dairy,70.00,90.00
2026-02-10,Alaska Evap Milk 370ml,1,Dairy,32.00,42.00
2026-02-10,Ligo Sardines 155g,2,Canned Goods,18.00,25.00
2026-02-10,Sunsilk Shampoo Sachet,1,Body Care,5.00,8.00
2026-02-10,Biogesic 500mg Tablet,0,Medicine,4.00,7.00
2026-02-10,AA Batteries (pair),0,Household,35.00,55.00
2026-02-10,Sewing Needle Pack,0,Household,12.00,25.00
2026-02-11,Cooking Oil 1L,31,Pantry,60.00,75.00
2026-02-11,Bear Brand Powdered Milk 320g,13,Dairy,70.00,90.00
2026-02-11,Alaska Evap Milk 370ml,3,Dairy,32.00,42.00
2026-02-11,Ligo Sardines 155g,2,Canned Goods,18.00,25.00
2026-02-11,Sunsilk Shampoo Sachet,0,Body Care,5.00,8.00
2026-02-11,Biogesic 500mg Tablet,0,Medicine,4.00,7.00
2026-02-11,AA Batteries (pair),0,Household,35.00,55.00
2026-02-11,Sewing Needle Pack,0,Household,12.00,25.00
2026-02-12,Cooking Oil 1L,33,Pantry,60.00,75.00
2026-02-12,Bear Brand Powdered Milk 320g,12,Dairy,70.00,90.00
2026-02-12,Alaska Evap Milk 370ml,3,Dairy,32.00,42.00
2026-02-12,Ligo Sardines 155g,1,Canned Goods,18.00,25.00
2026-02-12,Sunsilk Shampoo Sachet,0,Body Care,5.00,8.00
2026-02-12,Biogesic 500mg Tablet,0,Medicine,4.00,7.00
2026-02-12,AA Batteries (pair),0,Household,35.00,55.00
2026-02-12,Sewing Needle Pack,0,Household,12.00,25.00
2026-02-13,Cooking Oil 1L,32,Pantry,60.00,75.00
2026-02-13,Bear Brand Powdered Milk 320g,22,Dairy,70.00,90.00
2026-02-13,Alaska Evap Milk 370ml,5,Dairy,32.00,42.00
2026-02-13,Ligo Sardines 155g,4,Canned Goods,18.00,25.00
2026-02-13,Sunsilk Shampoo Sachet,1,Body Care,5.00,8.00
2026-02-13,Biogesic 500mg Tablet,0,Medicine,4.00,7.00
2026-02-13,AA Batteries (pair),1,Household,35.00,55.00
2026-02-13,Sewing Needle Pack,0,Household,12.00,25.00
2026-02-14,Cooking Oil 1L,40,Pantry,60.00,75.00
2026-02-14,Bear Brand Powdered Milk 320g,7,Dairy,70.00,90.00
2026-02-14,Alaska Evap Milk 370ml,12,Dairy,32.00,42.00
2026-02-14,Ligo Sardines 155g,1,Canned Goods,18.00,25.00
2026-02-14,Sunsilk Shampoo Sachet,1,Body Care,5.00,8.00
2026-02-14,Biogesic 500mg Tablet,0,Medicine,4.00,7.00
2026-02-14,AA Batteries (pair),0,Household,35.00,55.00
2026-02-14,Sewing Needle Pack,0,Household,12.00,25.00
2026-02-15,Cooking Oil 1L,42,Pantry,60.00,75.00
2026-02-15,Bear Brand Powdered Milk 320g,10,Dairy,70.00,90.00
2026-02-15,Alaska Evap Milk 370ml,1,Dairy,32.00,42.00
2026-02-15,Ligo Sardines 155g,2,Canned Goods,18.00,25.00
2026-02-15,Sunsilk Shampoo Sachet,2,Body Care,5.00,8.00
2026-02-15,Biogesic 500mg Tablet,2,Medicine,4.00,7.00
2026-02-15,AA Batteries (pair),0,Household,35.00,55.00
2026-02-15,Sewing Needle Pack,0,Household,12.00,25.00
2026-02-16,Cooking Oil 1L,33,Pantry,60.00,75.00
2026-02-16,Bear Brand Powdered Milk 320g,6,Dairy,70.00,90.00
2026-02-16,Alaska Evap Milk 370ml,4,Dairy,32.00,42.00
2026-02-16,Ligo Sardines 155g,1,Canned Goods,18.00,25.00
2026-02-16,Sunsilk Shampoo Sachet,0,Body Care,5.00,8.00
2026-02-16,Biogesic 500mg Tablet,1,Medicine,4.00,7.00
2026-02-16,AA Batteries (pair),0,Household,35.00,55.00
2026-02-16,Sewing Needle Pack,0,Household,12.00,25.00
2026-02-17,Cooking Oil 1L,20,Pantry,60.00,75.00
2026-02-17,Bear Brand Powdered Milk 320g,7,Dairy,70.00,90.00
2026-02-17,Alaska Evap Milk 370ml,2,Dairy,32.00,42.00
2026-02-17,Ligo Sardines 155g,3,Canned Goods,18.00,25.00
2026-02-17,Sunsilk Shampoo Sachet,1,Body Care,5.00,8.00
2026-02-17,Biogesic 500mg Tablet,2,Medicine,4.00,7.00
2026-02-17,AA Batteries (pair),2,Household,35.00,55.00
2026-02-17,Sewing Needle Pack,0,Household,12.00,25.00
2026-02-18,Cooking Oil 1L,24,Pantry,60.00,75.00
2026-02-18,Bear Brand Powdered Milk 320g,13,Dairy,70.00,90.00
2026-02-18,Alaska Evap Milk 370ml,2,Dairy,32.00,42.00
2026-02-18,Ligo Sardines 155g,0,Canned Goods,18.00,25.00
2026-02-18,Sunsilk Shampoo Sachet,0,Body Care,5.00,8.00
2026-02-18,Biogesic 500mg Tablet,0,Medicine,4.00,7.00
2026-02-18,AA Batteries (pair),2,Household,35.00,55.00
2026-02-18,Sewing Needle Pack,1,Household,12.00,25.00
2026-02-19,Cooking Oil 1L,20,Pantry,60.00,75.00
2026-02-19,Bear Brand Powdered Milk 320g,11,Dairy,70.00,90.00
2026-02-19,Alaska Evap Milk 370ml,2,Dairy,32.00,42.00
2026-02-19,Ligo Sardines 155g,2,Canned Goods,18.00,25.00
2026-02-19,Sunsilk Shampoo Sachet,1,Body Care,5.00,8.00
2026-02-19,Biogesic 500mg Tablet,1,Medicine,4.00,7.00
2026-02-19,AA Batteries (pair),0,Household,35.00,55.00
2026-02-19,Sewing Needle Pack,1,Household,12.00,25.00
2026-02-20,Cooking Oil 1L,43,Pantry,60.00,75.00
2026-02-20,Bear Brand Powdered Milk 320g,13,Dairy,70.00,90.00
2026-02-20,Alaska Evap Milk 370ml,5,Dairy,32.00,42.00
2026-02-20,Ligo Sardines 155g,4,Canned Goods,18.00,25.00
2026-02-20,Sunsilk Shampoo Sachet,2,Body Care,5.00,8.00
2026-02-20,Biogesic 500mg Tablet,1,Medicine,4.00,7.00
2026-02-20,AA Batteries (pair),0,Household,35.00,55.00
2026-02-20,Sewing Needle Pack,0,Household,12.00,25.00
2026-02-21,Cooking Oil 1L,46,Pantry,60.00,75.00
2026-02-21,Bear Brand Powdered Milk 320g,9,Dairy,70.00,90.00
2026-02-21,Alaska Evap Milk 370ml,2,Dairy,32.00,42.00
2026-02-21,Ligo Sardines 155g,1,Canned Goods,18.00,25.00
2026-02-21,Sunsilk Shampoo Sachet,1,Body Care,5.00,8.00
2026-02-21,Biogesic 500mg Tablet,0,Medicine,4.00,7.00
2026-02-21,AA Batteries (pair),0,Household,35.00,55.00
2026-02-21,Sewing Needle Pack,0,Household,12.00,25.00
2026-02-22,Cooking Oil 1L,29,Pantry,60.00,75.00
2026-02-22,Bear Brand Powdered Milk 320g,9,Dairy,70.00,90.00
2026-02-22,Alaska Evap Milk 370ml,4,Dairy,32.00,42.00
2026-02-22,Ligo Sardines 155g,2,Canned Goods,18.00,25.00
2026-02-22,Sunsilk Shampoo Sachet,2,Body Care,5.00,8.00
2026-02-22,Biogesic 500mg Tablet,0,Medicine,4.00,7.00
2026-02-22,AA Batteries (pair),0,Household,35.00,55.00
2026-02-22,Sewing Needle Pack,0,Household,12.00,25.00
2026-02-23,Cooking Oil 1L,21,Pantry,60.00,75.00
2026-02-23,Bear Brand Powdered Milk 320g,13,Dairy,70.00,90.00
2026-02-23,Alaska Evap Milk 370ml,3,Dairy,32.00,42.00
2026-02-23,Ligo Sardines 155g,1,Canned Goods,18.00,25.00
2026-02-23,Sunsilk Shampoo Sachet,2,Body Care,5.00,8.00
2026-02-23,Biogesic 500mg Tablet,1,Medicine,4.00,7.00
2026-02-23,AA Batteries (pair),0,Household,35.00,55.00
2026-02-23,Sewing Needle Pack,0,Household,12.00,25.00
2026-02-24,Cooking Oil 1L,31,Pantry,60.00,75.00
2026-02-24,Bear Brand Powdered Milk 320g,22,Dairy,70.00,90.00
2026-02-24,Alaska Evap Milk 370ml,1,Dairy,32.00,42.00
2026-02-24,Ligo Sardines 155g,4,Canned Goods,18.00,25.00
2026-02-24,Sunsilk Shampoo Sachet,0,Body Care,5.00,8.00
2026-02-24,Biogesic 500mg Tablet,0,Medicine,4.00,7.00
2026-02-24,AA Batteries (pair),0,Household,35.00,55.00
2026-02-24,Sewing Needle Pack,0,Household,12.00,25.00
2026-02-25,Cooking Oil 1L,22,Pantry,60.00,75.00
2026-02-25,Bear Brand Powdered Milk 320g,6,Dairy,70.00,90.00
2026-02-25,Alaska Evap Milk 370ml,1,Dairy,32.00,42.00
2026-02-25,Ligo Sardines 155g,0,Canned Goods,18.00,25.00
2026-02-25,Sunsilk Shampoo Sachet,0,Body Care,5.00,8.00
2026-02-25,Biogesic 500mg Tablet,0,Medicine,4.00,7.00
2026-02-25,AA Batteries (pair),1,Household,35.00,55.00
2026-02-25,Sewing Needle Pack,1,Household,12.00,25.00
2026-02-26,Cooking Oil 1L,44,Pantry,60.00,75.00
2026-02-26,Bear Brand Powdered Milk 320g,15,Dairy,70.00,90.00
2026-02-26,Alaska Evap Milk 370ml,4,Dairy,32.00,42.00
2026-02-26,Ligo Sardines 155g,2,Canned Goods,18.00,25.00
2026-02-26,Sunsilk Shampoo Sachet,1,Body Care,5.00,8.00
2026-02-26,Biogesic 500mg Tablet,1,Medicine,4.00,7.00
2026-02-26,AA Batteries (pair),0,Household,35.00,55.00
2026-02-26,Sewing Needle Pack,1,Household,12.00,25.00
2026-02-27,Cooking Oil 1L,53,Pantry,60.00,75.00
2026-02-27,Bear Brand Powdered Milk 320g,34,Dairy,70.00,90.00
2026-02-27,Alaska Evap Milk 370ml,4,Dairy,32.00,42.00
2026-02-27,Ligo Sardines 155g,4,Canned Goods,18.00,25.00
2026-02-27,Sunsilk Shampoo Sachet,1,Body Care,5.00,8.00
2026-02-27,Biogesic 500mg Tablet,2,Medicine,4.00,7.00
2026-02-27,AA Batteries (pair),0,Household,35.00,55.00
2026-02-27,Sewing Needle Pack,0,Household,12.00,25.00
2026-02-28,Cooking Oil 1L,45,Pantry,60.00,75.00
2026-02-28,Bear Brand Powdered Milk 320g,23,Dairy,70.00,90.00
2026-02-28,Alaska Evap Milk 370ml,4,Dairy,32.00,42.00
2026-02-28,Ligo Sardines 155g,2,Canned Goods,18.00,25.00
2026-02-28,Sunsilk Shampoo Sachet,0,Body Care,5.00,8.00
2026-02-28,Biogesic 500mg Tablet,0,Medicine,4.00,7.00
2026-02-28,AA Batteries (pair),0,Household,35.00,55.00
2026-02-28,Sewing Needle Pack,0,Household,12.00,25.00
2026-03-01,Cooking Oil 1L,34,Pantry,60.00,75.00
2026-03-01,Bear Brand Powdered Milk 320g,12,Dairy,70.00,90.00
2026-03-01,Alaska Evap Milk 370ml,4,Dairy,32.00,42.00
2026-03-01,Ligo Sardines 155g,3,Canned Goods,18.00,25.00
2026-03-01,Sunsilk Shampoo Sachet,2,Body Care,5.00,8.00
2026-03-01,Biogesic 500mg Tablet,0,Medicine,4.00,7.00
2026-03-01,AA Batteries (pair),1,Household,35.00,55.00
2026-03-01,Sewing Needle Pack,0,Household,12.00,25.00
2026-03-02,Cooking Oil 1L,26,Pantry,60.00,75.00
2026-03-02,Bear Brand Powdered Milk 320g,6,Dairy,70.00,90.00
2026-03-02,Alaska Evap Milk 370ml,6,Dairy,32.00,42.00
2026-03-02,Ligo Sardines 155g,1,Canned Goods,18.00,25.00
2026-03-02,Sunsilk Shampoo Sachet,0,Body Care,5.00,8.00
2026-03-02,Biogesic 500mg Tablet,2,Medicine,4.00,7.00
2026-03-02,AA Batteries (pair),0,Household,35.00,55.00
2026-03-02,Sewing Needle Pack,0,Household,12.00,25.00
2026-03-03,Cooking Oil 1L,19,Pantry,60.00,75.00
2026-03-03,Bear Brand Powdered Milk 320g,10,Dairy,70.00,90.00
2026-03-03,Alaska Evap Milk 370ml,3,Dairy,32.00,42.00
2026-03-03,Ligo Sardines 155g,2,Canned Goods,18.00,25.00
2026-03-03,Sunsilk Shampoo Sachet,0,Body Care,5.00,8.00
2026-03-03,Biogesic 500mg Tablet,0,Medicine,4.00,7.00
2026-03-03,AA Batteries (pair),0,Household,35.00,55.00
2026-03-03,Sewing Needle Pack,0,Household,12.00,25.00
2026-03-04,Cooking Oil 1L,25,Pantry,60.00,75.00
2026-03-04,Bear Brand Powdered Milk 320g,6,Dairy,70.00,90.00
2026-03-04,Alaska Evap Milk 370ml,2,Dairy,32.00,42.00
2026-03-04,Ligo Sardines 155g,1,Canned Goods,18.00,25.00
2026-03-04,Sunsilk Shampoo Sachet,1,Body Care,5.00,8.00
2026-03-04,Biogesic 500mg Tablet,0,Medicine,4.00,7.00
2026-03-04,AA Batteries (pair),1,Household,35.00,55.00
2026-03-04,Sewing Needle Pack,0,Household,12.00,25.00
2026-03-05,Cooking Oil 1L,35,Pantry,60.00,75.00
2026-03-05,Bear Brand Powdered Milk 320g,6,Dairy,70.00,90.00
2026-03-05,Alaska Evap Milk 370ml,3,Dairy,32.00,42.00
2026-03-05,Ligo Sardines 155g,2,Canned Goods,18.00,25.00
2026-03-05,Sunsilk Shampoo Sachet,0,Body Care,5.00,8.00
2026-03-05,Biogesic 500mg Tablet,0,Medicine,4.00,7.00
2026-03-05,AA Batteries (pair),0,Household,35.00,55.00
2026-03-05,Sewing Needle Pack,0,Household,12.00,25.00
2026-03-06,Cooking Oil 1L,31,Pantry,60.00,75.00
2026-03-06,Bear Brand Powdered Milk 320g,23,Dairy,70.00,90.00
2026-03-06,Alaska Evap Milk 370ml,5,Dairy,32.00,42.00
2026-03-06,Ligo Sardines 155g,2,Canned Goods,18.00,25.00
2026-03-06,Sunsilk Shampoo Sachet,2,Body Care,5.00,8.00
2026-03-06,Biogesic 500mg Tablet,0,Medicine,4.00,7.00
2026-03-06,AA Batteries (pair),0,Household,35.00,55.00
2026-03-06,Sewing Needle Pack,0,Household,12.00,25.00
2026-03-07,Cooking Oil 1L,31,Pantry,60.00,75.00
2026-03-07,Bear Brand Powdered Milk 320g,8,Dairy,70.00,90.00
2026-03-07,Alaska Evap Milk 370ml,0,Dairy,32.00,42.00
2026-03-07,Ligo Sardines 155g,4,Canned Goods,18.00,25.00
2026-03-07,Sunsilk Shampoo Sachet,0,Body Care,5.00,8.00
2026-03-07,Biogesic 500mg Tablet,0,Medicine,4.00,7.00
2026-03-07,AA Batteries (pair),0,Household,35.00,55.00
2026-03-07,Sewing Needle Pack,0,Household,12.00,25.00
2026-03-08,Cooking Oil 1L,39,Pantry,60.00,75.00
2026-03-08,Bear Brand Powdered Milk 320g,10,Dairy,70.00,90.00
2026-03-08,Alaska Evap Milk 370ml,3,Dairy,32.00,42.00
2026-03-08,Ligo Sardines 155g,1,Canned Goods,18.00,25.00
2026-03-08,Sunsilk Shampoo Sachet,0,Body Care,5.00,8.00
2026-03-08,Biogesic 500mg Tablet,1,Medicine,4.00,7.00
2026-03-08,AA Batteries (pair),0,Household,35.00,55.00
2026-03-08,Sewing Needle Pack,0,Household,12.00,25.00
2026-03-09,Cooking Oil 1L,23,Pantry,60.00,75.00
2026-03-09,Bear Brand Powdered Milk 320g,13,Dairy,70.00,90.00
2026-03-09,Alaska Evap Milk 370ml,5,Dairy,32.00,42.00
2026-03-09,Ligo Sardines 155g,4,Canned Goods,18.00,25.00
2026-03-09,Sunsilk Shampoo Sachet,2,Body Care,5.00,8.00
2026-03-09,Biogesic 500mg Tablet,0,Medicine,4.00,7.00
2026-03-09,AA Batteries (pair),0,Household,35.00,55.00
2026-03-09,Sewing Needle Pack,0,Household,12.00,25.00
2026-03-10,Cooking Oil 1L,29,Pantry,60.00,75.00
2026-03-10,Bear Brand Powdered Milk 320g,10,Dairy,70.00,90.00
2026-03-10,Alaska Evap Milk 370ml,2,Dairy,32.00,42.00
2026-03-10,Ligo Sardines 155g,1,Canned Goods,18.00,25.00
2026-03-10,Sunsilk Shampoo Sachet,1,Body Care,5.00,8.00
2026-03-10,Biogesic 500mg Tablet,1,Medicine,4.00,7.00
2026-03-10,AA Batteries (pair),0,Household,35.00,55.00
2026-03-10,Sewing Needle Pack,1,Household,12.00,25.00
2026-03-11,Cooking Oil 1L,15,Pantry,60.00,75.00
2026-03-11,Bear Brand Powdered Milk 320g,15,Dairy,70.00,90.00
2026-03-11,Alaska Evap Milk 370ml,4,Dairy,32.00,42.00
2026-03-11,Ligo Sardines 155g,1,Canned Goods,18.00,25.00
2026-03-11,Sunsilk Shampoo Sachet,1,Body Care,5.00,8.00
2026-03-11,Biogesic 500mg Tablet,0,Medicine,4.00,7.00
2026-03-11,AA Batteries (pair),0,Household,35.00,55.00
2026-03-11,Sewing Needle Pack,0,Household,12.00,25.00
2026-03-12,Cooking Oil 1L,32,Pantry,60.00,75.00
2026-03-12,Bear Brand Powdered Milk 320g,12,Dairy,70.00,90.00
2026-03-12,Alaska Evap Milk 370ml,0,Dairy,32.00,42.00
2026-03-12,Ligo Sardines 155g,1,Canned Goods,18.00,25.00
2026-03-12,Sunsilk Shampoo Sachet,0,Body Care,5.00,8.00
2026-03-12,Biogesic 500mg Tablet,0,Medicine,4.00,7.00
2026-03-12,AA Batteries (pair),0,Household,35.00,55.00
2026-03-12,Sewing Needle Pack,0,Household,12.00,25.00
2026-03-13,Cooking Oil 1L,34,Pantry,60.00,75.00
2026-03-13,Bear Brand Powdered Milk 320g,13,Dairy,70.00,90.00
2026-03-13,Alaska Evap Milk 370ml,2,Dairy,32.00,42.00
2026-03-13,Ligo Sardines 155g,2,Canned Goods,18.00,25.00
2026-03-13,Sunsilk Shampoo Sachet,1,Body Care,5.00,8.00
2026-03-13,Biogesic 500mg Tablet,0,Medicine,4.00,7.00
2026-03-13,AA Batteries (pair),0,Household,35.00,55.00
2026-03-13,Sewing Needle Pack,0,Household,12.00,25.00
2026-03-14,Cooking Oil 1L,42,Pantry,60.00,75.00
2026-03-14,Bear Brand Powdered Milk 320g,11,Dairy,70.00,90.00
2026-03-14,Alaska Evap Milk 370ml,2,Dairy,32.00,42.00
2026-03-14,Ligo Sardines 155g,2,Canned Goods,18.00,25.00
2026-03-14,Sunsilk Shampoo Sachet,0,Body Care,5.00,8.00
2026-03-14,Biogesic 500mg Tablet,2,Medicine,4.00,7.00
2026-03-14,AA Batteries (pair),0,Household,35.00,55.00
2026-03-14,Sewing Needle Pack,0,Household,12.00,25.00
2026-03-15,Cooking Oil 1L,31,Pantry,60.00,75.00
2026-03-15,Bear Brand Powdered Milk 320g,14,Dairy,70.00,90.00
2026-03-15,Alaska Evap Milk 370ml,3,Dairy,32.00,42.00
2026-03-15,Ligo Sardines 155g,3,Canned Goods,18.00,25.00
2026-03-15,Sunsilk Shampoo Sachet,2,Body Care,5.00,8.00
2026-03-15,Biogesic 500mg Tablet,0,Medicine,4.00,7.00
2026-03-15,AA Batteries (pair),0,Household,35.00,55.00
2026-03-15,Sewing Needle Pack,0,Household,12.00,25.00
2026-03-16,Cooking Oil 1L,39,Pantry,60.00,75.00
2026-03-16,Bear Brand Powdered Milk 320g,9,Dairy,70.00,90.00
2026-03-16,Alaska Evap Milk 370ml,2,Dairy,32.00,42.00
2026-03-16,Ligo Sardines 155g,1,Canned Goods,18.00,25.00
2026-03-16,Sunsilk Shampoo Sachet,3,Body Care,5.00,8.00
2026-03-16,Biogesic 500mg Tablet,0,Medicine,4.00,7.00
2026-03-16,AA Batteries (pair),0,Household,35.00,55.00
2026-03-16,Sewing Needle Pack,0,Household,12.00,25.00
2026-03-17,Cooking Oil 1L,26,Pantry,60.00,75.00
2026-03-17,Bear Brand Powdered Milk 320g,20,Dairy,70.00,90.00
2026-03-17,Alaska Evap Milk 370ml,2,Dairy,32.00,42.00
2026-03-17,Ligo Sardines 155g,2,Canned Goods,18.00,25.00
2026-03-17,Sunsilk Shampoo Sachet,0,Body Care,5.00,8.00
2026-03-17,Biogesic 500mg Tablet,2,Medicine,4.00,7.00
2026-03-17,AA Batteries (pair),0,Household,35.00,55.00
2026-03-17,Sewing Needle Pack,0,Household,12.00,25.00
2026-03-18,Cooking Oil 1L,28,Pantry,60.00,75.00
2026-03-18,Bear Brand Powdered Milk 320g,10,Dairy,70.00,90.00
2026-03-18,Alaska Evap Milk 370ml,9,Dairy,32.00,42.00
2026-03-18,Ligo Sardines 155g,3,Canned Goods,18.00,25.00
2026-03-18,Sunsilk Shampoo Sachet,1,Body Care,5.00,8.00
2026-03-18,Biogesic 500mg Tablet,0,Medicine,4.00,7.00
2026-03-18,AA Batteries (pair),0,Household,35.00,55.00
2026-03-18,Sewing Needle Pack,0,Household,12.00,25.00
2026-03-19,Cooking Oil 1L,31,Pantry,60.00,75.00
2026-03-19,Bear Brand Powdered Milk 320g,5,Dairy,70.00,90.00
2026-03-19,Alaska Evap Milk 370ml,1,Dairy,32.00,42.00
2026-03-19,Ligo Sardines 155g,1,Canned Goods,18.00,25.00
2026-03-19,Sunsilk Shampoo Sachet,0,Body Care,5.00,8.00
2026-03-19,Biogesic 500mg Tablet,0,Medicine,4.00,7.00
2026-03-19,AA Batteries (pair),0,Household,35.00,55.00
2026-03-19,Sewing Needle Pack,0,Household,12.00,25.00
2026-03-20,Cooking Oil 1L,36,Pantry,60.00,75.00
2026-03-20,Bear Brand Powdered Milk 320g,15,Dairy,70.00,90.00
2026-03-20,Alaska Evap Milk 370ml,7,Dairy,32.00,42.00
2026-03-20,Ligo Sardines 155g,2,Canned Goods,18.00,25.00
2026-03-20,Sunsilk Shampoo Sachet,0,Body Care,5.00,8.00
2026-03-20,Biogesic 500mg Tablet,1,Medicine,4.00,7.00
2026-03-20,AA Batteries (pair),0,Household,35.00,55.00
2026-03-20,Sewing Needle Pack,0,Household,12.00,25.00
2026-03-21,Cooking Oil 1L,37,Pantry,60.00,75.00
2026-03-21,Bear Brand Powdered Milk 320g,18,Dairy,70.00,90.00
2026-03-21,Alaska Evap Milk 370ml,9,Dairy,32.00,42.00
2026-03-21,Ligo Sardines 155g,5,Canned Goods,18.00,25.00
2026-03-21,Sunsilk Shampoo Sachet,2,Body Care,5.00,8.00
2026-03-21,Biogesic 500mg Tablet,1,Medicine,4.00,7.00
2026-03-21,AA Batteries (pair),1,Household,35.00,55.00
2026-03-21,Sewing Needle Pack,0,Household,12.00,25.00
2026-03-22,Cooking Oil 1L,41,Pantry,60.00,75.00
2026-03-22,Bear Brand Powdered Milk 320g,19,Dairy,70.00,90.00
2026-03-22,Alaska Evap Milk 370ml,5,Dairy,32.00,42.00
2026-03-22,Ligo Sardines 155g,0,Canned Goods,18.00,25.00
2026-03-22,Sunsilk Shampoo Sachet,1,Body Care,5.00,8.00
2026-03-22,Biogesic 500mg Tablet,1,Medicine,4.00,7.00
2026-03-22,AA Batteries (pair),0,Household,35.00,55.00
2026-03-22,Sewing Needle Pack,0,Household,12.00,25.00
2026-03-23,Cooking Oil 1L,48,Pantry,60.00,75.00
2026-03-23,Bear Brand Powdered Milk 320g,12,Dairy,70.00,90.00
2026-03-23,Alaska Evap Milk 370ml,4,Dairy,32.00,42.00
2026-03-23,Ligo Sardines 155g,2,Canned Goods,18.00,25.00
2026-03-23,Sunsilk Shampoo Sachet,0,Body Care,5.00,8.00
2026-03-23,Biogesic 500mg Tablet,1,Medicine,4.00,7.00
2026-03-23,AA Batteries (pair),0,Household,35.00,55.00
2026-03-23,Sewing Needle Pack,0,Household,12.00,25.00
2026-03-24,Cooking Oil 1L,32,Pantry,60.00,75.00
2026-03-24,Bear Brand Powdered Milk 320g,18,Dairy,70.00,90.00
2026-03-24,Alaska Evap Milk 370ml,3,Dairy,32.00,42.00
2026-03-24,Ligo Sardines 155g,0,Canned Goods,18.00,25.00
2026-03-24,Sunsilk Shampoo Sachet,0,Body Care,5.00,8.00
2026-03-24,Biogesic 500mg Tablet,0,Medicine,4.00,7.00
2026-03-24,AA Batteries (pair),1,Household,35.00,55.00
2026-03-24,Sewing Needle Pack,0,Household,12.00,25.00
2026-03-25,Cooking Oil 1L,38,Pantry,60.00,75.00
2026-03-25,Bear Brand Powdered Milk 320g,10,Dairy,70.00,90.00
2026-03-25,Alaska Evap Milk 370ml,2,Dairy,32.00,42.00
2026-03-25,Ligo Sardines 155g,1,Canned Goods,18.00,25.00
2026-03-25,Sunsilk Shampoo Sachet,1,Body Care,5.00,8.00
2026-03-25,Biogesic 500mg Tablet,1,Medicine,4.00,7.00
2026-03-25,AA Batteries (pair),1,Household,35.00,55.00
2026-03-25,Sewing Needle Pack,1,Household,12.00,25.00
2026-03-26,Cooking Oil 1L,31,Pantry,60.00,75.00
2026-03-26,Bear Brand Powdered Milk 320g,10,Dairy,70.00,90.00
2026-03-26,Alaska Evap Milk 370ml,1,Dairy,32.00,42.00
2026-03-26,Ligo Sardines 155g,1,Canned Goods,18.00,25.00
2026-03-26,Sunsilk Shampoo Sachet,1,Body Care,5.00,8.00
2026-03-26,Biogesic 500mg Tablet,1,Medicine,4.00,7.00
2026-03-26,AA Batteries (pair),0,Household,35.00,55.00
2026-03-26,Sewing Needle Pack,0,Household,12.00,25.00
2026-03-27,Cooking Oil 1L,38,Pantry,60.00,75.00
2026-03-27,Bear Brand Powdered Milk 320g,15,Dairy,70.00,90.00
2026-03-27,Alaska Evap Milk 370ml,5,Dairy,32.00,42.00
2026-03-27,Ligo Sardines 155g,2,Canned Goods,18.00,25.00
2026-03-27,Sunsilk Shampoo Sachet,1,Body Care,5.00,8.00
2026-03-27,Biogesic 500mg Tablet,1,Medicine,4.00,7.00
2026-03-27,AA Batteries (pair),1,Household,35.00,55.00
2026-03-27,Sewing Needle Pack,0,Household,12.00,25.00
2026-03-28,Cooking Oil 1L,26,Pantry,60.00,75.00
2026-03-28,Bear Brand Powdered Milk 320g,15,Dairy,70.00,90.00
2026-03-28,Alaska Evap Milk 370ml,4,Dairy,32.00,42.00
2026-03-28,Ligo Sardines 155g,4,Canned Goods,18.00,25.00
2026-03-28,Sunsilk Shampoo Sachet,0,Body Care,5.00,8.00
2026-03-28,Biogesic 500mg Tablet,0,Medicine,4.00,7.00
2026-03-28,AA Batteries (pair),0,Household,35.00,55.00
2026-03-28,Sewing Needle Pack,0,Household,12.00,25.00
2026-03-29,Cooking Oil 1L,59,Pantry,60.00,75.00
2026-03-29,Bear Brand Powdered Milk 320g,20,Dairy,70.00,90.00
2026-03-29,Alaska Evap Milk 370ml,7,Dairy,32.00,42.00
2026-03-29,Ligo Sardines 155g,8,Canned Goods,18.00,25.00
2026-03-29,Sunsilk Shampoo Sachet,3,Body Care,5.00,8.00
2026-03-29,Biogesic 500mg Tablet,0,Medicine,4.00,7.00
2026-03-29,AA Batteries (pair),0,Household,35.00,55.00
2026-03-29,Sewing Needle Pack,0,Household,12.00,25.00
2026-03-30,Cooking Oil 1L,56,Pantry,60.00,75.00
2026-03-30,Bear Brand Powdered Milk 320g,11,Dairy,70.00,90.00
2026-03-30,Alaska Evap Milk 370ml,2,Dairy,32.00,42.00
2026-03-30,Ligo Sardines 155g,4,Canned Goods,18.00,25.00
2026-03-30,Sunsilk Shampoo Sachet,1,Body Care,5.00,8.00
2026-03-30,Biogesic 500mg Tablet,1,Medicine,4.00,7.00
2026-03-30,AA Batteries (pair),0,Household,35.00,55.00
2026-03-30,Sewing Needle Pack,0,Household,12.00,25.00
2026-03-31,Cooking Oil 1L,37,Pantry,60.00,75.00
2026-03-31,Bear Brand Powdered Milk 320g,18,Dairy,70.00,90.00
2026-03-31,Alaska Evap Milk 370ml,4,Dairy,32.00,42.00
2026-03-31,Ligo Sardines 155g,3,Canned Goods,18.00,25.00
2026-03-31,Sunsilk Shampoo Sachet,3,Body Care,5.00,8.00
2026-03-31,Biogesic 500mg Tablet,1,Medicine,4.00,7.00
2026-03-31,AA Batteries (pair),0,Household,35.00,55.00
2026-03-31,Sewing Needle Pack,0,Household,12.00,25.00
2026-04-01,Cooking Oil 1L,37,Pantry,60.00,75.00
2026-04-01,Bear Brand Powdered Milk 320g,14,Dairy,70.00,90.00
2026-04-01,Alaska Evap Milk 370ml,7,Dairy,32.00,42.00
2026-04-01,Ligo Sardines 155g,0,Canned Goods,18.00,25.00
2026-04-01,Sunsilk Shampoo Sachet,0,Body Care,5.00,8.00
2026-04-01,Biogesic 500mg Tablet,0,Medicine,4.00,7.00
2026-04-01,AA Batteries (pair),1,Household,35.00,55.00
2026-04-01,Sewing Needle Pack,0,Household,12.00,25.00
2026-04-02,Cooking Oil 1L,36,Pantry,60.00,75.00
2026-04-02,Bear Brand Powdered Milk 320g,16,Dairy,70.00,90.00
2026-04-02,Alaska Evap Milk 370ml,7,Dairy,32.00,42.00
2026-04-02,Ligo Sardines 155g,0,Canned Goods,18.00,25.00
2026-04-02,Sunsilk Shampoo Sachet,3,Body Care,5.00,8.00
2026-04-02,Biogesic 500mg Tablet,1,Medicine,4.00,7.00
2026-04-02,AA Batteries (pair),1,Household,35.00,55.00
2026-04-02,Sewing Needle Pack,0,Household,12.00,25.00
2026-04-03,Cooking Oil 1L,54,Pantry,60.00,75.00
2026-04-03,Bear Brand Powdered Milk 320g,18,Dairy,70.00,90.00
2026-04-03,Alaska Evap Milk 370ml,4,Dairy,32.00,42.00
2026-04-03,Ligo Sardines 155g,2,Canned Goods,18.00,25.00
2026-04-03,Sunsilk Shampoo Sachet,1,Body Care,5.00,8.00
2026-04-03,Biogesic 500mg Tablet,2,Medicine,4.00,7.00
2026-04-03,AA Batteries (pair),0,Household,35.00,55.00
2026-04-03,Sewing Needle Pack,1,Household,12.00,25.00
2026-04-04,Cooking Oil 1L,31,Pantry,60.00,75.00
2026-04-04,Bear Brand Powdered Milk 320g,18,Dairy,70.00,90.00
2026-04-04,Alaska Evap Milk 370ml,6,Dairy,32.00,42.00
2026-04-04,Ligo Sardines 155g,4,Canned Goods,18.00,25.00
2026-04-04,Sunsilk Shampoo Sachet,1,Body Care,5.00,8.00
2026-04-04,Biogesic 500mg Tablet,0,Medicine,4.00,7.00
2026-04-04,AA Batteries (pair),0,Household,35.00,55.00
2026-04-04,Sewing Needle Pack,0,Household,12.00,25.00
2026-04-05,Cooking Oil 1L,35,Pantry,60.00,75.00
2026-04-05,Bear Brand Powdered Milk 320g,17,Dairy,70.00,90.00
2026-04-05,Alaska Evap Milk 370ml,5,Dairy,32.00,42.00
2026-04-05,Ligo Sardines 155g,0,Canned Goods,18.00,25.00
2026-04-05,Sunsilk Shampoo Sachet,0,Body Care,5.00,8.00
2026-04-05,Biogesic 500mg Tablet,0,Medicine,4.00,7.00
2026-04-05,AA Batteries (pair),0,Household,35.00,55.00
2026-04-05,Sewing Needle Pack,0,Household,12.00,25.00
2026-04-06,Cooking Oil 1L,28,Pantry,60.00,75.00
2026-04-06,Bear Brand Powdered Milk 320g,8,Dairy,70.00,90.00
2026-04-06,Alaska Evap Milk 370ml,6,Dairy,32.00,42.00
2026-04-06,Ligo Sardines 155g,2,Canned Goods,18.00,25.00
2026-04-06,Sunsilk Shampoo Sachet,0,Body Care,5.00,8.00
2026-04-06,Biogesic 500mg Tablet,0,Medicine,4.00,7.00
2026-04-06,AA Batteries (pair),0,Household,35.00,55.00
2026-04-06,Sewing Needle Pack,0,Household,12.00,25.00
2026-04-07,Cooking Oil 1L,32,Pantry,60.00,75.00
2026-04-07,Bear Brand Powdered Milk 320g,10,Dairy,70.00,90.00
2026-04-07,Alaska Evap Milk 370ml,4,Dairy,32.00,42.00
2026-04-07,Ligo Sardines 155g,1,Canned Goods,18.00,25.00
2026-04-07,Sunsilk Shampoo Sachet,0,Body Care,5.00,8.00
2026-04-07,Biogesic 500mg Tablet,0,Medicine,4.00,7.00
2026-04-07,AA Batteries (pair),0,Household,35.00,55.00
2026-04-07,Sewing Needle Pack,0,Household,12.00,25.00
2026-04-08,Cooking Oil 1L,29,Pantry,60.00,75.00
2026-04-08,Bear Brand Powdered Milk 320g,11,Dairy,70.00,90.00
2026-04-08,Alaska Evap Milk 370ml,6,Dairy,32.00,42.00
2026-04-08,Ligo Sardines 155g,1,Canned Goods,18.00,25.00
2026-04-08,Sunsilk Shampoo Sachet,1,Body Care,5.00,8.00
2026-04-08,Biogesic 500mg Tablet,0,Medicine,4.00,7.00
2026-04-08,AA Batteries (pair),0,Household,35.00,55.00
2026-04-08,Sewing Needle Pack,0,Household,12.00,25.00
2026-04-09,Cooking Oil 1L,22,Pantry,60.00,75.00
2026-04-09,Bear Brand Powdered Milk 320g,14,Dairy,70.00,90.00
2026-04-09,Alaska Evap Milk 370ml,4,Dairy,32.00,42.00
2026-04-09,Ligo Sardines 155g,4,Canned Goods,18.00,25.00
2026-04-09,Sunsilk Shampoo Sachet,3,Body Care,5.00,8.00
2026-04-09,Biogesic 500mg Tablet,1,Medicine,4.00,7.00
2026-04-09,AA Batteries (pair),0,Household,35.00,55.00
2026-04-09,Sewing Needle Pack,0,Household,12.00,25.00
2026-04-10,Cooking Oil 1L,20,Pantry,60.00,75.00
2026-04-10,Bear Brand Powdered Milk 320g,12,Dairy,70.00,90.00
2026-04-10,Alaska Evap Milk 370ml,4,Dairy,32.00,42.00
2026-04-10,Ligo Sardines 155g,4,Canned Goods,18.00,25.00
2026-04-10,Sunsilk Shampoo Sachet,0,Body Care,5.00,8.00
2026-04-10,Biogesic 500mg Tablet,1,Medicine,4.00,7.00
2026-04-10,AA Batteries (pair),0,Household,35.00,55.00
2026-04-10,Sewing Needle Pack,0,Household,12.00,25.00
2026-04-11,Cooking Oil 1L,36,Pantry,60.00,75.00
2026-04-11,Bear Brand Powdered Milk 320g,8,Dairy,70.00,90.00
2026-04-11,Alaska Evap Milk 370ml,7,Dairy,32.00,42.00
2026-04-11,Ligo Sardines 155g,3,Canned Goods,18.00,25.00
2026-04-11,Sunsilk Shampoo Sachet,1,Body Care,5.00,8.00
2026-04-11,Biogesic 500mg Tablet,0,Medicine,4.00,7.00
2026-04-11,AA Batteries (pair),0,Household,35.00,55.00
2026-04-11,Sewing Needle Pack,0,Household,12.00,25.00
2026-04-12,Cooking Oil 1L,38,Pantry,60.00,75.00
2026-04-12,Bear Brand Powdered Milk 320g,17,Dairy,70.00,90.00
2026-04-12,Alaska Evap Milk 370ml,3,Dairy,32.00,42.00
2026-04-12,Ligo Sardines 155g,2,Canned Goods,18.00,25.00
2026-04-12,Sunsilk Shampoo Sachet,0,Body Care,5.00,8.00
2026-04-12,Biogesic 500mg Tablet,0,Medicine,4.00,7.00
2026-04-12,AA Batteries (pair),0,Household,35.00,55.00
2026-04-12,Sewing Needle Pack,0,Household,12.00,25.00
2026-04-13,Cooking Oil 1L,12,Pantry,60.00,75.00
2026-04-13,Bear Brand Powdered Milk 320g,11,Dairy,70.00,90.00
2026-04-13,Alaska Evap Milk 370ml,7,Dairy,32.00,42.00
2026-04-13,Ligo Sardines 155g,3,Canned Goods,18.00,25.00
2026-04-13,Sunsilk Shampoo Sachet,0,Body Care,5.00,8.00
2026-04-13,Biogesic 500mg Tablet,0,Medicine,4.00,7.00
2026-04-13,AA Batteries (pair),0,Household,35.00,55.00
2026-04-13,Sewing Needle Pack,0,Household,12.00,25.00
2026-04-14,Cooking Oil 1L,26,Pantry,60.00,75.00
2026-04-14,Bear Brand Powdered Milk 320g,14,Dairy,70.00,90.00
2026-04-14,Alaska Evap Milk 370ml,4,Dairy,32.00,42.00
2026-04-14,Ligo Sardines 155g,3,Canned Goods,18.00,25.00
2026-04-14,Sunsilk Shampoo Sachet,0,Body Care,5.00,8.00
2026-04-14,Biogesic 500mg Tablet,0,Medicine,4.00,7.00
2026-04-14,AA Batteries (pair),0,Household,35.00,55.00
2026-04-14,Sewing Needle Pack,0,Household,12.00,25.00
2026-04-15,Cooking Oil 1L,36,Pantry,60.00,75.00
2026-04-15,Bear Brand Powdered Milk 320g,13,Dairy,70.00,90.00
2026-04-15,Alaska Evap Milk 370ml,4,Dairy,32.00,42.00
2026-04-15,Ligo Sardines 155g,2,Canned Goods,18.00,25.00
2026-04-15,Sunsilk Shampoo Sachet,0,Body Care,5.00,8.00
2026-04-15,Biogesic 500mg Tablet,2,Medicine,4.00,7.00
2026-04-15,AA Batteries (pair),0,Household,35.00,55.00
2026-04-15,Sewing Needle Pack,0,Household,12.00,25.00
2026-04-16,Cooking Oil 1L,46,Pantry,60.00,75.00
2026-04-16,Bear Brand Powdered Milk 320g,13,Dairy,70.00,90.00
2026-04-16,Alaska Evap Milk 370ml,3,Dairy,32.00,42.00
2026-04-16,Ligo Sardines 155g,3,Canned Goods,18.00,25.00
2026-04-16,Sunsilk Shampoo Sachet,0,Body Care,5.00,8.00
2026-04-16,Biogesic 500mg Tablet,1,Medicine,4.00,7.00
2026-04-16,AA Batteries (pair),0,Household,35.00,55.00
2026-04-16,Sewing Needle Pack,0,Household,12.00,25.00
2026-04-17,Cooking Oil 1L,54,Pantry,60.00,75.00
2026-04-17,Bear Brand Powdered Milk 320g,11,Dairy,70.00,90.00
2026-04-17,Alaska Evap Milk 370ml,4,Dairy,32.00,42.00
2026-04-17,Ligo Sardines 155g,2,Canned Goods,18.00,25.00
2026-04-17,Sunsilk Shampoo Sachet,1,Body Care,5.00,8.00
2026-04-17,Biogesic 500mg Tablet,0,Medicine,4.00,7.00
2026-04-17,AA Batteries (pair),2,Household,35.00,55.00
2026-04-17,Sewing Needle Pack,0,Household,12.00,25.00
2026-04-18,Cooking Oil 1L,33,Pantry,60.00,75.00
2026-04-18,Bear Brand Powdered Milk 320g,21,Dairy,70.00,90.00
2026-04-18,Alaska Evap Milk 370ml,5,Dairy,32.00,42.00
2026-04-18,Ligo Sardines 155g,0,Canned Goods,18.00,25.00
2026-04-18,Sunsilk Shampoo Sachet,1,Body Care,5.00,8.00
2026-04-18,Biogesic 500mg Tablet,0,Medicine,4.00,7.00
2026-04-18,AA Batteries (pair),0,Household,35.00,55.00
2026-04-18,Sewing Needle Pack,0,Household,12.00,25.00
2026-04-19,Cooking Oil 1L,38,Pantry,60.00,75.00
2026-04-19,Bear Brand Powdered Milk 320g,12,Dairy,70.00,90.00
2026-04-19,Alaska Evap Milk 370ml,8,Dairy,32.00,42.00
2026-04-19,Ligo Sardines 155g,3,Canned Goods,18.00,25.00
2026-04-19,Sunsilk Shampoo Sachet,0,Body Care,5.00,8.00
2026-04-19,Biogesic 500mg Tablet,0,Medicine,4.00,7.00
2026-04-19,AA Batteries (pair),0,Household,35.00,55.00
2026-04-19,Sewing Needle Pack,0,Household,12.00,25.00
2026-04-20,Cooking Oil 1L,37,Pantry,60.00,75.00
2026-04-20,Bear Brand Powdered Milk 320g,15,Dairy,70.00,90.00
2026-04-20,Alaska Evap Milk 370ml,1,Dairy,32.00,42.00
2026-04-20,Ligo Sardines 155g,3,Canned Goods,18.00,25.00
2026-04-20,Sunsilk Shampoo Sachet,1,Body Care,5.00,8.00
2026-04-20,Biogesic 500mg Tablet,1,Medicine,4.00,7.00
2026-04-20,AA Batteries (pair),0,Household,35.00,55.00
2026-04-20,Sewing Needle Pack,0,Household,12.00,25.00
2026-04-21,Cooking Oil 1L,8,Pantry,60.00,75.00
2026-04-21,Bear Brand Powdered Milk 320g,6,Dairy,70.00,90.00
2026-04-21,Alaska Evap Milk 370ml,1,Dairy,32.00,42.00
2026-04-21,Ligo Sardines 155g,2,Canned Goods,18.00,25.00
2026-04-21,Sunsilk Shampoo Sachet,0,Body Care,5.00,8.00
2026-04-21,Biogesic 500mg Tablet,2,Medicine,4.00,7.00
2026-04-21,AA Batteries (pair),0,Household,35.00,55.00
2026-04-21,Sewing Needle Pack,0,Household,12.00,25.00
2026-04-22,Cooking Oil 1L,20,Pantry,60.00,75.00
2026-04-22,Bear Brand Powdered Milk 320g,20,Dairy,70.00,90.00
2026-04-22,Alaska Evap Milk 370ml,2,Dairy,32.00,42.00
2026-04-22,Ligo Sardines 155g,1,Canned Goods,18.00,25.00
2026-04-22,Sunsilk Shampoo Sachet,0,Body Care,5.00,8.00
2026-04-22,Biogesic 500mg Tablet,1,Medicine,4.00,7.00
2026-04-22,AA Batteries (pair),0,Household,35.00,55.00
2026-04-22,Sewing Needle Pack,0,Household,12.00,25.00
2026-04-23,Cooking Oil 1L,22,Pantry,60.00,75.00
2026-04-23,Bear Brand Powdered Milk 320g,14,Dairy,70.00,90.00
2026-04-23,Alaska Evap Milk 370ml,11,Dairy,32.00,42.00
2026-04-23,Ligo Sardines 155g,2,Canned Goods,18.00,25.00
2026-04-23,Sunsilk Shampoo Sachet,1,Body Care,5.00,8.00
2026-04-23,Biogesic 500mg Tablet,0,Medicine,4.00,7.00
2026-04-23,AA Batteries (pair),0,Household,35.00,55.00
2026-04-23,Sewing Needle Pack,0,Household,12.00,25.00
2026-04-24,Cooking Oil 1L,39,Pantry,60.00,75.00
2026-04-24,Bear Brand Powdered Milk 320g,9,Dairy,70.00,90.00
2026-04-24,Alaska Evap Milk 370ml,5,Dairy,32.00,42.00
2026-04-24,Ligo Sardines 155g,4,Canned Goods,18.00,25.00
2026-04-24,Sunsilk Shampoo Sachet,1,Body Care,5.00,8.00
2026-04-24,Biogesic 500mg Tablet,0,Medicine,4.00,7.00
2026-04-24,AA Batteries (pair),0,Household,35.00,55.00
2026-04-24,Sewing Needle Pack,0,Household,12.00,25.00
2026-04-25,Cooking Oil 1L,47,Pantry,60.00,75.00
2026-04-25,Bear Brand Powdered Milk 320g,18,Dairy,70.00,90.00
2026-04-25,Alaska Evap Milk 370ml,4,Dairy,32.00,42.00
2026-04-25,Ligo Sardines 155g,6,Canned Goods,18.00,25.00
2026-04-25,Sunsilk Shampoo Sachet,5,Body Care,5.00,8.00
2026-04-25,Biogesic 500mg Tablet,0,Medicine,4.00,7.00
2026-04-25,AA Batteries (pair),0,Household,35.00,55.00
2026-04-25,Sewing Needle Pack,0,Household,12.00,25.00
2026-04-26,Cooking Oil 1L,31,Pantry,60.00,75.00
2026-04-26,Bear Brand Powdered Milk 320g,10,Dairy,70.00,90.00
2026-04-26,Alaska Evap Milk 370ml,5,Dairy,32.00,42.00
2026-04-26,Ligo Sardines 155g,1,Canned Goods,18.00,25.00
2026-04-26,Sunsilk Shampoo Sachet,2,Body Care,5.00,8.00
2026-04-26,Biogesic 500mg Tablet,0,Medicine,4.00,7.00
2026-04-26,AA Batteries (pair),0,Household,35.00,55.00
2026-04-26,Sewing Needle Pack,0,Household,12.00,25.00
2026-04-27,Cooking Oil 1L,12,Pantry,60.00,75.00
2026-04-27,Bear Brand Powdered Milk 320g,10,Dairy,70.00,90.00
2026-04-27,Alaska Evap Milk 370ml,8,Dairy,32.00,42.00
2026-04-27,Ligo Sardines 155g,0,Canned Goods,18.00,25.00
2026-04-27,Sunsilk Shampoo Sachet,0,Body Care,5.00,8.00
2026-04-27,Biogesic 500mg Tablet,2,Medicine,4.00,7.00
2026-04-27,AA Batteries (pair),0,Household,35.00,55.00
2026-04-27,Sewing Needle Pack,0,Household,12.00,25.00
2026-04-28,Cooking Oil 1L,53,Pantry,60.00,75.00
2026-04-28,Bear Brand Powdered Milk 320g,10,Dairy,70.00,90.00
2026-04-28,Alaska Evap Milk 370ml,5,Dairy,32.00,42.00
2026-04-28,Ligo Sardines 155g,1,Canned Goods,18.00,25.00
2026-04-28,Sunsilk Shampoo Sachet,0,Body Care,5.00,8.00
2026-04-28,Biogesic 500mg Tablet,0,Medicine,4.00,7.00
2026-04-28,AA Batteries (pair),0,Household,35.00,55.00
2026-04-28,Sewing Needle Pack,1,Household,12.00,25.00
2026-04-29,Cooking Oil 1L,30,Pantry,60.00,75.00
2026-04-29,Bear Brand Powdered Milk 320g,12,Dairy,70.00,90.00
2026-04-29,Alaska Evap Milk 370ml,3,Dairy,32.00,42.00
2026-04-29,Ligo Sardines 155g,0,Canned Goods,18.00,25.00
2026-04-29,Sunsilk Shampoo Sachet,2,Body Care,5.00,8.00
2026-04-29,Biogesic 500mg Tablet,0,Medicine,4.00,7.00
2026-04-29,AA Batteries (pair),0,Household,35.00,55.00
2026-04-29,Sewing Needle Pack,0,Household,12.00,25.00
2026-04-30,Cooking Oil 1L,38,Pantry,60.00,75.00
2026-04-30,Bear Brand Powdered Milk 320g,24,Dairy,70.00,90.00
2026-04-30,Alaska Evap Milk 370ml,5,Dairy,32.00,42.00
2026-04-30,Ligo Sardines 155g,1,Canned Goods,18.00,25.00
2026-04-30,Sunsilk Shampoo Sachet,1,Body Care,5.00,8.00
2026-04-30,Biogesic 500mg Tablet,1,Medicine,4.00,7.00
2026-04-30,AA Batteries (pair),1,Household,35.00,55.00
2026-04-30,Sewing Needle Pack,0,Household,12.00,25.00
